mobile_number,actual,risk_probability,predicted_inactive,risk_level
7001857234,0,0.9906454,1,Very High
7001885544,1,0.98826385,1,Very High
7002088616,0,0.98594475,1,Very High
7000500246,1,0.9835993,1,Very High
7001113977,1,0.9829963,1,Very High
7002248770,1,0.9829928,1,Very High
7002291152,1,0.9822578,1,Very High
7000189157,1,0.981351,1,Very High
7000398791,1,0.98111063,1,Very High
7000387630,1,0.98050493,1,Very High
7002106330,1,0.98049575,1,Very High
7000939613,1,0.9795659,1,Very High
7001482232,0,0.97953415,1,Very High
7000649178,0,0.9788857,1,Very High
7001085311,1,0.9785469,1,Very High
7001540920,0,0.9780818,1,Very High
7001474130,0,0.9780266,1,Very High
7000984779,1,0.97742426,1,Very High
7001132336,1,0.9773234,1,Very High
7002297820,1,0.9771901,1,Very High
7000060082,1,0.9770871,1,Very High
7000824665,0,0.9767398,1,Very High
7000970437,0,0.97653985,1,Very High
7000157096,0,0.9764312,1,Very High
7002196539,0,0.9760852,1,Very High
7000334904,1,0.9757884,1,Very High
7000313652,0,0.97577864,1,Very High
7002102905,1,0.9757758,1,Very High
7002013498,1,0.9756094,1,Very High
7000440714,1,0.97534174,1,Very High
7001359718,1,0.9752264,1,Very High
7000131601,1,0.97488004,1,Very High
7001489922,0,0.9746831,1,Very High
7001825063,1,0.9746192,1,Very High
7001766847,1,0.9744821,1,Very High
7000958853,1,0.9736121,1,Very High
7001262318,0,0.9735256,1,Very High
7001583725,1,0.9729709,1,Very High
7001864688,0,0.97293776,1,Very High
7001567494,1,0.9720283,1,Very High
7002244428,1,0.9718745,1,Very High
7000984546,0,0.9716951,1,Very High
7000609226,0,0.97094417,1,Very High
7002110392,1,0.9708039,1,Very High
7002303036,1,0.9704851,1,Very High
7000424458,0,0.97012514,1,Very High
7000136727,1,0.9697075,1,Very High
7001821338,0,0.969258,1,Very High
7002017648,1,0.9691989,1,Very High
7001127564,1,0.9688385,1,Very High
7002081536,0,0.9686725,1,Very High
7001312358,0,0.9684748,1,Very High
7002378364,1,0.9683424,1,Very High
7000499525,1,0.9682101,1,Very High
7000205179,0,0.9680472,1,Very High
7001753830,1,0.96783584,1,Very High
7001779156,0,0.9676835,1,Very High
7000367596,1,0.9676695,1,Very High
7002235780,1,0.9670787,1,Very High
7000443227,0,0.9670445,1,Very High
7000184055,1,0.9668686,1,Very High
7000494585,1,0.9667796,1,Very High
7000063048,1,0.9666858,1,Very High
7001416151,1,0.96638227,1,Very High
7001294393,1,0.96633005,1,Very High
7001241717,0,0.9663272,1,Very High
7000538543,1,0.9655856,1,Very High
7000760329,1,0.96553683,1,Very High
7000137158,1,0.96525437,1,Very High
7001069084,1,0.9652227,1,Very High
7000437155,0,0.9648192,1,Very High
7002200030,1,0.96462005,1,Very High
7000301605,1,0.96434015,1,Very High
7001625569,1,0.9642483,1,Very High
7001689009,1,0.96374744,1,Very High
7000357337,1,0.9637141,1,Very High
7002369018,1,0.9636634,1,Very High
7001679881,0,0.9635664,1,Very High
7000279761,1,0.9633575,1,Very High
7001124656,0,0.9633142,1,Very High
7000934585,1,0.9633075,1,Very High
7002236968,1,0.9632251,1,Very High
7000372769,1,0.96312666,1,Very High
7001164217,1,0.9626504,1,Very High
7000220478,0,0.9623932,1,Very High
7000644402,1,0.96203804,1,Very High
7001241429,0,0.9619455,1,Very High
7000543815,1,0.9615633,1,Very High
7001967906,0,0.96140647,1,Very High
7000943633,1,0.9613971,1,Very High
7000530534,1,0.96119297,1,Very High
7001357750,0,0.96116465,1,Very High
7000041228,1,0.9599809,1,Very High
7000959930,0,0.95980793,1,Very High
7002213597,1,0.9597752,1,Very High
7000473233,0,0.95976126,1,Very High
7000415631,1,0.9590511,1,Very High
7001664213,1,0.95898914,1,Very High
7000303315,0,0.9588815,1,Very High
7001134425,1,0.9584436,1,Very High
7000037422,0,0.95830905,1,Very High
7001445145,1,0.9578227,1,Very High
7000550103,1,0.95778656,1,Very High
7000879110,0,0.95771146,1,Very High
7000362672,0,0.95742923,1,Very High
7000689056,0,0.9574139,1,Very High
7000285556,1,0.9568991,1,Very High
7000519543,0,0.9564518,1,Very High
7002038767,1,0.95636964,1,Very High
7000437537,1,0.9563255,1,Very High
7000351454,0,0.95626944,1,Very High
7000524066,0,0.956201,1,Very High
7002264796,1,0.95597893,1,Very High
7000552550,0,0.9559543,1,Very High
7001912176,1,0.9557678,1,Very High
7001690132,0,0.95575225,1,Very High
7000008622,1,0.95568365,1,Very High
7000525128,1,0.9555954,1,Very High
7002234969,1,0.9555665,1,Very High
7000516099,0,0.9552337,1,Very High
7001878361,0,0.95514536,1,Very High
7001146363,0,0.9549568,1,Very High
7000158367,0,0.9547051,1,Very High
7001420686,1,0.95469075,1,Very High
7000025302,0,0.95467055,1,Very High
7001932838,1,0.9542911,1,Very High
7000050631,1,0.95409495,1,Very High
7000118413,0,0.9538232,1,Very High
7002132017,1,0.9536469,1,Very High
7001851755,1,0.9535387,1,Very High
7000010883,1,0.9535297,1,Very High
7002081198,1,0.9531137,1,Very High
7000411453,0,0.95284843,1,Very High
7002019371,0,0.95246893,1,Very High
7000734115,0,0.95243573,1,Very High
7001279606,0,0.95236444,1,Very High
7000274578,1,0.95234346,1,Very High
7001146425,1,0.95227075,1,Very High
7002007954,1,0.952104,1,Very High
7002149378,1,0.95191133,1,Very High
7000196583,1,0.9516139,1,Very High
7001857344,1,0.9516084,1,Very High
7000552138,1,0.95160204,1,Very High
7000854388,0,0.9515853,1,Very High
7000174964,0,0.95138717,1,Very High
7000594701,1,0.95123863,1,Very High
7000206991,0,0.95096624,1,Very High
7000244996,1,0.9504567,1,Very High
7000641358,1,0.95032394,1,Very High
7001447343,0,0.9501959,1,Very High
7000417285,1,0.9499765,1,Very High
7001911183,1,0.94963366,1,Very High
7001627986,0,0.949406,1,Very High
7001538880,1,0.9493766,1,Very High
7002180370,1,0.9493566,1,Very High
7001196440,0,0.9490897,1,Very High
7000830781,1,0.9485143,1,Very High
7001195509,1,0.94821984,1,Very High
7002283607,0,0.9480839,1,Very High
7001193412,1,0.9480505,1,Very High
7001717922,1,0.94799405,1,Very High
7000450826,0,0.9479654,1,Very High
7001497839,1,0.94791543,1,Very High
7000439438,0,0.94782495,1,Very High
7000590665,1,0.9476584,1,Very High
7001663342,0,0.94763005,1,Very High
7001596233,0,0.9476125,1,Very High
7000284907,1,0.9474817,1,Very High
7000389157,1,0.94713926,1,Very High
7000501859,1,0.9470909,1,Very High
7000244651,1,0.9469899,1,Very High
7000395128,0,0.9463392,1,Very High
7000415705,0,0.9463349,1,Very High
7000019236,1,0.94600964,1,Very High
7001584539,0,0.94592065,1,Very High
7000480535,1,0.94580305,1,Very High
7001901774,1,0.94565856,1,Very High
7000438896,1,0.9454841,1,Very High
7000065798,0,0.9454656,1,Very High
7000589828,1,0.94537795,1,Very High
7001755089,0,0.94536996,1,Very High
7002227570,1,0.94519025,1,Very High
7000054691,0,0.9450674,1,Very High
7000446360,1,0.9449722,1,Very High
7000465592,1,0.944869,1,Very High
7000518762,1,0.94474083,1,Very High
7000435866,1,0.94460106,1,Very High
7000216109,0,0.9444946,1,Very High
7000523575,1,0.94431597,1,Very High
7002383338,1,0.94407046,1,Very High
7000931828,0,0.9439325,1,Very High
7000423929,1,0.9435097,1,Very High
7000197994,0,0.9432873,1,Very High
7000064506,0,0.943178,1,Very High
7001263081,1,0.94317067,1,Very High
7000865396,0,0.943132,1,Very High
7001271338,1,0.94287467,1,Very High
7002231318,1,0.942827,1,Very High
7000817672,1,0.942804,1,Very High
7001781239,1,0.94269115,1,Very High
7001644799,1,0.9425751,1,Very High
7002046856,1,0.94248736,1,Very High
7001941878,1,0.94217914,1,Very High
7000028157,1,0.9421532,1,Very High
7002100891,0,0.94193125,1,Very High
7001579012,0,0.94190174,1,Very High
7000460687,1,0.94182634,1,Very High
7000843681,0,0.9416793,1,Very High
7000669104,1,0.9415879,1,Very High
7000758091,0,0.9415351,1,Very High
7000393793,0,0.9413048,1,Very High
7001810973,1,0.9409553,1,Very High
7002196872,0,0.9406314,1,Very High
7000498133,0,0.9404643,1,Very High
7001858182,1,0.94031066,1,Very High
7000679405,0,0.9400785,1,Very High
7001465911,0,0.93997365,1,Very High
7001942902,0,0.9398099,1,Very High
7000770116,0,0.9394764,1,Very High
7000496034,0,0.9392365,1,Very High
7000754239,1,0.9390913,1,Very High
7000085779,1,0.9387625,1,Very High
7000803661,0,0.9387345,1,Very High
7001472392,1,0.9384088,1,Very High
7000379376,0,0.9383981,1,Very High
7001554218,1,0.9383649,1,Very High
7002176079,1,0.9380429,1,Very High
7002302366,1,0.93797773,1,Very High
7000431296,1,0.9379712,1,Very High
7001344331,0,0.93684316,1,Very High
7000062438,1,0.9365619,1,Very High
7001156491,0,0.93641394,1,Very High
7000088897,1,0.9363354,1,Very High
7001632559,1,0.9358736,1,Very High
7001627232,1,0.9357733,1,Very High
7001321961,0,0.93567365,1,Very High
7000079296,1,0.9354846,1,Very High
7001169937,1,0.93522894,1,Very High
7002400089,0,0.9350839,1,Very High
7000678028,1,0.9350128,1,Very High
7000493046,0,0.9348561,1,Very High
7001099773,0,0.9345037,1,Very High
7000240541,0,0.9344572,1,Very High
7001102128,0,0.9344165,1,Very High
7000457182,0,0.9341359,1,Very High
7001017236,1,0.93407893,1,Very High
7000007468,0,0.9338905,1,Very High
7001862794,1,0.9338594,1,Very High
7001835650,0,0.9335793,1,Very High
7000250799,0,0.93339694,1,Very High
7000210442,0,0.9331784,1,Very High
7000199296,1,0.9329983,1,Very High
7002349728,0,0.9329681,1,Very High
7001562041,1,0.93295085,1,Very High
7001639810,0,0.9329195,1,Very High
7001946689,0,0.9328529,1,Very High
7001182057,0,0.9328019,1,Very High
7000388245,0,0.9324077,1,Very High
7000281220,0,0.9323559,1,Very High
7001654283,0,0.93231905,1,Very High
7001978578,1,0.932297,1,Very High
7001402441,0,0.9321093,1,Very High
7000062612,0,0.9318441,1,Very High
7000083506,1,0.9314379,1,Very High
7000529820,1,0.93134254,1,Very High
7000059780,1,0.93101305,1,Very High
7000083146,0,0.93085414,1,Very High
7000291967,1,0.93034613,1,Very High
7001071671,0,0.9302323,1,Very High
7002394094,0,0.93013537,1,Very High
7000357460,0,0.9299219,1,Very High
7000387268,0,0.9298838,1,Very High
7000951604,0,0.9298711,1,Very High
7000210330,0,0.9297267,1,Very High
7000386627,1,0.9297223,1,Very High
7001589567,1,0.9297051,1,Very High
7000581714,1,0.9296857,1,Very High
7000178747,0,0.9295996,1,Very High
7001775362,1,0.92955303,1,Very High
7002010337,0,0.9295057,1,Very High
7000793264,1,0.92910904,1,Very High
7000176420,0,0.9290319,1,Very High
7001992080,1,0.9287557,1,Very High
7001274898,1,0.92873466,1,Very High
7001230997,0,0.9283871,1,Very High
7000105163,0,0.9282215,1,Very High
7000430667,0,0.92817235,1,Very High
7001184073,1,0.92789614,1,Very High
7001133378,0,0.9275178,1,Very High
7000863639,0,0.92702657,1,Very High
7000314488,0,0.92697066,1,Very High
7000386988,0,0.92656124,1,Very High
7001244741,1,0.9263354,1,Very High
7000212822,1,0.92629224,1,Very High
7001509194,0,0.9256162,1,Very High
7000410837,0,0.925578,1,Very High
7000973340,1,0.9253188,1,Very High
7001301971,0,0.9250783,1,Very High
7000790227,1,0.924974,1,Very High
7000869886,0,0.9249298,1,Very High
7001224216,0,0.9249086,1,Very High
7000034040,0,0.92488605,1,Very High
7001756610,0,0.9246169,1,Very High
7002150766,1,0.9245577,1,Very High
7000083945,0,0.9245147,1,Very High
7002293196,0,0.9244826,1,Very High
7001393082,0,0.9243557,1,Very High
7001705754,1,0.9242083,1,Very High
7000201132,1,0.9241167,1,Very High
7000148199,1,0.92396593,1,Very High
7000010732,0,0.9239416,1,Very High
7000025131,0,0.9238965,1,Very High
7000498617,1,0.923837,1,Very High
7001753009,0,0.92352057,1,Very High
7001939904,0,0.9234773,1,Very High
7001620677,1,0.9233998,1,Very High
7001247223,0,0.92289734,1,Very High
7002189373,0,0.922755,1,Very High
7001991349,1,0.92269206,1,Very High
7001144193,0,0.9226455,1,Very High
7001092498,1,0.9226047,1,Very High
7001770063,0,0.922487,1,Very High
7001732626,0,0.92229694,1,Very High
7000135359,0,0.9222938,1,Very High
7000418423,0,0.92216414,1,Very High
7000497319,0,0.92188513,1,Very High
7000009149,0,0.92186636,1,Very High
7000106277,1,0.92177075,1,Very High
7001723761,0,0.92173845,1,Very High
7000296756,0,0.9217348,1,Very High
7000125895,0,0.92170066,1,Very High
7002196738,1,0.9216138,1,Very High
7000057563,0,0.9214721,1,Very High
7000083585,1,0.92124045,1,Very High
7000514645,0,0.92121845,1,Very High
7000286601,1,0.92120636,1,Very High
7002263371,0,0.92114806,1,Very High
7000017785,0,0.92095256,1,Very High
7002241282,1,0.920622,1,Very High
7000035264,0,0.920525,1,Very High
7001750172,0,0.9204356,1,Very High
7000091394,1,0.920418,1,Very High
7000010422,1,0.9200967,1,Very High
7000762733,1,0.92001855,1,Very High
7001769163,0,0.9200093,1,Very High
7001746429,1,0.9200018,1,Very High
7001593804,1,0.9199772,1,Very High
7000339329,0,0.9194834,1,Very High
7002389705,0,0.9192574,1,Very High
7000650204,1,0.9192443,1,Very High
7001549199,0,0.91907287,1,Very High
7001515230,1,0.9183465,1,Very High
7002077616,1,0.91828763,1,Very High
7002301103,0,0.9179362,1,Very High
7000313123,0,0.9179011,1,Very High
7001085433,0,0.91783106,1,Very High
7001594058,0,0.9176693,1,Very High
7000743191,0,0.91742295,1,Very High
7001183168,0,0.91737014,1,Very High
7001312918,1,0.9171553,1,Very High
7000063373,0,0.9170402,1,Very High
7001947602,0,0.91701376,1,Very High
7001182638,0,0.916981,1,Very High
7000218918,0,0.91694367,1,Very High
7001645866,1,0.91687053,1,Very High
7000368966,1,0.91685,1,Very High
7000508972,1,0.9167789,1,Very High
7000453453,1,0.916415,1,Very High
7000531421,1,0.91631466,1,Very High
7001932853,1,0.91626793,1,Very High
7002407495,0,0.91626614,1,Very High
7000502476,1,0.9156767,1,Very High
7000989356,0,0.9155817,1,Very High
7000482671,0,0.9152183,1,Very High
7000409335,0,0.91496354,1,Very High
7000021339,1,0.9148333,1,Very High
7000956406,1,0.91473603,1,Very High
7002147572,1,0.91461927,1,Very High
7000007722,0,0.9145427,1,Very High
7000113440,0,0.91445017,1,Very High
7000464548,0,0.9143794,1,Very High
7000059960,1,0.9141193,1,Very High
7000667415,1,0.9138395,1,Very High
7001538247,0,0.91383326,1,Very High
7000585783,1,0.9137771,1,Very High
7001721495,1,0.91376686,1,Very High
7000363647,1,0.91370076,1,Very High
7002129743,0,0.91362363,1,Very High
7000529533,0,0.91344583,1,Very High
7001849516,1,0.9130522,1,Very High
7001802672,0,0.91301924,1,Very High
7000873939,1,0.91293883,1,Very High
7000563360,0,0.91283214,1,Very High
7001027802,1,0.91280586,1,Very High
7002105821,1,0.9125627,1,Very High
7002340229,1,0.912526,1,Very High
7001496007,0,0.9124586,1,Very High
7001090080,0,0.9123838,1,Very High
7001349501,0,0.9120397,1,Very High
7002324359,0,0.9120014,1,Very High
7001076953,1,0.9119072,1,Very High
7000066372,0,0.91165996,1,Very High
7000564021,0,0.91161466,1,Very High
7000013125,1,0.91133904,1,Very High
7000423956,0,0.9112513,1,Very High
7002260554,0,0.9112165,1,Very High
7002077497,0,0.91118985,1,Very High
7000857849,0,0.91077834,1,Very High
7001218062,0,0.9106074,1,Very High
7001334193,1,0.91006345,1,Very High
7000894775,1,0.90986156,1,Very High
7001140805,0,0.90960455,1,Very High
7000727193,1,0.9094397,1,Very High
7000230786,0,0.9092048,1,Very High
7000013640,0,0.90916586,1,Very High
7000033346,1,0.90914106,1,Very High
7002352125,1,0.9089779,1,Very High
7001565539,0,0.9088877,1,Very High
7002298166,1,0.9088161,1,Very High
7000733989,0,0.9087857,1,Very High
7000022759,0,0.90838534,1,Very High
7001853800,1,0.90799576,1,Very High
7000755576,1,0.9076543,1,Very High
7000489451,0,0.9075602,1,Very High
7000339409,0,0.90729094,1,Very High
7000329393,1,0.9072548,1,Very High
7001929607,1,0.9069598,1,Very High
7002158057,1,0.9065518,1,Very High
7001511127,0,0.9064471,1,Very High
7001128518,0,0.90640724,1,Very High
7001035529,0,0.9063918,1,Very High
7000610254,0,0.9062127,1,Very High
7000128678,0,0.9057364,1,Very High
7002229068,0,0.9056761,1,Very High
7001262247,0,0.90552753,1,Very High
7000331743,0,0.90536964,1,Very High
7000480789,0,0.9053591,1,Very High
7002177397,1,0.9052969,1,Very High
7001941647,0,0.90484077,1,Very High
7002091879,0,0.90481716,1,Very High
7000767705,1,0.9047471,1,Very High
7002227396,1,0.90459,1,Very High
7001715425,0,0.90423673,1,Very High
7000431704,0,0.9041572,1,Very High
7000244762,0,0.90413016,1,Very High
7001160942,1,0.90407497,1,Very High
7001377293,0,0.9039301,1,Very High
7002068066,1,0.9038222,1,Very High
7000643498,0,0.9036517,1,Very High
7002294179,0,0.9032919,1,Very High
7001009659,1,0.9030991,1,Very High
7001121429,0,0.9030027,1,Very High
7000898233,0,0.9029971,1,Very High
7000010060,0,0.9029741,1,Very High
7001724874,0,0.9028536,1,Very High
7000799414,0,0.9020354,1,Very High
7000155995,1,0.9020212,1,Very High
7000792631,0,0.90189195,1,Very High
7000255866,0,0.9018607,1,Very High
7001164511,0,0.9018142,1,Very High
7000364440,1,0.90180653,1,Very High
7001890406,0,0.90147716,1,Very High
7002080006,1,0.9013684,1,Very High
7001736953,0,0.9008231,1,Very High
7001415493,0,0.9004486,1,Very High
7001777905,0,0.90035194,1,Very High
7000850498,0,0.9002343,1,Very High
7000216918,0,0.9001761,1,Very High
7002393029,0,0.89983845,1,Very High
7000606083,0,0.89934045,1,Very High
7001080169,1,0.8992154,1,Very High
7002001409,0,0.8990824,1,Very High
7000229105,0,0.89899474,1,Very High
7000083902,0,0.89878815,1,Very High
7002130522,0,0.8987771,1,Very High
7000202680,0,0.898564,1,Very High
7000362114,0,0.8985437,1,Very High
7000310042,0,0.89808226,1,Very High
7000766627,1,0.89808196,1,Very High
7001792503,0,0.8980524,1,Very High
7000708295,1,0.8979578,1,Very High
7000190714,0,0.8979214,1,Very High
7000392230,0,0.8977487,1,Very High
7001817093,0,0.8974348,1,Very High
7000370020,0,0.8971654,1,Very High
7000108097,1,0.89675397,1,Very High
7001498649,0,0.8965957,1,Very High
7002119720,0,0.89652675,1,Very High
7001040165,0,0.8964639,1,Very High
7002173068,1,0.8964195,1,Very High
7000568005,0,0.8963698,1,Very High
7001436943,0,0.89636743,1,Very High
7000420146,1,0.89635026,1,Very High
7000170755,0,0.89628136,1,Very High
7000940801,1,0.8962648,1,Very High
7000029228,0,0.8960351,1,Very High
7002042339,1,0.89603406,1,Very High
7001806211,0,0.8959442,1,Very High
7000181315,0,0.8958017,1,Very High
7000402106,1,0.89579064,1,Very High
7001662812,0,0.89529663,1,Very High
7000458136,0,0.8951935,1,Very High
7000781979,0,0.89502,1,Very High
7002013656,0,0.8943625,1,Very High
7001958032,1,0.8941849,1,Very High
7000234666,0,0.8941352,1,Very High
7000170928,0,0.8940768,1,Very High
7001017312,0,0.89401776,1,Very High
7001249036,0,0.89396507,1,Very High
7000065236,0,0.89390594,1,Very High
7000053525,0,0.89389944,1,Very High
7001381856,0,0.89347804,1,Very High
7000505853,0,0.8929499,1,Very High
7001494968,0,0.89283746,1,Very High
7000090152,0,0.8924934,1,Very High
7000553817,0,0.89208746,1,Very High
7000023434,0,0.89206177,1,Very High
7000411066,0,0.8920516,1,Very High
7000894562,0,0.8913938,1,Very High
7002402427,1,0.8911283,1,Very High
7000084212,0,0.8907997,1,Very High
7002266419,1,0.89065754,1,Very High
7002340560,0,0.8906145,1,Very High
7001208421,1,0.89032686,1,Very High
7001136410,1,0.89024305,1,Very High
7000186728,0,0.89008754,1,Very High
7002275644,0,0.890075,1,Very High
7000025083,0,0.8898869,1,Very High
7000109268,1,0.8897837,1,Very High
7000560160,0,0.88934934,1,Very High
7000547922,0,0.88916534,1,Very High
7000612814,1,0.8890377,1,Very High
7002040645,0,0.8889244,1,Very High
7000132320,0,0.8886418,1,Very High
7000358418,0,0.88836694,1,Very High
7001446912,0,0.88817567,1,Very High
7001941947,0,0.8879028,1,Very High
7002381581,0,0.8878034,1,Very High
7000134475,0,0.88740546,1,Very High
7000372198,0,0.88729787,1,Very High
7002339063,0,0.88717437,1,Very High
7002115644,1,0.8871678,1,Very High
7000063437,1,0.8871327,1,Very High
7001512600,1,0.88678724,1,Very High
7000564681,1,0.8867609,1,Very High
7001200605,0,0.88662636,1,Very High
7000252382,1,0.8865302,1,Very High
7001136821,1,0.8863822,1,Very High
7000884232,1,0.8862279,1,Very High
7000567868,1,0.88618094,1,Very High
7002020155,0,0.8858377,1,Very High
7000023085,1,0.88554066,1,Very High
7000155713,1,0.8853195,1,Very High
7000259236,1,0.8852119,1,Very High
7001619855,0,0.88497096,1,Very High
7001075987,0,0.8849173,1,Very High
7000158301,0,0.88469166,1,Very High
7002110028,0,0.8846037,1,Very High
7001259258,0,0.884061,1,Very High
7002112289,0,0.88405937,1,Very High
7002028980,1,0.8839638,1,Very High
7001911897,0,0.88392925,1,Very High
7001826665,0,0.8838841,1,Very High
7001711566,0,0.88375056,1,Very High
7002079877,0,0.8834185,1,Very High
7000426711,0,0.88333935,1,Very High
7000831827,0,0.8832672,1,Very High
7000682303,0,0.88311774,1,Very High
7002130755,0,0.8831148,1,Very High
7000226527,0,0.88310254,1,Very High
7001907588,0,0.8830392,1,Very High
7000685015,0,0.88274264,1,Very High
7000302728,0,0.88250303,1,Very High
7000016593,0,0.88231367,1,Very High
7000408918,0,0.88228667,1,Very High
7002174712,0,0.88207525,1,Very High
7000351580,0,0.88192743,1,Very High
7001191538,0,0.88189876,1,Very High
7001939102,1,0.8818517,1,Very High
7001650617,0,0.88175195,1,Very High
7000961236,1,0.88171875,1,Very High
7001676608,0,0.88169384,1,Very High
7000634556,1,0.8815565,1,Very High
7000528745,1,0.8814423,1,Very High
7000415929,1,0.8813572,1,Very High
7002119323,0,0.8811015,1,Very High
7000204508,0,0.88089794,1,Very High
7000253956,1,0.88041246,1,Very High
7000142997,0,0.8804112,1,Very High
7000069696,1,0.8802801,1,Very High
7000540203,0,0.87968004,1,Very High
7000839547,1,0.87965745,1,Very High
7001544872,0,0.87957656,1,Very High
7000214483,0,0.8794259,1,Very High
7000005861,0,0.87940884,1,Very High
7001914927,0,0.879381,1,Very High
7001420758,0,0.8793299,1,Very High
7000829634,0,0.87930053,1,Very High
7001831027,1,0.8791527,1,Very High
7000194054,0,0.8790158,1,Very High
7002337025,0,0.8788367,1,Very High
7000499467,0,0.87856746,1,Very High
7002287299,1,0.87847555,1,Very High
7001792412,0,0.87836903,1,Very High
7000932141,0,0.87779695,1,Very High
7002326434,1,0.8776318,1,Very High
7001377787,1,0.8772728,1,Very High
7000749493,0,0.8770276,1,Very High
7000041055,0,0.87701625,1,Very High
7000498167,1,0.87699443,1,Very High
7001114457,0,0.8769704,1,Very High
7001958846,0,0.87638134,1,Very High
7000183074,0,0.8763346,1,Very High
7000179000,0,0.8763067,1,Very High
7000703051,0,0.8760902,1,Very High
7002163454,0,0.8759901,1,Very High
7001491167,1,0.87591344,1,Very High
7000072994,0,0.875838,1,Very High
7000057081,1,0.87583196,1,Very High
7001207341,0,0.8757892,1,Very High
7000767358,0,0.8755852,1,Very High
7001007311,0,0.8753326,1,Very High
7000321608,0,0.875322,1,Very High
7000799856,0,0.87531495,1,Very High
7000896097,0,0.8751839,1,Very High
7000213708,0,0.8750081,1,Very High
7002404715,0,0.87463486,1,Very High
7002214398,1,0.8744827,1,Very High
7000249747,0,0.8744814,1,Very High
7000693533,1,0.8743983,1,Very High
7000271998,1,0.87435746,1,Very High
7000027765,0,0.8741877,1,Very High
7000419088,0,0.87410796,1,Very High
7001147441,0,0.87407964,1,Very High
7000368591,0,0.87388825,1,Very High
7001398929,0,0.87385976,1,Very High
7001819788,1,0.8734817,1,Very High
7000656835,0,0.8734217,1,Very High
7001890874,0,0.87339574,1,Very High
7001630236,0,0.87339175,1,Very High
7000294959,0,0.87327844,1,Very High
7000481002,0,0.87300515,1,Very High
7001608254,1,0.872524,1,Very High
7000954019,1,0.8724779,1,Very High
7000428114,0,0.87212306,1,Very High
7002027369,0,0.8719327,1,Very High
7001978111,1,0.8719181,1,Very High
7001881307,0,0.8718817,1,Very High
7002059072,1,0.8717897,1,Very High
7001171824,0,0.87147015,1,Very High
7002285499,0,0.8713661,1,Very High
7000306487,0,0.8708389,1,Very High
7001592424,1,0.8707255,1,Very High
7002406943,0,0.8706272,1,Very High
7001159093,1,0.8702796,1,Very High
7001201869,0,0.87012535,1,Very High
7002273178,1,0.87005407,1,Very High
7002053080,0,0.8699161,1,Very High
7000395678,0,0.8698906,1,Very High
7001322999,0,0.86935645,1,Very High
7001078438,0,0.8689681,1,Very High
7002339362,0,0.8688893,1,Very High
7001708990,0,0.8688539,1,Very High
7000719452,0,0.8686815,1,Very High
7002041052,0,0.8686069,1,Very High
7002013632,1,0.868568,1,Very High
7000765223,0,0.86831206,1,Very High
7000814890,0,0.8683087,1,Very High
7000353978,0,0.8682236,1,Very High
7000347145,0,0.8682121,1,Very High
7000520427,0,0.8679762,1,Very High
7000549228,1,0.867742,1,Very High
7001533337,0,0.86760426,1,Very High
7000277413,0,0.8675245,1,Very High
7002338381,0,0.86749524,1,Very High
7000760320,0,0.86741245,1,Very High
7000096603,0,0.8670561,1,Very High
7000813476,1,0.8669858,1,Very High
7000518527,0,0.8668886,1,Very High
7001676835,0,0.86677927,1,Very High
7000061163,0,0.86654466,1,Very High
7000687645,1,0.86634624,1,Very High
7001222477,1,0.866206,1,Very High
7000125036,1,0.86617494,1,Very High
7001121249,0,0.8661042,1,Very High
7001807722,1,0.8660977,1,Very High
7000223594,0,0.8659448,1,Very High
7001429271,1,0.86575246,1,Very High
7000285654,1,0.8655923,1,Very High
7000940737,1,0.8654376,1,Very High
7000222437,0,0.86528766,1,Very High
7002079402,0,0.8652831,1,Very High
7001893120,0,0.86487937,1,Very High
7001929151,0,0.8648604,1,Very High
7000742686,0,0.86481816,1,Very High
7000859952,0,0.8647033,1,Very High
7000124244,0,0.8647027,1,Very High
7001118896,0,0.8644065,1,Very High
7002384845,0,0.864084,1,Very High
7001300988,0,0.86402726,1,Very High
7002270015,0,0.86384374,1,Very High
7001153579,0,0.8637798,1,Very High
7000518163,0,0.86364555,1,Very High
7000658286,1,0.8634496,1,Very High
7001966451,1,0.86330706,1,Very High
7001409136,0,0.8630307,1,Very High
7000468909,1,0.8627988,1,Very High
7000166349,1,0.8624667,1,Very High
7001951044,0,0.8624243,1,Very High
7002361244,0,0.86211574,1,Very High
7001208912,0,0.8620798,1,Very High
7001549913,0,0.8608206,1,Very High
7001462118,0,0.8606923,1,Very High
7002118182,0,0.8606007,1,Very High
7001427134,0,0.86042434,1,Very High
7000270045,1,0.8600636,1,Very High
7002382136,0,0.85961676,1,Very High
7000174198,0,0.85868704,1,Very High
7002282546,0,0.8580237,1,Very High
7000936414,0,0.85796195,1,Very High
7001722616,0,0.8579051,1,Very High
7000437104,0,0.85782415,1,Very High
7000960436,0,0.8576128,1,Very High
7000355305,0,0.8575514,1,Very High
7001193250,0,0.8575064,1,Very High
7000993982,0,0.8573661,1,Very High
7000015253,0,0.85735446,1,Very High
7002076300,0,0.857123,1,Very High
7001810904,1,0.8570533,1,Very High
7001553753,0,0.85698885,1,Very High
7002044964,0,0.8567597,1,Very High
7001364967,0,0.85641366,1,Very High
7001022428,0,0.8563523,1,Very High
7000265081,0,0.85622454,1,Very High
7000436899,1,0.85610086,1,Very High
7000023109,0,0.8557223,1,Very High
7000756517,1,0.855562,1,Very High
7001210326,0,0.8554405,1,Very High
7000064953,1,0.8554296,1,Very High
7000076590,1,0.85528344,1,Very High
7000117588,0,0.8552309,1,Very High
7001523024,1,0.85500336,1,Very High
7000009707,0,0.85492414,1,Very High
7000071351,0,0.8548351,1,Very High
7000756563,0,0.85481066,1,Very High
7000368840,0,0.85472745,1,Very High
7000194481,0,0.85465246,1,Very High
7000108738,0,0.8544678,1,Very High
7000976865,1,0.85438323,1,Very High
7001193388,0,0.8541759,1,Very High
7001027874,0,0.85395694,1,Very High
7001258621,0,0.8535465,1,Very High
7000802601,1,0.85316074,1,Very High
7001692808,0,0.8530829,1,Very High
7001180151,0,0.85308176,1,Very High
7001283325,1,0.8530039,1,Very High
7000692113,1,0.85270137,1,Very High
7000174288,1,0.8525403,1,Very High
7001972031,0,0.8524236,1,Very High
7001708298,0,0.8520192,1,Very High
7000114677,1,0.8516705,1,Very High
7002138933,0,0.8515519,1,Very High
7001596411,1,0.85150546,1,Very High
7002078267,0,0.85126716,1,Very High
7002343029,0,0.85123867,1,Very High
7002049434,0,0.85110843,1,Very High
7002057514,0,0.85102546,1,Very High
7001986148,0,0.8507225,1,Very High
7000652209,1,0.8506272,1,Very High
7001866030,0,0.85061884,1,Very High
7001667099,1,0.8505996,1,Very High
7002158475,0,0.8505328,1,Very High
7001700328,0,0.85042006,1,Very High
7000015820,0,0.85037136,1,Very High
7000552564,0,0.8501182,1,Very High
7000771954,0,0.8500754,1,Very High
7002114102,0,0.8496999,1,Very High
7000852671,1,0.8496612,1,Very High
7001231647,0,0.84954464,1,Very High
7001446419,0,0.8494386,1,Very High
7000420786,0,0.84880483,1,Very High
7000187171,0,0.84880376,1,Very High
7000219374,1,0.8486631,1,Very High
7001557649,0,0.84854317,1,Very High
7000118525,0,0.8477609,1,Very High
7001097490,0,0.84756947,1,Very High
7001890523,1,0.8471356,1,Very High
7001052840,1,0.84711134,1,Very High
7001061807,0,0.8470438,1,Very High
7001620138,0,0.8470246,1,Very High
7002235980,0,0.84687746,1,Very High
7001683752,0,0.8467575,1,Very High
7000967811,1,0.84640145,1,Very High
7002040877,0,0.84611243,1,Very High
7000018070,0,0.8460048,1,Very High
7000110507,0,0.84591436,1,Very High
7002186941,0,0.84535,1,Very High
7000755154,0,0.84506947,1,Very High
7000555613,0,0.84488195,1,Very High
7000507439,0,0.84477764,1,Very High
7001560071,0,0.8447084,1,Very High
7001673399,0,0.8445558,1,Very High
7000405453,1,0.8442317,1,Very High
7000355977,0,0.84394455,1,Very High
7000947125,0,0.8434021,1,Very High
7002049753,0,0.8433226,1,Very High
7001257865,0,0.8429547,1,Very High
7000927635,0,0.84279335,1,Very High
7001640937,1,0.842742,1,Very High
7000036939,0,0.8426288,1,Very High
7000524144,0,0.8423955,1,Very High
7001042318,1,0.8422738,1,Very High
7001089544,1,0.84169906,1,Very High
7000938005,1,0.84146816,1,Very High
7000085352,0,0.8412917,1,Very High
7001164066,0,0.8411646,1,Very High
7002027972,0,0.8410804,1,Very High
7000900827,0,0.8410384,1,Very High
7000105267,1,0.8408344,1,Very High
7001424725,0,0.84078306,1,Very High
7001819490,0,0.8407704,1,Very High
7000629958,0,0.8407629,1,Very High
7000478725,0,0.8405864,1,Very High
7000730722,0,0.8403604,1,Very High
7001806392,0,0.84027076,1,Very High
7000429286,0,0.8399342,1,Very High
7000600104,0,0.8398567,1,Very High
7001763293,1,0.83984375,1,Very High
7000769559,1,0.8394123,1,Very High
7002369036,1,0.83934563,1,Very High
7000631952,0,0.8392591,1,Very High
7000522428,0,0.83924216,1,Very High
7001541273,0,0.83917123,1,Very High
7000279350,0,0.83899176,1,Very High
7000431579,0,0.83876586,1,Very High
7002148448,1,0.83864677,1,Very High
7001808432,0,0.83855367,1,Very High
7002041300,0,0.8384859,1,Very High
7001756499,0,0.83834237,1,Very High
7000708388,0,0.8381462,1,Very High
7000505215,0,0.8381354,1,Very High
7001501434,0,0.83803064,1,Very High
7001627690,0,0.8380201,1,Very High
7000530259,1,0.8379966,1,Very High
7002029042,1,0.8376414,1,Very High
7000907064,0,0.83756274,1,Very High
7001666769,0,0.83724624,1,Very High
7002271114,1,0.8366266,1,Very High
7000736011,0,0.83654004,1,Very High
7001626499,1,0.8363987,1,Very High
7000071830,0,0.83613694,1,Very High
7001947661,0,0.83555835,1,Very High
7000287036,0,0.8342586,1,Very High
7000048789,0,0.8341076,1,Very High
7001161711,1,0.83396286,1,Very High
7000246194,0,0.83389497,1,Very High
7002167279,0,0.833735,1,Very High
7002385481,1,0.83368844,1,Very High
7001382100,1,0.83362305,1,Very High
7000396631,0,0.83356845,1,Very High
7002285764,0,0.83356005,1,Very High
7002387315,0,0.833445,1,Very High
7000313096,0,0.83336747,1,Very High
7002140238,1,0.83336633,1,Very High
7001287693,0,0.8333202,1,Very High
7001830570,0,0.83326054,1,Very High
7000930356,0,0.83321244,1,Very High
7000006821,1,0.83229977,1,Very High
7000118539,0,0.83228713,1,Very High
7001374324,1,0.83222306,1,Very High
7000258453,0,0.8321381,1,Very High
7000528424,1,0.83193105,1,Very High
7000688427,1,0.8318743,1,Very High
7000178984,1,0.8317944,1,Very High
7001996287,0,0.8316792,1,Very High
7002251269,1,0.83143276,1,Very High
7000505752,0,0.83139485,1,Very High
7000447971,0,0.83114946,1,Very High
7001814671,1,0.8311313,1,Very High
7001483363,0,0.83099955,1,Very High
7000064557,0,0.83071285,1,Very High
7001194127,1,0.83035314,1,Very High
7000356197,0,0.8303001,1,Very High
7001013904,0,0.8302238,1,Very High
7000757210,0,0.8299819,1,Very High
7000702471,0,0.8295209,1,Very High
7000166034,0,0.8294988,1,Very High
7000646818,0,0.82917416,1,Very High
7002315822,0,0.8288934,1,Very High
7000309011,0,0.8287571,1,Very High
7000866475,0,0.8286795,1,Very High
7001166809,0,0.82843786,1,Very High
7002177500,0,0.82840997,1,Very High
7002060987,0,0.82827914,1,Very High
7001902219,1,0.82821614,1,Very High
7001261202,0,0.8282156,1,Very High
7000545666,1,0.82813644,1,Very High
7000019677,0,0.8278236,1,Very High
7000295148,0,0.8277197,1,Very High
7000382876,1,0.8275575,1,Very High
7000680648,0,0.82704675,1,Very High
7002406413,0,0.82695967,1,Very High
7001817195,0,0.8268979,1,Very High
7002282868,1,0.8268951,1,Very High
7000066527,0,0.82654566,1,Very High
7000437605,0,0.826542,1,Very High
7000110341,0,0.8263892,1,Very High
7002054956,1,0.8262123,1,Very High
7001414180,0,0.8261539,1,Very High
7000100775,0,0.8261251,1,Very High
7002221648,0,0.8261023,1,Very High
7001930252,1,0.82598037,1,Very High
7001276068,0,0.82582927,1,Very High
7001213541,1,0.82571614,1,Very High
7002355512,0,0.8255701,1,Very High
7000547282,0,0.8253959,1,Very High
7000556278,1,0.8252767,1,Very High
7000460171,0,0.82511604,1,Very High
7001023785,0,0.8250939,1,Very High
7000518083,0,0.8250514,1,Very High
7000094386,1,0.8247415,1,Very High
7001954859,0,0.8246886,1,Very High
7000687073,0,0.824654,1,Very High
7001769633,0,0.8246292,1,Very High
7001947138,0,0.82439595,1,Very High
7000416962,1,0.82412016,1,Very High
7000272849,1,0.82393837,1,Very High
7000533624,0,0.82382435,1,Very High
7001143067,0,0.8233738,1,Very High
7000379529,1,0.82323766,1,Very High
7000055012,1,0.8232314,1,Very High
7002065151,0,0.8231667,1,Very High
7001674162,0,0.82312405,1,Very High
7002304455,0,0.82292396,1,Very High
7002397709,1,0.8228598,1,Very High
7000204240,0,0.8227459,1,Very High
7000081465,0,0.8226061,1,Very High
7001230074,0,0.8224237,1,Very High
7001006613,0,0.82235223,1,Very High
7000485930,0,0.8223446,1,Very High
7001764765,0,0.8223117,1,Very High
7000928981,0,0.8221433,1,Very High
7001148680,1,0.82148373,1,Very High
7002303426,1,0.82112944,1,Very High
7000946596,0,0.8209923,1,Very High
7000434954,0,0.8208187,1,Very High
7000450688,0,0.82057405,1,Very High
7000403915,1,0.8205297,1,Very High
7002368283,0,0.8204487,1,Very High
7002286192,0,0.82040673,1,Very High
7000697083,0,0.8199681,1,Very High
7000056451,1,0.8198466,1,Very High
7001984168,0,0.81970143,1,Very High
7000215483,1,0.81954414,1,Very High
7001396945,0,0.8192608,1,Very High
7001125458,1,0.819031,1,Very High
7000568845,0,0.81901014,1,Very High
7002212377,0,0.8187139,1,Very High
7001242268,0,0.8185538,1,Very High
7000240551,0,0.81841713,1,Very High
7001097559,1,0.8183554,1,Very High
7001977469,0,0.8183474,1,Very High
7001218869,0,0.8179128,1,Very High
7000123857,0,0.8178838,1,Very High
7001928033,1,0.8178686,1,Very High
7001933904,0,0.8178593,1,Very High
7000184839,0,0.81762457,1,Very High
7000856669,0,0.81729025,1,Very High
7000765989,0,0.81727064,1,Very High
7001083992,0,0.81719404,1,Very High
7001427569,1,0.81686205,1,Very High
7000279545,0,0.81684494,1,Very High
7000412573,0,0.816483,1,Very High
7000560113,0,0.8164517,1,Very High
7002147926,0,0.8162959,1,Very High
7002054920,0,0.81609327,1,Very High
7001288646,1,0.8159112,1,Very High
7000944667,1,0.815802,1,Very High
7001158728,0,0.8157739,1,Very High
7000667949,1,0.815721,1,Very High
7000219168,0,0.81529963,1,Very High
7001036992,0,0.81514364,1,Very High
7001718131,0,0.8150782,1,Very High
7002064903,0,0.81500834,1,Very High
7000002618,0,0.8149704,1,Very High
7001898290,1,0.8147455,1,Very High
7000326172,1,0.81470853,1,Very High
7000899482,0,0.8146468,1,Very High
7000590900,1,0.81412244,1,Very High
7000718189,0,0.8140523,1,Very High
7000549182,1,0.8137996,1,Very High
7000545825,0,0.8137386,1,Very High
7000076406,0,0.81372917,1,Very High
7002186101,0,0.8134419,1,Very High
7000579629,0,0.8133959,1,Very High
7001674437,1,0.81284386,1,Very High
7001184101,1,0.81271195,1,Very High
7001825241,0,0.81267345,1,Very High
7001684983,0,0.8124478,1,Very High
7001957782,0,0.8123993,1,Very High
7000023094,0,0.81239516,1,Very High
7000210332,0,0.8120728,1,Very High
7000251733,0,0.8119426,1,Very High
7000434567,1,0.8117078,1,Very High
7002231436,1,0.81104004,1,Very High
7001213556,0,0.81086487,1,Very High
7002062276,0,0.8104566,1,Very High
7000284053,0,0.81035405,1,Very High
7000865337,0,0.8102377,1,Very High
7002148161,0,0.8102008,1,Very High
7000408327,0,0.80988824,0,High
7001417697,0,0.80986816,0,High
7000027203,1,0.8097293,0,High
7001909471,0,0.8096134,0,High
7001674092,0,0.80916226,0,High
7001976978,0,0.80876225,0,High
7001071813,1,0.8087115,0,High
7000281608,0,0.8083789,0,High
7000957618,1,0.80813104,0,High
7000390776,0,0.80772084,0,High
7002354601,0,0.8077206,0,High
7001725509,0,0.8076508,0,High
7002376484,1,0.8076251,0,High
7001611981,0,0.8074844,0,High
7000622018,0,0.8073864,0,High
7000395629,0,0.8072318,0,High
7002147798,0,0.80707467,0,High
7000716910,0,0.80702555,0,High
7002273312,0,0.8069927,0,High
7000800509,0,0.80681163,0,High
7000756647,0,0.80642337,0,High
7001298392,0,0.80636626,0,High
7000016040,0,0.8063658,0,High
7002305236,1,0.8062865,0,High
7002388088,1,0.8061313,0,High
7001841416,0,0.805814,0,High
7000461133,0,0.8056182,0,High
7000542334,0,0.80532265,0,High
7002020126,0,0.80495435,0,High
7000157086,0,0.8047124,0,High
7000006877,0,0.80421793,0,High
7001070018,0,0.8042006,0,High
7000439482,0,0.80419284,0,High
7000727265,0,0.80408585,0,High
7000559363,0,0.80405104,0,High
7001813494,1,0.80389535,0,High
7000663461,0,0.80385077,0,High
7000680838,0,0.8036649,0,High
7000536603,0,0.80341214,0,High
7001263529,0,0.8033452,0,High
7000278875,0,0.80326325,0,High
7000211249,0,0.80312,0,High
7002317841,0,0.8031176,0,High
7001277447,1,0.8023451,0,High
7000216498,0,0.802165,0,High
7000491229,1,0.8018692,0,High
7000047828,0,0.8015471,0,High
7001684942,1,0.80127394,0,High
7000898728,0,0.801028,0,High
7001766530,1,0.8008791,0,High
7002064192,1,0.80076504,0,High
7000066693,0,0.80048066,0,High
7000881649,0,0.8004712,0,High
7001822538,0,0.8004365,0,High
7001845995,0,0.8003369,0,High
7000739817,0,0.8003053,0,High
7000045415,0,0.80026615,0,High
7002101945,0,0.7999193,0,High
7001392745,0,0.7995399,0,High
7000827971,0,0.7994701,0,High
7001934180,0,0.79944974,0,High
7000802017,0,0.799424,0,High
7001080820,0,0.79941905,0,High
7000940172,1,0.79908353,0,High
7002362030,1,0.79905295,0,High
7000511094,0,0.7989945,0,High
7000412019,0,0.7986368,0,High
7001280832,0,0.79859746,0,High
7001190730,0,0.7985826,0,High
7000997241,0,0.79855245,0,High
7002295762,0,0.79841036,0,High
7000046940,0,0.79822403,0,High
7002235269,0,0.79806995,0,High
7000747346,0,0.7979219,0,High
7000455920,0,0.79783076,0,High
7000151810,0,0.7975659,0,High
7001869407,0,0.7975659,0,High
7000237088,0,0.7975342,0,High
7001958807,0,0.7973485,0,High
7000609841,0,0.79731274,0,High
7002007892,0,0.7972368,0,High
7000453386,1,0.7971283,0,High
7002040177,1,0.79674304,0,High
7001493106,0,0.79667354,0,High
7001180162,0,0.7966419,0,High
7000438960,0,0.7965631,0,High
7002156122,0,0.7964146,0,High
7000822417,0,0.79634476,0,High
7000872562,0,0.7961424,0,High
7000587381,0,0.79602754,0,High
7000533736,0,0.79558736,0,High
7002111908,0,0.79552686,0,High
7001541530,1,0.7951773,0,High
7000820596,1,0.7951005,0,High
7000059678,0,0.7944236,0,High
7001354126,0,0.7942867,0,High
7002387522,0,0.79407394,0,High
7000396685,0,0.7940288,0,High
7002027567,0,0.79393035,0,High
7000009839,0,0.79333436,0,High
7000316192,0,0.79329187,0,High
7001314599,0,0.7932495,0,High
7000166636,1,0.79287493,0,High
7001378636,0,0.79272825,0,High
7001122244,1,0.79269475,0,High
7001353076,1,0.7917271,0,High
7000321063,0,0.79163474,0,High
7002364743,0,0.7916216,0,High
7002134930,0,0.79130036,0,High
7000202556,0,0.7911536,0,High
7002279763,0,0.7910511,0,High
7002214966,0,0.7904311,0,High
7002160493,0,0.7903746,0,High
7000776891,0,0.7903105,0,High
7001752787,0,0.7901378,0,High
7000056048,0,0.7898679,0,High
7002380529,0,0.7895273,0,High
7002011517,0,0.7889933,0,High
7002079444,1,0.7887394,0,High
7000123963,0,0.7886953,0,High
7000008398,1,0.78852594,0,High
7001890336,1,0.78841203,0,High
7000393723,0,0.78832865,0,High
7001261917,0,0.78819996,0,High
7001099242,0,0.7881604,0,High
7001878799,0,0.7880965,0,High
7000561285,1,0.78787285,0,High
7000184531,0,0.7876351,0,High
7001700555,0,0.7876291,0,High
7000203047,0,0.7872403,0,High
7002207277,0,0.7867363,0,High
7000507132,0,0.78669554,0,High
7000923630,0,0.7866642,0,High
7000522442,0,0.786558,0,High
7000646579,0,0.7863936,0,High
7000612946,0,0.78636694,0,High
7001304151,0,0.7861571,0,High
7001347635,0,0.78614146,0,High
7002164668,1,0.7858354,0,High
7001525898,1,0.7856634,0,High
7000064182,0,0.7853377,0,High
7001531820,0,0.7853083,0,High
7000875500,0,0.7850027,0,High
7000774513,1,0.78499484,0,High
7001407091,1,0.7847489,0,High
7000569183,1,0.784616,0,High
7002395688,0,0.78398526,0,High
7001609596,0,0.78386134,0,High
7000133503,1,0.7838552,0,High
7000309329,0,0.7838514,0,High
7000227568,0,0.7838272,0,High
7001747527,0,0.78361046,0,High
7000920924,0,0.7834212,0,High
7002275778,0,0.7833057,0,High
7001332585,1,0.7832681,0,High
7000660092,0,0.7829969,0,High
7002402721,0,0.7829885,0,High
7001175409,1,0.7828983,0,High
7001552161,0,0.782452,0,High
7000029721,0,0.78217214,0,High
7000442719,0,0.7821052,0,High
7000607054,0,0.781905,0,High
7001365774,0,0.7818347,0,High
7000831179,0,0.7814311,0,High
7000361243,0,0.78139645,0,High
7000013024,0,0.7813636,0,High
7002327182,1,0.78135145,0,High
7001465922,0,0.78132993,0,High
7000347716,0,0.7811876,0,High
7002353110,0,0.7811158,0,High
7002003450,0,0.78035027,0,High
7000434750,0,0.7802297,0,High
7001649288,0,0.78004164,0,High
7001610347,0,0.78002506,0,High
7000045896,0,0.77958214,0,High
7000349695,0,0.779533,0,High
7001734846,0,0.7793966,0,High
7000169098,0,0.7792279,0,High
7000122565,0,0.7792264,0,High
7000360491,0,0.7786421,0,High
7000960513,0,0.7783857,0,High
7000960658,0,0.77827495,0,High
7000730678,0,0.7780599,0,High
7001374566,0,0.77759105,0,High
7002232699,0,0.7775438,0,High
7000309242,1,0.7774718,0,High
7001950845,0,0.7773978,0,High
7000336878,0,0.77717805,0,High
7001424239,0,0.7769031,0,High
7002250755,0,0.7765936,0,High
7000910316,0,0.7764984,0,High
7000740524,0,0.77625525,0,High
7000863125,1,0.7759968,0,High
7001731623,0,0.77596426,0,High
7001333131,0,0.77596265,0,High
7002186116,0,0.77530926,0,High
7001235733,0,0.7752281,0,High
7002144401,1,0.77516806,0,High
7000835924,1,0.7747741,0,High
7002097875,0,0.7747331,0,High
7000351117,0,0.7745895,0,High
7000269366,0,0.774548,0,High
7002175650,0,0.77450114,0,High
7001610614,0,0.7744635,0,High
7001964743,0,0.77424645,0,High
7001684990,0,0.77422804,0,High
7000724073,0,0.7740915,0,High
7001063964,0,0.7739736,0,High
7000170913,0,0.77394265,0,High
7001642419,1,0.77376306,0,High
7000869570,0,0.77368027,0,High
7000162642,0,0.7736753,0,High
7002208364,1,0.773616,0,High
7000204369,0,0.7732396,0,High
7000373993,0,0.77319777,0,High
7000669892,0,0.77272284,0,High
7002007880,0,0.77268916,0,High
7001146933,0,0.77253133,0,High
7001804683,0,0.7722857,0,High
7001117317,0,0.7721981,0,High
7000287016,0,0.77202016,0,High
7001885692,0,0.7719818,0,High
7000372358,0,0.7719321,0,High
7002272630,0,0.77189124,0,High
7000206494,0,0.77176166,0,High
7000633539,0,0.7714552,0,High
7001176766,1,0.7712874,0,High
7001446483,0,0.77128696,0,High
7001055126,0,0.77113104,0,High
7001769198,0,0.7710845,0,High
7001442472,0,0.77091116,0,High
7000571000,0,0.7702243,0,High
7000603748,0,0.77019864,0,High
7000362196,0,0.76985955,0,High
7001788022,1,0.7692885,0,High
7000680599,0,0.76897377,0,High
7001812221,0,0.7688227,0,High
7000621146,0,0.7688207,0,High
7000455555,0,0.7687457,0,High
7001228569,1,0.76868236,0,High
7001645927,0,0.76861745,0,High
7001833830,0,0.76855266,0,High
7000357098,0,0.7683974,0,High
7000691992,0,0.7683122,0,High
7000400204,1,0.7681049,0,High
7001218369,0,0.7679933,0,High
7000327366,0,0.76748204,0,High
7001880913,0,0.76746416,0,High
7000335974,0,0.7672386,0,High
7001393222,0,0.7672149,0,High
7000381180,0,0.7670735,0,High
7000097268,0,0.76705325,0,High
7001874869,0,0.766919,0,High
7000684954,0,0.76687425,0,High
7002302030,0,0.76671857,0,High
7002052393,0,0.7667067,0,High
7002367922,0,0.766608,0,High
7001124281,1,0.76631975,0,High
7000609416,1,0.76616675,0,High
7001907720,0,0.7661459,0,High
7000012459,0,0.76587886,0,High
7000420381,0,0.76580834,0,High
7000333224,0,0.7657963,0,High
7000420817,0,0.7657368,0,High
7000297473,1,0.7657032,0,High
7001988960,1,0.7655612,0,High
7002288992,1,0.76550144,0,High
7000840613,0,0.7653109,0,High
7000066912,0,0.76477367,0,High
7000794875,0,0.76437366,0,High
7001325291,0,0.76431125,0,High
7002368775,1,0.76430166,0,High
7000028959,0,0.76426333,0,High
7001033518,0,0.76405877,0,High
7000313450,0,0.7638449,0,High
7000729541,0,0.7632884,0,High
7000632724,1,0.7630334,0,High
7000155118,1,0.76241004,0,High
7001854175,0,0.7623795,0,High
7002278757,0,0.76206225,0,High
7000943383,0,0.7620258,0,High
7000565892,0,0.761787,0,High
7000522598,0,0.7617237,0,High
7001027161,0,0.7617113,0,High
7001898122,0,0.7617017,0,High
7002187106,0,0.7613306,0,High
7000293642,0,0.761174,0,High
7001568844,0,0.76100534,0,High
7000198532,0,0.7608809,0,High
7002118442,0,0.7608718,0,High
7000356902,1,0.7608026,0,High
7002194688,1,0.7605985,0,High
7000594682,0,0.76058203,0,High
7000477741,0,0.7601,0,High
7001227776,0,0.75978136,0,High
7000240002,0,0.75959235,0,High
7000903013,1,0.7593848,0,High
7000219181,0,0.7592439,0,High
7000951710,0,0.75915235,0,High
7001997784,0,0.7589203,0,High
7000836430,0,0.7586147,0,High
7000246198,0,0.75859493,0,High
7001316210,0,0.75852865,0,High
7000300724,0,0.75839365,0,High
7000470066,0,0.75809675,0,High
7001753087,0,0.75789094,0,High
7001941374,0,0.757727,0,High
7002283144,0,0.7576553,0,High
7000782269,0,0.75733244,0,High
7002308726,0,0.75723433,0,High
7002177704,0,0.75714254,0,High
7001447019,0,0.75692,0,High
7000183958,1,0.7569108,0,High
7001243110,0,0.7567243,0,High
7001298148,1,0.7565586,0,High
7000067087,1,0.7564753,0,High
7001030916,1,0.7561112,0,High
7002287141,0,0.755926,0,High
7001349031,1,0.7554156,0,High
7001314096,1,0.75540495,0,High
7001717350,0,0.75505555,0,High
7001369107,1,0.7549383,0,High
7001925790,0,0.75476366,0,High
7001752465,0,0.75474995,0,High
7000813431,0,0.75464374,0,High
7000949421,0,0.7542042,0,High
7000118152,0,0.7541436,0,High
7000078904,1,0.7540873,0,High
7000498858,0,0.75404423,0,High
7000894830,1,0.75399244,0,High
7000453197,0,0.75385237,0,High
7002030421,0,0.753634,0,High
7000584262,0,0.7535915,0,High
7000135310,0,0.75351936,0,High
7000510516,0,0.7534001,0,High
7000184191,0,0.7532503,0,High
7001426782,0,0.7531841,0,High
7001369982,1,0.7531267,0,High
7001571930,0,0.7529717,0,High
7000544254,0,0.75279224,0,High
7001590077,0,0.7523864,0,High
7000748901,0,0.7521043,0,High
7001208987,0,0.75158596,0,High
7000573275,0,0.7515569,0,High
7001286185,0,0.75132966,0,High
7001024852,0,0.7511838,0,High
7000856546,1,0.75117683,0,High
7000007486,0,0.7510318,0,High
7001935755,1,0.75069845,0,High
7000112256,0,0.75043535,0,High
7000580404,0,0.75033057,0,High
7001577437,0,0.75001997,0,High
7000002081,0,0.74986607,0,High
7000181201,0,0.74965173,0,High
7001598809,0,0.74962926,0,High
7002069418,0,0.7494914,0,High
7000165531,0,0.74948126,0,High
7000065509,0,0.7493471,0,High
7000991569,0,0.7485212,0,High
7000166812,0,0.7483816,0,High
7001007836,1,0.7475055,0,High
7000609053,0,0.7474547,0,High
7001872782,0,0.74736625,0,High
7000066410,0,0.74701625,0,High
7000972203,0,0.7468286,0,High
7002081106,0,0.74669117,0,High
7000451943,0,0.74659973,0,High
7000401113,0,0.74642664,0,High
7000328658,0,0.7463501,0,High
7001883053,1,0.7462218,0,High
7000525774,0,0.74612015,0,High
7001495410,0,0.7461136,0,High
7001608958,0,0.7454081,0,High
7000875710,0,0.7453233,0,High
7001086475,1,0.74524516,0,High
7000970511,0,0.74524397,0,High
7001531125,0,0.7450596,0,High
7002056389,0,0.74502933,0,High
7000799734,0,0.7450198,0,High
7001195570,0,0.7449857,0,High
7001929955,0,0.74483883,0,High
7000810721,0,0.74423087,0,High
7002114414,0,0.74422044,0,High
7001209982,0,0.7435756,0,High
7002264544,1,0.7435614,0,High
7000564280,0,0.74317664,0,High
7000334220,0,0.7430722,0,High
7000925029,0,0.74299777,0,High
7001371621,0,0.74291265,0,High
7000912954,1,0.7429033,0,High
7001169950,0,0.7428788,0,High
7000809882,1,0.7428765,0,High
7002355759,0,0.7427355,0,High
7000099014,0,0.7426901,0,High
7000667222,0,0.74237305,0,High
7000440955,0,0.74209815,0,High
7001411350,0,0.7418717,0,High
7000138748,0,0.7413854,0,High
7000299886,0,0.7412778,0,High
7001254267,0,0.7412283,0,High
7000265736,0,0.7411862,0,High
7000481425,0,0.7411205,0,High
7000310625,1,0.7402152,0,High
7001488621,0,0.74010944,0,High
7000499856,0,0.73984647,0,High
7000670377,0,0.73974884,0,High
7001283836,0,0.7394787,0,High
7001667905,0,0.7393574,0,High
7001118212,0,0.7391017,0,High
7001699045,0,0.7387881,0,High
7001276614,1,0.73864955,0,High
7000592197,0,0.7385539,0,High
7000078124,0,0.73821455,0,High
7001790524,0,0.7381392,0,High
7000441939,0,0.7380848,0,High
7001681537,0,0.73807067,0,High
7000070485,0,0.73804116,0,High
7001139110,0,0.73800814,0,High
7001899480,0,0.7377747,0,High
7001684911,1,0.7376229,0,High
7001931382,0,0.73758954,0,High
7000832755,0,0.73719734,0,High
7000886814,0,0.73680896,0,High
7000169924,0,0.73671156,0,High
7000210748,0,0.73624325,0,High
7000557882,0,0.7358081,0,High
7001405487,0,0.73569334,0,High
7000457931,0,0.7355967,0,High
7000739499,1,0.7353753,0,High
7001127731,0,0.7352903,0,High
7000030527,0,0.73524255,0,High
7002273516,1,0.7351804,0,High
7000437185,1,0.7350818,0,High
7000827267,1,0.7348894,0,High
7000869689,0,0.734662,0,High
7000914203,0,0.7343978,0,High
7000602435,0,0.7342271,0,High
7000246711,1,0.73412895,0,High
7000608498,0,0.73412746,0,High
7002184531,0,0.7337299,0,High
7001507260,1,0.7335587,0,High
7000492056,0,0.73337275,0,High
7000824001,1,0.73324174,0,High
7001130709,0,0.73299307,0,High
7001993691,0,0.7328016,0,High
7000555910,0,0.7323921,0,High
7000753253,0,0.73225486,0,High
7000124509,0,0.7319252,0,High
7000025109,1,0.7319146,0,High
7002364268,0,0.73161924,0,High
7002383431,0,0.7310758,0,High
7000046308,0,0.7307234,0,High
7002371198,1,0.7306161,0,High
7001466715,1,0.7305125,0,High
7001795808,0,0.7304093,0,High
7001495612,0,0.7303181,0,High
7000888840,0,0.7298872,0,High
7000928811,0,0.7297167,0,High
7000513829,0,0.7296397,0,High
7001762160,0,0.7294425,0,High
7001372232,0,0.7286103,0,High
7000087463,0,0.72856027,0,High
7000936161,0,0.7285182,0,High
7002348968,0,0.72845185,0,High
7000604507,1,0.7284256,0,High
7001215977,1,0.72840595,0,High
7000430730,0,0.7283133,0,High
7000519130,0,0.7278252,0,High
7001604345,0,0.72717935,0,High
7001497397,1,0.72715884,0,High
7000410814,0,0.72699916,0,High
7000559918,0,0.72699505,0,High
7000003070,0,0.72691953,0,High
7000630116,1,0.7266248,0,High
7000754461,0,0.7265445,0,High
7000793023,1,0.72654366,0,High
7001065135,0,0.72652143,0,High
7000997028,0,0.7262487,0,High
7001698042,0,0.72617537,0,High
7002256527,1,0.7260317,0,High
7000470660,1,0.7259852,0,High
7000258000,0,0.7258882,0,High
7000414242,1,0.72579044,0,High
7002254651,0,0.72563994,0,High
7002250074,0,0.7255749,0,High
7002369303,0,0.72549033,0,High
7000250918,0,0.7254242,0,High
7002245173,0,0.72523206,0,High
7000578327,0,0.7250585,0,High
7001879535,0,0.7249449,0,High
7002375644,0,0.72480136,0,High
7000872109,1,0.7245699,0,High
7000194562,0,0.72423196,0,High
7000752371,0,0.7239568,0,High
7001819844,1,0.7228595,0,High
7002055473,0,0.7227972,0,High
7000854733,0,0.72273296,0,High
7000870757,0,0.7225891,0,High
7000414949,0,0.72246563,0,High
7002036431,0,0.7224645,0,High
7002394968,0,0.72242725,0,High
7002340418,1,0.72209376,0,High
7000321214,0,0.7218692,0,High
7000533548,0,0.72182596,0,High
7000079085,0,0.7216572,0,High
7000770999,0,0.7215831,0,High
7000255978,0,0.72147137,0,High
7000811771,0,0.72126865,0,High
7001596602,0,0.7209982,0,High
7002257915,1,0.7206913,0,High
7002135263,0,0.720564,0,High
7001577644,1,0.72053796,0,High
7000959361,0,0.7204293,0,High
7001693263,0,0.7202013,0,High
7002334690,0,0.720004,0,High
7000374614,1,0.7197651,0,High
7000337650,0,0.7197245,0,High
7002251222,0,0.7193205,0,High
7000542385,0,0.71923786,0,High
7000296978,0,0.7191237,0,High
7000073407,0,0.7189854,0,High
7001027356,0,0.7188337,0,High
7000500266,0,0.7186706,0,High
7000902596,0,0.71862626,0,High
7001906887,0,0.7183294,0,High
7000876165,0,0.71786255,0,High
7002050910,1,0.71760887,0,High
7001278925,0,0.7175842,0,High
7000037343,0,0.7173138,0,High
7001380531,0,0.7166755,0,High
7000731664,0,0.7164027,0,High
7001671850,0,0.716079,0,High
7000747943,0,0.7159392,0,High
7001923936,0,0.7158223,0,High
7000818119,0,0.7156494,0,High
7002326379,0,0.71544635,0,High
7002268879,0,0.7153879,0,High
7000440525,0,0.7153365,0,High
7002163216,0,0.71529526,0,High
7000556031,0,0.7148431,0,High
7001212365,0,0.7145636,0,High
7000033435,0,0.71454936,0,High
7001539992,1,0.71427375,0,High
7002154430,0,0.71412647,0,High
7002162916,1,0.7141173,0,High
7001837823,0,0.71408695,0,High
7000858303,0,0.714028,0,High
7002119973,0,0.7139715,0,High
7001518789,0,0.713749,0,High
7002319911,0,0.71317446,0,High
7000549755,0,0.7128398,0,High
7000316617,0,0.7128262,0,High
7001751289,0,0.7127429,0,High
7002196130,0,0.71233046,0,High
7000808257,0,0.7123054,0,High
7001002651,0,0.7122715,0,High
7000129695,0,0.7119486,0,High
7000074626,0,0.71177316,0,High
7000424870,0,0.71158415,0,High
7001257094,0,0.7114788,0,High
7000180110,0,0.71140164,0,High
7000963232,1,0.71139175,0,High
7001348631,0,0.7111808,0,High
7001812092,0,0.7111234,0,High
7002007755,0,0.71092206,0,High
7001627709,0,0.71063244,0,High
7001136098,0,0.7103776,0,High
7002163294,1,0.7102642,0,High
7000274956,0,0.7100574,0,High
7000210692,0,0.7099323,0,High
7000952185,0,0.7089323,0,High
7000025257,0,0.7086967,0,High
7001391750,0,0.70856553,0,High
7002313381,0,0.70853895,0,High
7000756520,0,0.70848805,0,High
7000402175,0,0.7081231,0,High
7000473117,0,0.70811427,0,High
7001513810,0,0.7080501,0,High
7000733250,1,0.7079563,0,High
7001136538,0,0.7075493,0,High
7001817712,0,0.7073161,0,High
7001332855,0,0.70715463,0,High
7002188696,0,0.70703644,0,High
7001884051,1,0.7068678,0,High
7002255859,0,0.70671093,0,High
7000014009,0,0.7061321,0,High
7002135100,0,0.70610595,0,High
7000540859,0,0.7060707,0,High
7001462418,0,0.7057469,0,High
7000870493,0,0.7054302,0,High
7000254210,0,0.7054274,0,High
7000653749,0,0.70528835,0,High
7000773159,0,0.7051542,0,High
7001964159,0,0.7050599,0,High
7001628268,0,0.7049536,0,High
7000027752,0,0.70491284,0,High
7001169890,0,0.704894,0,High
7000805104,0,0.7047849,0,High
7001398612,1,0.704596,0,High
7001124832,0,0.70450634,0,High
7000081626,0,0.70444214,0,High
7001846730,0,0.70418364,0,High
7001127867,0,0.70417404,0,High
7000473262,0,0.70412964,0,High
7001042111,0,0.7040591,0,High
7000491510,0,0.7036278,0,High
7000000825,1,0.70345974,0,High
7000650264,1,0.7032835,0,High
7001019730,0,0.7032441,0,High
7001846678,0,0.70292485,0,High
7001614613,0,0.7028179,0,High
7002140744,0,0.70230377,0,High
7000742877,0,0.7020627,0,High
7001083411,1,0.70200735,0,High
7002347379,0,0.70171034,0,High
7001662541,0,0.70145094,0,High
7000808696,0,0.7010002,0,High
7001959665,1,0.7009641,0,High
7001346755,1,0.7008496,0,High
7000620938,0,0.7006925,0,High
7000415229,0,0.7006798,0,High
7000241029,0,0.7005516,0,High
7001055928,0,0.70045906,0,High
7000535100,0,0.7004251,0,High
7002323111,0,0.700276,0,High
7000386486,1,0.70027584,0,High
7001745168,0,0.6999696,0,High
7000316256,0,0.6997393,0,High
7001380318,0,0.6996475,0,High
7000475541,1,0.6995911,0,High
7000204690,0,0.6994126,0,High
7001817127,0,0.6992516,0,High
7001190890,1,0.69886214,0,High
7001553027,0,0.6988532,0,High
7002240294,0,0.6988223,0,High
7001936356,0,0.6986477,0,High
7002402003,0,0.69863594,0,High
7002210430,0,0.69840395,0,High
7001672326,0,0.6983783,0,High
7001787181,0,0.69827306,0,High
7001972493,0,0.69826454,0,High
7000987170,0,0.6980324,0,High
7000183065,0,0.6977038,0,High
7001569760,0,0.69765913,0,High
7000127021,1,0.6975858,0,High
7000026815,0,0.6975694,0,High
7001644548,0,0.6973447,0,High
7000230097,0,0.6969102,0,High
7000374423,0,0.6968676,0,High
7000089146,1,0.6967759,0,High
7001326332,0,0.69644564,0,High
7000060297,1,0.6959564,0,High
7000350277,0,0.6956594,0,High
7001462748,0,0.69538176,0,High
7001747778,0,0.69533277,0,High
7000437604,0,0.6950706,0,High
7000667800,0,0.6950392,0,High
7001752280,0,0.69472057,0,High
7000539989,0,0.69444937,0,High
7001147418,0,0.6942207,0,High
7001727522,1,0.6940968,0,High
7000251186,0,0.6939583,0,High
7000094665,0,0.69359475,0,High
7002078933,0,0.6935904,0,High
7000483527,0,0.6935249,0,High
7002212085,0,0.6935131,0,High
7001262740,0,0.6934184,0,High
7000751524,0,0.6930772,0,High
7000889585,1,0.6928768,0,High
7000140229,0,0.6927689,0,High
7000215476,0,0.6926828,0,High
7001313501,0,0.692628,0,High
7001817470,1,0.6925245,0,High
7001420380,1,0.6916319,0,High
7001604587,1,0.6915435,0,High
7000231235,1,0.69139546,0,High
7001446259,0,0.69123816,0,High
7001467819,0,0.6906448,0,High
7000863987,0,0.6906426,0,High
7000871797,1,0.69040126,0,High
7000354309,0,0.68989474,0,High
7001357242,0,0.68986464,0,High
7000933595,0,0.68984526,0,High
7002173871,0,0.6897428,0,High
7002058698,0,0.6895929,0,High
7001754516,0,0.6895715,0,High
7000187678,0,0.68956953,0,High
7001040874,0,0.6895553,0,High
7000940941,0,0.6893919,0,High
7002338500,1,0.6878484,0,High
7000018441,0,0.6874928,0,High
7000615166,0,0.6870854,0,High
7000474252,0,0.6868725,0,High
7001301788,0,0.6865543,0,High
7000835564,0,0.68653005,0,High
7000566345,0,0.68647844,0,High
7001572537,1,0.6864482,0,High
7000437374,0,0.6862695,0,High
7002395590,1,0.6861185,0,High
7002140370,0,0.6859577,0,High
7002207555,0,0.6855417,0,High
7002172638,0,0.68543833,0,High
7000800925,0,0.68538177,0,High
7001890452,0,0.6851131,0,High
7000183831,0,0.68479156,0,High
7000349279,1,0.6846751,0,High
7000690770,0,0.6845276,0,High
7001939425,0,0.68445724,0,High
7000325819,0,0.68439114,0,High
7001775481,0,0.6840797,0,High
7001967839,0,0.68377334,0,High
7000375785,0,0.6836728,0,High
7002336339,0,0.683217,0,High
7000922685,0,0.68312126,0,High
7000605829,0,0.6830908,0,High
7000029742,0,0.6829483,0,High
7000540124,0,0.68277436,0,High
7000842652,1,0.6827265,0,High
7001749378,0,0.68239397,0,High
7002305651,0,0.68228203,0,High
7001309135,0,0.6821926,0,High
7000697667,0,0.6820005,0,High
7000984026,0,0.6818427,0,High
7001537969,0,0.68173605,0,High
7001728369,0,0.68162584,0,High
7001951965,0,0.6812633,0,High
7000206859,1,0.6811987,0,High
7000490000,0,0.68098736,0,High
7001484976,0,0.6801288,0,High
7001768229,0,0.68011856,0,High
7001709992,0,0.68011695,0,High
7000216891,0,0.67999196,0,High
7002336660,0,0.67974234,0,High
7001747177,0,0.6796956,0,High
7001204503,0,0.67960244,0,High
7000782004,0,0.6796016,0,High
7001066749,0,0.6794267,0,High
7001143509,0,0.6792544,0,High
7002222064,0,0.67896134,0,High
7000051418,0,0.67896044,0,High
7001014985,0,0.67872113,0,High
7001517077,0,0.6783598,0,High
7000665309,0,0.67814565,0,High
7002042645,0,0.67790425,0,High
7000767826,0,0.6778694,0,High
7000852959,0,0.67766774,0,High
7001393727,0,0.6775651,0,High
7001252885,0,0.67751586,0,High
7000441674,0,0.6775071,0,High
7001860903,1,0.6774807,0,High
7001134591,1,0.6773813,0,High
7002357910,0,0.67733085,0,High
7000353406,0,0.6770128,0,High
7002343556,0,0.6768698,0,High
7001183453,0,0.67678815,0,High
7001115330,0,0.6765377,0,High
7001118104,0,0.6765301,0,High
7000520952,0,0.6762101,0,High
7001942535,0,0.67591316,0,High
7001419252,0,0.67585826,0,High
7001727535,0,0.67572945,0,High
7000466402,0,0.6755739,0,High
7000619640,0,0.6752105,0,High
7000295308,0,0.6750977,0,High
7000877215,0,0.6750959,0,High
7001169662,0,0.6748608,0,High
7002074023,0,0.67467964,0,High
7002035557,0,0.67463785,0,High
7000870531,0,0.67461956,0,High
7001714795,0,0.6738879,0,High
7000289789,0,0.6736699,0,High
7000032073,0,0.67354065,0,High
7000735046,0,0.67353445,0,High
7001099742,0,0.67349595,0,High
7001344882,0,0.6733659,0,High
7001051677,0,0.6733086,0,High
7001045801,0,0.6731349,0,High
7000592491,0,0.67288655,0,High
7002333201,1,0.67271614,0,High
7001648159,0,0.67251027,0,High
7000081809,0,0.6724247,0,High
7000040861,0,0.67222536,0,High
7000345047,0,0.67218804,0,High
7002281056,0,0.67172176,0,High
7000755337,0,0.67143136,0,High
7000080862,0,0.67134917,0,High
7000294415,0,0.67089325,0,High
7000396719,0,0.6706741,0,High
7001064831,0,0.6700636,0,High
7000010898,0,0.6700488,0,High
7002391309,0,0.6700463,0,High
7001143365,0,0.6696887,0,High
7000769220,0,0.6693133,0,High
7002048786,0,0.6691134,0,High
7000152058,0,0.6688376,0,High
7001024121,0,0.66851926,0,High
7001699391,0,0.66840625,0,High
7000532448,0,0.6683012,0,High
7000358859,1,0.6681815,0,High
7002172997,0,0.66810215,0,High
7000989444,0,0.66809666,0,High
7000821455,0,0.6680314,0,High
7000495012,0,0.6680166,0,High
7000073985,0,0.66797745,0,High
7000506019,0,0.6676032,0,High
7000114583,0,0.66666603,0,High
7000185150,0,0.66663104,0,High
7001589679,0,0.6665161,0,High
7001579762,0,0.66608596,0,High
7001152162,0,0.6659973,0,High
7001384115,0,0.6659532,0,High
7001492018,0,0.66554266,0,High
7000793028,0,0.66553134,0,High
7001214432,0,0.66549265,0,High
7001795013,0,0.66509527,0,High
7000079330,0,0.6648024,0,High
7000986621,0,0.664776,0,High
7001145664,0,0.66453147,0,High
7000793414,0,0.66426533,0,High
7000860176,0,0.66374594,0,High
7000664753,1,0.66367865,0,High
7001666299,0,0.6634409,0,High
7002173207,0,0.66339177,0,High
7001389795,1,0.66339004,0,High
7000226140,0,0.66336656,0,High
7000513096,0,0.66336435,0,High
7002162187,0,0.66335267,0,High
7001153713,0,0.66334146,0,High
7001435723,1,0.66333765,0,High
7000019250,0,0.6631506,0,High
7000526921,0,0.66305715,0,High
7000440759,0,0.662873,0,High
7001537264,1,0.662739,0,High
7000052859,0,0.6626848,0,High
7000418684,0,0.6624475,0,High
7000964037,0,0.6623214,0,High
7000222231,0,0.66232014,0,High
7000268040,0,0.6622063,0,High
7000925978,0,0.6620759,0,High
7000998600,0,0.6620693,0,High
7000264103,0,0.6619048,0,High
7002287044,0,0.66173667,0,High
7001680094,0,0.66164136,0,High
7001226774,0,0.6615259,0,High
7000569291,0,0.6612481,0,High
7000660032,0,0.66106546,0,High
7001697923,0,0.661035,0,High
7000327839,0,0.66062695,0,High
7000438162,0,0.6604188,0,High
7001114258,1,0.660205,0,High
7001124197,0,0.66005754,0,High
7000844623,0,0.6599674,0,High
7000891319,0,0.65995604,0,High
7000828316,0,0.6599024,0,High
7002304819,0,0.65986717,0,High
7002385014,0,0.65967584,0,High
7001781664,0,0.659645,0,High
7001191782,0,0.659359,0,High
7000783952,0,0.6589181,0,High
7002280739,1,0.6588837,0,High
7000123844,0,0.65884936,0,High
7001168904,1,0.6587423,0,High
7001999089,0,0.6587314,0,High
7001901623,0,0.6585501,0,High
7000396309,0,0.65853435,0,High
7000416938,0,0.6575753,0,High
7000073796,1,0.65745986,0,High
7002410061,0,0.6574476,0,High
7000584579,0,0.6573993,0,High
7000179735,0,0.65689325,0,High
7001555686,0,0.65662265,0,High
7001350153,0,0.65627784,0,High
7001852139,0,0.65618914,0,High
7000539571,0,0.6561407,0,High
7000912446,0,0.65607595,0,High
7002095361,0,0.6558738,0,High
7001793431,0,0.65579003,0,High
7001467319,0,0.6557639,0,High
7001030304,0,0.6555779,0,High
7000064852,0,0.65517634,0,High
7000783555,0,0.65491825,0,High
7000599957,0,0.6548464,0,High
7000492746,0,0.6548125,0,High
7002302332,0,0.6546924,0,High
7001066692,0,0.65462184,0,High
7002061543,0,0.65431255,0,High
7000128483,0,0.6542895,0,High
7001207575,1,0.6541698,0,High
7001471162,0,0.654109,0,High
7002331067,0,0.6540566,0,High
7001076505,0,0.65386456,0,High
7001899757,0,0.65356004,0,High
7000007833,0,0.6531439,0,High
7000188617,0,0.65308356,0,High
7000769420,0,0.65299666,0,High
7000643683,0,0.6529954,0,High
7000635819,0,0.65282154,0,High
7002264251,0,0.65277654,0,High
7000786111,0,0.65260786,0,High
7001734998,0,0.6522666,0,High
7000133604,0,0.65204686,0,High
7001255256,0,0.65148187,0,High
7000916433,0,0.65134764,0,High
7000127850,0,0.65133286,0,High
7001634217,0,0.65113777,0,High
7000342624,0,0.65094346,0,High
7000046747,0,0.6508847,0,High
7000089874,0,0.6507266,0,High
7000479195,0,0.6506835,0,High
7000458700,0,0.65061235,0,High
7000527885,0,0.6505397,0,High
7001535845,0,0.64967,0,High
7001996722,0,0.6496647,0,High
7000309200,0,0.6495444,0,High
7001610934,0,0.6491548,0,High
7001515509,0,0.6490258,0,High
7000948148,0,0.6490029,0,High
7002318709,0,0.64862406,0,High
7001560253,0,0.648392,0,High
7002043439,0,0.64831156,0,High
7001691790,1,0.6478787,0,High
7001982119,0,0.6477044,0,High
7000020289,0,0.6475338,0,High
7001769351,1,0.64745873,0,High
7000308211,0,0.64737475,0,High
7001134210,0,0.64686966,0,High
7000298995,0,0.64661473,0,High
7002207330,1,0.64646995,0,High
7000466342,0,0.6462877,0,High
7000281872,0,0.6462316,0,High
7000827781,0,0.64567393,0,High
7000001569,0,0.64563763,0,High
7000318252,0,0.64535505,0,High
7001184566,0,0.64533955,0,High
7001122934,0,0.64507097,0,High
7000396845,0,0.6449375,0,High
7001067479,0,0.6447563,0,High
7000298986,0,0.6447289,0,High
7001965436,0,0.64472157,0,High
7001664175,0,0.64457905,0,High
7000586661,0,0.644182,0,High
7001540112,0,0.64398897,0,High
7000434646,0,0.6435623,0,High
7000876191,0,0.6431312,0,High
7000093887,0,0.64296496,0,High
7002000660,0,0.64276165,0,High
7002209346,0,0.64270014,0,High
7001238457,0,0.64267665,0,High
7002026184,0,0.64227635,0,High
7000281740,0,0.64224213,0,High
7002292093,0,0.642091,0,High
7000374258,1,0.64195067,0,High
7000230059,0,0.6417623,0,High
7001952992,1,0.64170897,0,High
7000661895,0,0.64143777,0,High
7000951076,0,0.6409827,0,High
7000866466,0,0.64092106,0,High
7000260068,0,0.6408653,0,High
7000149316,0,0.6408625,0,High
7000735738,0,0.6408155,0,High
7001787835,0,0.6406706,0,High
7001861366,0,0.64060295,0,High
7001672101,0,0.6405522,0,High
7002378437,0,0.6401644,0,High
7001554730,0,0.64004534,0,High
7001173395,1,0.639692,0,High
7000321572,0,0.639521,0,High
7001050272,0,0.6391964,0,High
7002004440,0,0.639146,0,High
7000569143,0,0.639013,0,High
7000561209,0,0.63896936,0,High
7002292749,0,0.63855505,0,High
7002061722,0,0.63842964,0,High
7000101882,0,0.6378898,0,High
7000349859,0,0.63774693,0,High
7002251700,0,0.6373397,0,High
7000946607,0,0.6371043,0,High
7000492711,0,0.6368398,0,High
7001128468,0,0.6363563,0,High
7001159420,0,0.63614815,0,High
7002088321,0,0.63611805,0,High
7001216780,0,0.6361155,0,High
7002389893,0,0.6358734,0,High
7000128144,0,0.6355899,0,High
7000243547,0,0.63551295,0,High
7002149730,0,0.6353133,0,High
7000678611,0,0.63517356,0,High
7000181609,0,0.63516694,0,High
7001486412,0,0.635143,0,High
7000801811,0,0.63512075,0,High
7000533813,0,0.6349457,0,High
7001386579,0,0.6346894,0,High
7001580291,0,0.6345823,0,High
7000512290,0,0.6345551,0,High
7000047968,1,0.63448495,0,High
7000451251,0,0.6344186,0,High
7001673186,0,0.6343039,0,High
7000395984,1,0.6342465,0,High
7000550726,1,0.6340084,0,High
7000537565,0,0.6339914,0,High
7002084888,0,0.6339801,0,High
7000641362,0,0.63377035,0,High
7001764571,0,0.6336646,0,High
7000065083,0,0.63311726,0,High
7001514442,0,0.6327236,0,High
7002102085,0,0.6324777,0,High
7000290746,0,0.63221216,0,High
7002396861,0,0.6321076,0,High
7000965140,0,0.63180876,0,High
7001929601,1,0.6316713,0,High
7000520411,0,0.6316215,0,High
7002279411,0,0.6315503,0,High
7000873176,0,0.63136405,0,High
7002185144,0,0.63122386,0,High
7002363914,0,0.6305827,0,High
7001173759,0,0.63044536,0,High
7001202397,0,0.63023686,0,High
7001721666,0,0.6301953,0,High
7002184642,0,0.63007706,0,High
7000310386,0,0.62965333,0,High
7000755251,0,0.6293929,0,High
7000695990,0,0.6293284,0,High
7000875076,0,0.6292033,0,High
7000406998,0,0.6291029,0,High
7000718346,0,0.6290921,0,High
7000552299,0,0.6284349,0,High
7001794177,0,0.6281182,0,High
7000598124,0,0.6279059,0,High
7000021774,0,0.6278797,0,High
7002287167,0,0.6278276,0,High
7000278824,0,0.62745756,0,High
7001560383,0,0.6270375,0,High
7002113376,0,0.6267758,0,High
7000893079,0,0.6263637,0,High
7000064116,0,0.6261656,0,High
7001807015,0,0.6260302,0,High
7001017523,1,0.6259973,0,High
7001298869,0,0.6257469,0,High
7000900109,0,0.6256489,0,High
7000045423,0,0.6254915,0,High
7002373178,0,0.6254162,0,High
7001770981,0,0.62515193,0,High
7001233613,0,0.6251203,0,High
7001097103,0,0.6249319,0,High
7001941554,0,0.6246351,0,High
7000419081,0,0.62452847,0,High
7000067578,0,0.62452334,0,High
7001372898,0,0.62439156,0,High
7001140989,0,0.6242243,0,High
7000472135,0,0.6238163,0,High
7001056061,0,0.6237471,0,High
7000291829,0,0.62351465,0,High
7001640715,0,0.62348026,0,High
7002170316,0,0.62345964,0,High
7001825525,0,0.6233519,0,High
7000678826,0,0.6232267,0,High
7001694217,0,0.623219,0,High
7001023171,0,0.62304896,0,High
7002205769,1,0.6227523,0,High
7001004952,0,0.6226129,0,High
7000550453,0,0.62232095,0,High
7000800356,0,0.6221301,0,High
7000474369,0,0.6218833,0,High
7001686293,0,0.6217572,0,High
7001120651,0,0.62144953,0,High
7000438273,0,0.621123,0,High
7001743506,0,0.62100416,0,High
7000419999,0,0.6209026,0,High
7000553868,0,0.6208188,0,High
7000015351,0,0.6207104,0,High
7000820361,0,0.62070346,0,High
7001161428,0,0.6206284,0,High
7000117313,0,0.62061846,0,High
7001570989,0,0.6205749,0,High
7002080667,1,0.6204827,0,High
7000390287,0,0.62007177,0,High
7000996388,0,0.61969703,0,High
7001566588,0,0.6194791,0,High
7000573910,0,0.61919343,0,High
7000792588,0,0.6190745,0,High
7001204174,0,0.6188875,0,High
7000203719,0,0.6181886,0,High
7002215229,0,0.61815804,0,High
7001790801,0,0.618014,0,High
7001581302,0,0.61798346,0,High
7002078989,0,0.6177321,0,High
7000653005,0,0.61754453,0,High
7000773058,0,0.6174377,0,High
7000028151,0,0.6173609,0,High
7002334987,0,0.6173385,0,High
7001235262,1,0.6173044,0,High
7000404886,1,0.6171887,0,High
7001376203,0,0.6167778,0,High
7002190159,0,0.61649156,0,High
7000394097,0,0.6162115,0,High
7001275682,0,0.61554945,0,High
7001797338,0,0.6155353,0,High
7000201170,1,0.6148882,0,High
7002096478,0,0.61477214,0,High
7000825720,0,0.6145994,0,High
7000532591,0,0.6145325,0,High
7001929780,0,0.6143165,0,High
7002375996,0,0.61426705,0,High
7001423067,0,0.6142033,0,High
7000634589,0,0.6138831,0,High
7001007433,0,0.61371595,0,High
7001054038,0,0.61362624,0,High
7000150547,0,0.6133378,0,High
7000643266,1,0.6133212,0,High
7000788367,0,0.61311984,0,High
7000155662,0,0.6131152,0,High
7000033039,0,0.6130145,0,High
7002198595,0,0.6128896,0,High
7000160498,1,0.61251414,0,High
7000971944,0,0.61224353,0,High
7001238897,0,0.61217123,0,High
7000273481,0,0.6117811,0,High
7000085973,0,0.61160016,0,High
7001583189,0,0.6114956,0,High
7001407414,0,0.6112267,0,High
7002242752,0,0.6111927,0,High
7000059638,0,0.6111181,0,High
7001595080,0,0.6110969,0,High
7001497569,0,0.61095744,0,High
7001604175,1,0.6109439,0,High
7000318671,0,0.61083883,0,High
7000793892,0,0.6106849,0,High
7000823457,0,0.6105456,0,High
7000709380,0,0.6102894,0,High
7000362897,1,0.6101276,0,High
7001180427,0,0.61010927,0,High
7000753559,0,0.60992175,0,High
7000006195,1,0.60983986,0,High
7002162686,0,0.60964197,0,High
7002032267,0,0.60941476,0,High
7001006670,0,0.6092226,0,High
7001619710,0,0.609173,0,High
7001630135,1,0.6090963,0,High
7000161000,1,0.60892427,0,High
7000549622,0,0.6088685,0,High
7001868632,0,0.60875016,0,High
7000083031,0,0.6086158,0,High
7001196199,0,0.6083972,0,High
7000025956,0,0.60815644,0,High
7001257531,0,0.60739917,0,High
7001735307,0,0.6073304,0,High
7000270189,0,0.60682887,0,High
7001318004,0,0.60666955,0,High
7001992924,0,0.6065552,0,High
7000140282,0,0.6065505,0,High
7000166313,0,0.60643804,0,High
7001848292,1,0.60636437,0,High
7001586240,0,0.60612756,0,High
7001616044,0,0.60602224,0,High
7001958956,0,0.6054251,0,High
7000506143,0,0.6051263,0,High
7000544016,0,0.60504574,0,High
7002122432,0,0.6049802,0,High
7000586517,1,0.60478437,0,High
7001526197,0,0.6046866,0,High
7002008116,0,0.6046025,0,High
7000113665,0,0.60405296,0,High
7000689358,0,0.6039505,0,High
7001972671,0,0.60389614,0,High
7000841699,0,0.60380685,0,High
7001192453,0,0.6037491,0,High
7000551734,0,0.60374653,0,High
7000675588,0,0.60371965,0,High
7002291130,0,0.60371333,0,High
7000491228,0,0.6035329,0,High
7000037332,0,0.6034063,0,High
7000554141,0,0.6029181,0,High
7000528178,0,0.6025084,0,High
7000134160,0,0.60212845,0,High
7001987887,0,0.6021207,0,High
7000201565,0,0.6019698,0,High
7001031675,0,0.6018313,0,High
7000798043,0,0.601547,0,High
7000645836,0,0.60144705,0,High
7000343113,0,0.601271,0,High
7000384296,0,0.60126907,0,High
7002298188,0,0.60121804,0,High
7000001864,0,0.60098684,0,High
7002301900,1,0.60092056,0,High
7000898368,0,0.6006334,0,High
7000422924,0,0.6005228,0,High
7000346964,0,0.6004656,0,High
7000180622,0,0.60042876,0,High
7000363603,1,0.600234,0,High
7000763818,0,0.59987605,0,Medium
7001604541,0,0.59978265,0,Medium
7001188440,0,0.59933054,0,Medium
7000689154,0,0.5990611,0,Medium
7000733604,0,0.5987142,0,Medium
7000881926,0,0.5983426,0,Medium
7001792051,0,0.5981172,0,Medium
7001854383,0,0.5978115,0,Medium
7001151014,1,0.59779876,0,Medium
7000221933,0,0.59763706,0,Medium
7000379387,1,0.5974451,0,Medium
7000101236,0,0.5973671,0,Medium
7000803216,0,0.59671956,0,Medium
7000259802,0,0.5962855,0,Medium
7001162701,0,0.59622747,0,Medium
7000194260,0,0.5961122,0,Medium
7000641621,0,0.59576243,0,Medium
7001701426,0,0.59565914,0,Medium
7001960192,0,0.5956546,0,Medium
7001687773,0,0.59531033,0,Medium
7000654824,0,0.5948729,0,Medium
7002308087,0,0.5948612,0,Medium
7001024388,0,0.5944819,0,Medium
7000359227,0,0.5944234,0,Medium
7001809100,0,0.59353137,0,Medium
7000061496,0,0.59338117,0,Medium
7001113069,0,0.5931764,0,Medium
7000247826,0,0.5930896,0,Medium
7001727810,0,0.5930781,0,Medium
7000900435,1,0.5928666,0,Medium
7000143054,0,0.5927806,0,Medium
7000027967,0,0.59263456,0,Medium
7000913531,0,0.5926111,0,Medium
7000780024,0,0.59223187,0,Medium
7001713149,0,0.5919281,0,Medium
7000179151,0,0.59143066,0,Medium
7001080779,0,0.59132993,0,Medium
7000141452,0,0.5910542,0,Medium
7001768901,1,0.5910416,0,Medium
7002364386,0,0.59080315,0,Medium
7000367888,0,0.59066755,0,Medium
7001920524,0,0.5902305,0,Medium
7000252936,0,0.5899581,0,Medium
7000725530,1,0.5899439,0,Medium
7002290299,0,0.5898708,0,Medium
7001877069,0,0.5893504,0,Medium
7000823051,0,0.58909065,0,Medium
7002227592,0,0.58902055,0,Medium
7002018829,0,0.58893394,0,Medium
7000068465,0,0.58867955,0,Medium
7000313267,0,0.58867633,0,Medium
7001064254,1,0.58861065,0,Medium
7002134158,0,0.58856964,0,Medium
7000778650,0,0.58851564,0,Medium
7002377576,0,0.5884211,0,Medium
7001815879,0,0.58841723,0,Medium
7001487252,1,0.5880867,0,Medium
7000006471,0,0.5880404,0,Medium
7000739769,0,0.58801293,0,Medium
7001907316,0,0.5879803,0,Medium
7001763943,0,0.58792263,0,Medium
7000194256,0,0.5871127,0,Medium
7000313584,0,0.58690244,0,Medium
7001872815,0,0.58685774,0,Medium
7002386036,0,0.5864223,0,Medium
7000568572,0,0.58633035,0,Medium
7002390088,0,0.58625555,0,Medium
7000688638,1,0.5861098,0,Medium
7002243871,0,0.58576673,0,Medium
7000034221,0,0.5855764,0,Medium
7001933481,0,0.58523583,0,Medium
7001647528,1,0.58477443,0,Medium
7000726443,0,0.5845861,0,Medium
7002395779,0,0.58442944,0,Medium
7000118889,0,0.5843894,0,Medium
7000431264,0,0.5842056,0,Medium
7000199583,0,0.5841172,0,Medium
7001240726,0,0.5840747,0,Medium
7000601491,0,0.5840642,0,Medium
7000028966,0,0.58397996,0,Medium
7002276986,1,0.5838796,0,Medium
7000661314,1,0.5835338,0,Medium
7002265752,0,0.5834326,0,Medium
7000383008,0,0.58335334,0,Medium
7001328903,0,0.5833301,0,Medium
7000831890,0,0.583037,0,Medium
7001758203,0,0.5828584,0,Medium
7001338620,0,0.58269185,0,Medium
7001739783,1,0.5825702,0,Medium
7000461609,0,0.5825432,0,Medium
7001535598,0,0.58238465,0,Medium
7001230935,1,0.58228314,0,Medium
7000539219,0,0.58206785,0,Medium
7000709586,0,0.5818864,0,Medium
7000725713,1,0.58164304,0,Medium
7002197011,0,0.58132595,0,Medium
7000839967,0,0.581311,0,Medium
7001616659,0,0.58093417,0,Medium
7000177841,0,0.5804553,0,Medium
7002114120,0,0.58037394,0,Medium
7000622824,0,0.5801122,0,Medium
7001386429,0,0.5800051,0,Medium
7002063615,1,0.5798416,0,Medium
7002292118,0,0.5794427,0,Medium
7000271734,0,0.57871217,0,Medium
7001686877,0,0.57863736,0,Medium
7001166779,0,0.5773596,0,Medium
7000050251,0,0.5771986,0,Medium
7000094324,0,0.57710665,0,Medium
7000314873,0,0.57688344,0,Medium
7000164016,0,0.5766265,0,Medium
7001237174,0,0.5763266,0,Medium
7001719033,0,0.5762769,0,Medium
7000409272,0,0.57611626,0,Medium
7000560559,0,0.576109,0,Medium
7001414941,0,0.5758936,0,Medium
7001851816,0,0.575861,0,Medium
7001396954,1,0.5758467,0,Medium
7001394527,1,0.5752787,0,Medium
7000838432,0,0.5752129,0,Medium
7001624887,0,0.5751495,0,Medium
7001868449,0,0.5750668,0,Medium
7001879355,1,0.575039,0,Medium
7002167102,0,0.5749271,0,Medium
7000140754,0,0.57489455,0,Medium
7000342617,0,0.5745017,0,Medium
7002402163,0,0.57423455,0,Medium
7000595793,0,0.5740179,0,Medium
7001651084,0,0.57398146,0,Medium
7000242814,0,0.5738037,0,Medium
7000640449,0,0.5735278,0,Medium
7001690311,0,0.5734379,0,Medium
7000337578,0,0.5734208,0,Medium
7000117136,0,0.57335013,0,Medium
7000656187,0,0.5733013,0,Medium
7001902895,0,0.57324034,0,Medium
7000678645,0,0.57307255,0,Medium
7000666565,0,0.57298297,0,Medium
7001029130,1,0.57264256,0,Medium
7000712646,0,0.5726036,0,Medium
7001634312,0,0.5724679,0,Medium
7001852939,0,0.5721377,0,Medium
7001368215,0,0.5720796,0,Medium
7000203508,0,0.57203114,0,Medium
7000331730,0,0.57161206,0,Medium
7002410903,0,0.57138383,0,Medium
7000891838,0,0.57137966,0,Medium
7000371430,0,0.57119405,0,Medium
7000597910,0,0.5711776,0,Medium
7000028812,0,0.57106316,0,Medium
7001433387,0,0.57095534,0,Medium
7000545767,0,0.5705328,0,Medium
7000786456,1,0.5703929,0,Medium
7000753240,0,0.57034355,0,Medium
7000519029,0,0.57023317,0,Medium
7002234413,0,0.5701945,0,Medium
7001055135,0,0.5698687,0,Medium
7001775470,0,0.569037,0,Medium
7001956840,0,0.5687722,0,Medium
7001332015,0,0.56875116,0,Medium
7000444227,0,0.568734,0,Medium
7000513303,0,0.5686902,0,Medium
7000282347,0,0.5684211,0,Medium
7001938235,0,0.56839865,0,Medium
7002263775,0,0.5682988,0,Medium
7000788405,0,0.5682295,0,Medium
7000567558,0,0.5678236,0,Medium
7002387857,1,0.5677924,0,Medium
7001171754,0,0.5677224,0,Medium
7002183866,0,0.5676972,0,Medium
7001214721,0,0.5674553,0,Medium
7001631328,0,0.5674456,0,Medium
7001055346,0,0.567007,0,Medium
7001330210,0,0.56695706,0,Medium
7002378006,0,0.5669404,0,Medium
7000662541,0,0.5668569,0,Medium
7001489183,0,0.5668412,0,Medium
7002124027,0,0.5667296,0,Medium
7000817721,0,0.5666216,0,Medium
7000107149,1,0.5656294,0,Medium
7001839676,0,0.5651453,0,Medium
7000412857,0,0.56514317,0,Medium
7000987829,0,0.56511706,0,Medium
7002132453,1,0.5649905,0,Medium
7000746429,0,0.5648558,0,Medium
7000563141,0,0.5646786,0,Medium
7000359219,0,0.5641727,0,Medium
7000894390,0,0.5641411,0,Medium
7000645355,1,0.564034,0,Medium
7001140644,0,0.56351393,0,Medium
7000623402,0,0.563426,0,Medium
7000965666,0,0.5634052,0,Medium
7001235297,0,0.5630865,0,Medium
7002020824,0,0.5630524,0,Medium
7000378597,0,0.5627709,0,Medium
7001614121,1,0.5627616,0,Medium
7001088932,0,0.56268543,0,Medium
7001869568,0,0.5623689,0,Medium
7000843123,0,0.5622001,0,Medium
7001359690,0,0.56210417,0,Medium
7000415725,0,0.56182134,0,Medium
7000017535,1,0.5615657,0,Medium
7001999537,0,0.561487,0,Medium
7002129374,0,0.56133974,0,Medium
7001124232,0,0.56106263,0,Medium
7001840493,0,0.5609116,0,Medium
7000327396,0,0.56089836,0,Medium
7002136567,0,0.5606269,0,Medium
7000274490,0,0.56054646,0,Medium
7001207366,0,0.5592901,0,Medium
7002409764,0,0.5589966,0,Medium
7000877437,0,0.55874795,0,Medium
7000357349,0,0.558734,0,Medium
7000689704,0,0.5587098,0,Medium
7001695273,0,0.55865663,0,Medium
7001038054,0,0.55847275,0,Medium
7000022745,0,0.5582974,0,Medium
7002377076,0,0.55823267,0,Medium
7001596670,0,0.5581723,0,Medium
7002121760,0,0.55810934,0,Medium
7000682548,0,0.5580982,0,Medium
7001865225,0,0.55786175,0,Medium
7001129157,0,0.5575101,0,Medium
7000069077,0,0.55714524,0,Medium
7000564346,0,0.5570978,0,Medium
7001262832,0,0.55689687,0,Medium
7000338771,0,0.5567496,0,Medium
7001766196,0,0.55649185,0,Medium
7000828343,0,0.55630374,0,Medium
7001692953,0,0.55601186,0,Medium
7000543281,0,0.5557205,0,Medium
7001851927,0,0.55550975,0,Medium
7000781158,0,0.5554842,0,Medium
7001674124,1,0.55514836,0,Medium
7000870988,0,0.5550125,0,Medium
7001875370,0,0.5548273,0,Medium
7000624962,0,0.5545242,0,Medium
7000313551,0,0.5544342,0,Medium
7000743150,0,0.5544332,0,Medium
7000113240,0,0.5540949,0,Medium
7000091335,0,0.55319524,0,Medium
7002058113,0,0.5531577,0,Medium
7002028191,0,0.553141,0,Medium
7000331208,0,0.55305725,0,Medium
7002077139,1,0.55302626,0,Medium
7000229159,0,0.5528649,0,Medium
7000051660,0,0.55283594,0,Medium
7000236858,0,0.5528356,0,Medium
7000466142,0,0.552623,0,Medium
7000424626,0,0.5525808,0,Medium
7001440820,0,0.5524749,0,Medium
7000634330,0,0.55235785,0,Medium
7001805165,0,0.5522428,0,Medium
7000436192,0,0.5521501,0,Medium
7002368048,0,0.5520721,0,Medium
7000485762,0,0.55204034,0,Medium
7001076730,0,0.55168486,0,Medium
7002373288,0,0.55144274,0,Medium
7000068177,0,0.55135083,0,Medium
7000567788,0,0.5510239,0,Medium
7001822502,0,0.5509966,0,Medium
7000082914,0,0.5509719,0,Medium
7002287785,0,0.55092406,0,Medium
7001821151,0,0.55080545,0,Medium
7001178224,0,0.5506887,0,Medium
7000099747,0,0.5503355,0,Medium
7002366617,0,0.5503343,0,Medium
7000147759,0,0.5502885,0,Medium
7000824645,0,0.5501572,0,Medium
7000574814,0,0.5499622,0,Medium
7000311947,0,0.5499316,0,Medium
7000913939,0,0.5498362,0,Medium
7000582958,0,0.5498145,0,Medium
7001979799,0,0.5496314,0,Medium
7002057911,0,0.54956514,0,Medium
7001160242,0,0.5494965,0,Medium
7002006937,0,0.54920334,0,Medium
7000726156,0,0.5487992,0,Medium
7000447026,0,0.54869133,0,Medium
7002378313,0,0.54805356,0,Medium
7001463805,0,0.54780996,0,Medium
7000457614,0,0.5475679,0,Medium
7002298158,0,0.5473181,0,Medium
7002318969,0,0.54731345,0,Medium
7000721536,0,0.54714984,0,Medium
7001070447,0,0.5470394,0,Medium
7002273058,0,0.5465921,0,Medium
7002094181,0,0.54626757,0,Medium
7001449864,0,0.54600143,0,Medium
7001144906,0,0.54581594,0,Medium
7002109189,0,0.5457165,0,Medium
7000825643,0,0.5455537,0,Medium
7000512878,0,0.5454734,0,Medium
7002040315,0,0.54546773,0,Medium
7000123312,0,0.54536736,0,Medium
7002370786,0,0.54527706,0,Medium
7000039335,0,0.5451925,0,Medium
7001428544,0,0.54493004,0,Medium
7001555039,0,0.54437876,0,Medium
7000886737,0,0.54430604,0,Medium
7000880691,0,0.54416174,0,Medium
7000888507,0,0.5440931,0,Medium
7001996910,0,0.5440603,0,Medium
7002354549,0,0.5439786,0,Medium
7000024505,0,0.54395795,0,Medium
7000076484,0,0.5439191,0,Medium
7000843774,0,0.5436237,0,Medium
7001658226,0,0.54332274,0,Medium
7000320682,0,0.542977,0,Medium
7000919111,0,0.5429275,0,Medium
7000943426,0,0.54281694,0,Medium
7000355850,0,0.54258466,0,Medium
7001992793,0,0.54246813,0,Medium
7002150144,0,0.54244393,0,Medium
7000691048,0,0.54236114,0,Medium
7000188477,0,0.5422103,0,Medium
7000743724,0,0.5421661,0,Medium
7001640595,0,0.541991,0,Medium
7002050277,0,0.5418454,0,Medium
7001199873,0,0.54168504,0,Medium
7001664388,0,0.5412616,0,Medium
7000637964,0,0.5411878,0,Medium
7000023551,0,0.5411117,0,Medium
7001964199,0,0.540887,0,Medium
7001578018,0,0.5407366,0,Medium
7001889612,0,0.54068583,0,Medium
7000021157,0,0.5406593,0,Medium
7001932234,0,0.54027194,0,Medium
7000366969,0,0.5399586,0,Medium
7000344831,1,0.5396057,0,Medium
7000909249,1,0.53900206,0,Medium
7000260573,0,0.53872883,0,Medium
7000272646,0,0.53867495,0,Medium
7002240156,0,0.53838205,0,Medium
7000520844,0,0.53821534,0,Medium
7000541426,0,0.538028,0,Medium
7001047739,0,0.53795254,0,Medium
7000720224,0,0.5378791,0,Medium
7000525353,0,0.53785473,0,Medium
7002319574,1,0.53746474,0,Medium
7000482575,0,0.537131,0,Medium
7001793316,0,0.5371149,0,Medium
7001094837,0,0.53685826,0,Medium
7001870232,0,0.5368108,0,Medium
7001135229,0,0.5363479,0,Medium
7001371547,1,0.5362744,0,Medium
7000989864,0,0.53583384,0,Medium
7001306324,0,0.535723,0,Medium
7002345667,0,0.5356626,0,Medium
7000996607,0,0.5355662,0,Medium
7000588212,1,0.53550184,0,Medium
7000694180,0,0.5353593,0,Medium
7000119726,0,0.5353514,0,Medium
7002313963,0,0.53469217,0,Medium
7000753581,0,0.5344732,0,Medium
7001166982,0,0.5342381,0,Medium
7000602643,0,0.5340738,0,Medium
7001665068,0,0.5340574,0,Medium
7001292407,0,0.5336721,0,Medium
7002397199,0,0.53340936,0,Medium
7001553004,0,0.5333693,0,Medium
7002132370,0,0.5331047,0,Medium
7000048942,1,0.5328079,0,Medium
7001249115,0,0.5326837,0,Medium
7000139268,0,0.5323507,0,Medium
7000575668,0,0.532337,0,Medium
7000770932,0,0.53233165,0,Medium
7001418932,0,0.53206855,0,Medium
7001349897,0,0.53200364,0,Medium
7001188615,0,0.53186435,0,Medium
7000728470,0,0.531521,0,Medium
7000549853,0,0.5312887,0,Medium
7000033343,1,0.53107506,0,Medium
7000618350,0,0.5309832,0,Medium
7000318998,0,0.5306354,0,Medium
7002376603,0,0.53060865,0,Medium
7001882869,0,0.53042066,0,Medium
7002176996,0,0.5302622,0,Medium
7001484893,0,0.5299299,0,Medium
7000967966,0,0.5299059,0,Medium
7001035700,0,0.5298844,0,Medium
7000784390,1,0.52973217,0,Medium
7001427443,0,0.5297073,0,Medium
7000678546,0,0.5294211,0,Medium
7000301487,0,0.52902645,0,Medium
7002330380,0,0.52885824,0,Medium
7002397236,0,0.528661,0,Medium
7000868968,0,0.52863336,0,Medium
7001315059,1,0.5286254,0,Medium
7001486077,0,0.5286072,0,Medium
7001932949,0,0.52860624,0,Medium
7000059557,0,0.528565,0,Medium
7002079112,0,0.5284012,0,Medium
7002271254,0,0.5281401,0,Medium
7000131200,0,0.5278334,0,Medium
7001325454,0,0.52771324,0,Medium
7002024199,0,0.5276658,0,Medium
7001787638,0,0.5275409,0,Medium
7001881173,0,0.52740157,0,Medium
7002094348,0,0.5273497,0,Medium
7002242369,0,0.52731305,0,Medium
7000706363,0,0.52716136,0,Medium
7001664719,0,0.526751,0,Medium
7002194377,0,0.5265669,0,Medium
7001959311,0,0.5264903,0,Medium
7001882237,0,0.52618486,0,Medium
7002280024,1,0.52603066,0,Medium
7000870132,0,0.52558583,0,Medium
7000462273,0,0.5255671,0,Medium
7000045942,0,0.5251189,0,Medium
7000428052,0,0.5250902,0,Medium
7001960136,0,0.52507997,0,Medium
7001438433,0,0.52475256,0,Medium
7000160454,0,0.5245045,0,Medium
7000999647,0,0.52447754,0,Medium
7000486015,0,0.52433026,0,Medium
7001435013,1,0.5242658,0,Medium
7000434242,0,0.52424496,0,Medium
7001424674,0,0.5241732,0,Medium
7000587400,0,0.52412903,0,Medium
7001177800,0,0.52374876,0,Medium
7001956095,0,0.5236476,0,Medium
7000536928,0,0.52359176,0,Medium
7001076339,0,0.5235696,0,Medium
7001414101,0,0.5232716,0,Medium
7001780337,0,0.5230759,0,Medium
7001093626,0,0.522433,0,Medium
7000108153,0,0.5222431,0,Medium
7001025422,0,0.5221441,0,Medium
7001668198,0,0.5221178,0,Medium
7001352677,0,0.5219792,0,Medium
7000274029,0,0.5219699,0,Medium
7001349021,0,0.5216331,0,Medium
7000462052,0,0.5214573,0,Medium
7000237009,0,0.5214329,0,Medium
7002294770,0,0.52131957,0,Medium
7000401532,0,0.5211319,0,Medium
7002181664,1,0.52105165,0,Medium
7001007841,0,0.520994,0,Medium
7001309409,0,0.5206793,0,Medium
7001413756,0,0.5206036,0,Medium
7001171598,0,0.5203795,0,Medium
7001354804,0,0.52036434,0,Medium
7001810783,1,0.5203305,0,Medium
7001670918,0,0.52017915,0,Medium
7000394014,1,0.52008814,0,Medium
7002032130,0,0.52002305,0,Medium
7000418238,0,0.51990604,0,Medium
7002116495,0,0.5194838,0,Medium
7000013019,0,0.51923084,0,Medium
7001198322,0,0.5187813,0,Medium
7000335511,0,0.5185718,0,Medium
7000409413,0,0.5185057,0,Medium
7002053068,0,0.51844084,0,Medium
7000361953,0,0.5181965,0,Medium
7002196229,0,0.51817507,0,Medium
7000068275,0,0.5181386,0,Medium
7000292698,0,0.51813805,0,Medium
7001935119,0,0.5180668,0,Medium
7000106840,0,0.5180219,0,Medium
7001266791,0,0.5178792,0,Medium
7000695143,0,0.5177785,0,Medium
7001911886,0,0.51764894,0,Medium
7000465386,0,0.5173081,0,Medium
7000415225,0,0.51672536,0,Medium
7001492066,1,0.51655084,0,Medium
7000522570,0,0.5164267,0,Medium
7002247980,0,0.51626635,0,Medium
7001862122,0,0.51625156,0,Medium
7000458503,0,0.5161131,0,Medium
7000797463,0,0.5161088,0,Medium
7000097406,0,0.5158654,0,Medium
7002232341,0,0.51579523,0,Medium
7001992638,0,0.51577973,0,Medium
7001363077,0,0.5157206,0,Medium
7000427506,0,0.5155852,0,Medium
7000131500,0,0.5155355,0,Medium
7000608765,1,0.5154027,0,Medium
7001607454,0,0.5152099,0,Medium
7001972789,0,0.5151619,0,Medium
7001107422,0,0.5151442,0,Medium
7001924269,0,0.5150231,0,Medium
7000353598,0,0.5147621,0,Medium
7002368191,0,0.5147375,0,Medium
7000814694,0,0.5147155,0,Medium
7000746287,0,0.51464725,0,Medium
7001460778,0,0.5144246,0,Medium
7000445007,0,0.51377857,0,Medium
7000572151,0,0.5136886,0,Medium
7000112501,0,0.51367956,0,Medium
7000653219,0,0.5136471,0,Medium
7000951056,1,0.5136182,0,Medium
7000681889,0,0.5136035,0,Medium
7001562894,0,0.51354325,0,Medium
7000766877,0,0.51319385,0,Medium
7000793983,0,0.5131532,0,Medium
7002134381,0,0.513035,0,Medium
7001939098,1,0.5130234,0,Medium
7000451479,0,0.5129703,0,Medium
7002070217,0,0.5129054,0,Medium
7002366469,0,0.5126655,0,Medium
7000127451,0,0.51236176,0,Medium
7000851569,0,0.512048,0,Medium
7000259751,0,0.5118671,0,Medium
7002318420,0,0.5116763,0,Medium
7001741545,0,0.51118875,0,Medium
7001307036,0,0.51063347,0,Medium
7002229560,0,0.5105629,0,Medium
7002306450,0,0.5105176,0,Medium
7002319719,0,0.51038647,0,Medium
7001341945,0,0.510294,0,Medium
7001243991,0,0.5099589,0,Medium
7001390155,0,0.5099508,0,Medium
7000299699,0,0.5098698,0,Medium
7002085160,0,0.50966483,0,Medium
7002049382,0,0.5095519,0,Medium
7002368197,0,0.5094124,0,Medium
7001989173,0,0.509201,0,Medium
7001888868,0,0.50917375,0,Medium
7000341108,0,0.5088838,0,Medium
7001908707,0,0.5086452,0,Medium
7001269549,0,0.5085599,0,Medium
7000286703,0,0.50855553,0,Medium
7000350561,0,0.508461,0,Medium
7001020878,0,0.5083891,0,Medium
7000572865,0,0.50835305,0,Medium
7000324562,0,0.50822705,0,Medium
7002369937,0,0.50810385,0,Medium
7000651146,1,0.5080752,0,Medium
7000732510,0,0.5079273,0,Medium
7001182873,0,0.5077499,0,Medium
7001211952,0,0.5076365,0,Medium
7001293356,0,0.50762326,0,Medium
7000631610,0,0.50744325,0,Medium
7002295555,0,0.5071749,0,Medium
7002115209,0,0.5071533,0,Medium
7000545832,0,0.5069907,0,Medium
7001238294,0,0.5069297,0,Medium
7001963657,0,0.5068589,0,Medium
7002022430,0,0.5068396,0,Medium
7000723459,0,0.5066918,0,Medium
7000640120,0,0.5066197,0,Medium
7000223352,0,0.50630534,0,Medium
7000109359,0,0.5060042,0,Medium
7000270799,0,0.50599366,0,Medium
7001758158,0,0.505514,0,Medium
7001231041,1,0.5054953,0,Medium
7002317514,0,0.50546855,0,Medium
7002089996,0,0.5054566,0,Medium
7000889980,0,0.5054009,0,Medium
7001537783,0,0.50529283,0,Medium
7000345481,0,0.50527644,0,Medium
7002200894,0,0.5051271,0,Medium
7000221118,0,0.50492465,0,Medium
7000941273,0,0.50412226,0,Medium
7002342162,0,0.5040805,0,Medium
7001654138,0,0.50403166,0,Medium
7001755431,0,0.5038697,0,Medium
7000987250,0,0.5036332,0,Medium
7000012209,0,0.50360215,0,Medium
7000906005,0,0.50355154,0,Medium
7000057943,0,0.50330734,0,Medium
7000678274,0,0.50229824,0,Medium
7001031838,0,0.50209886,0,Medium
7000029450,0,0.50193876,0,Medium
7002284895,1,0.5019027,0,Medium
7000953774,0,0.5018917,0,Medium
7000585550,0,0.5015452,0,Medium
7001356815,0,0.5014058,0,Medium
7001350866,0,0.50132984,0,Medium
7000694285,0,0.50126123,0,Medium
7000026117,0,0.5011365,0,Medium
7000348901,0,0.5009746,0,Medium
7001318560,0,0.5009578,0,Medium
7001959982,0,0.5008977,0,Medium
7000401107,0,0.5004008,0,Medium
7001142631,0,0.5002959,0,Medium
7000487492,0,0.5000934,0,Medium
7000961315,0,0.5000304,0,Medium
7001194794,0,0.49998724,0,Medium
7000385115,0,0.4995542,0,Medium
7000201273,0,0.49946788,0,Medium
7000842588,0,0.4993659,0,Medium
7000239453,0,0.4991197,0,Medium
7000630501,0,0.4990207,0,Medium
7000927686,0,0.49885595,0,Medium
7002393625,0,0.49857154,0,Medium
7000899803,0,0.4985096,0,Medium
7001563628,0,0.498203,0,Medium
7001378707,0,0.49810854,0,Medium
7002378306,0,0.4980896,0,Medium
7000719919,0,0.49793434,0,Medium
7001102450,0,0.49786416,0,Medium
7002045624,0,0.49771735,0,Medium
7001992620,0,0.4976479,0,Medium
7002134257,0,0.4975786,0,Medium
7001929378,0,0.49747196,0,Medium
7000987704,0,0.4973958,0,Medium
7000118664,0,0.49712756,0,Medium
7002084055,0,0.49700278,0,Medium
7000082404,0,0.49679628,0,Medium
7000165147,0,0.4966475,0,Medium
7000685361,0,0.4966317,0,Medium
7001713769,1,0.49621066,0,Medium
7001151884,0,0.49619693,0,Medium
7001236193,0,0.49598005,0,Medium
7002234297,0,0.49577084,0,Medium
7001296024,0,0.49549356,0,Medium
7000504295,0,0.49532908,0,Medium
7000290207,0,0.4952473,0,Medium
7000960573,0,0.49497882,0,Medium
7001567730,1,0.4948328,0,Medium
7000343739,0,0.4946984,0,Medium
7000337867,0,0.49462438,0,Medium
7000541926,0,0.49460036,0,Medium
7002041624,0,0.49456525,0,Medium
7001771332,1,0.49395922,0,Medium
7000031873,0,0.4935885,0,Medium
7001156959,1,0.49333227,0,Medium
7001758883,0,0.49331892,0,Medium
7000861927,0,0.49312654,0,Medium
7000101696,0,0.49297497,0,Medium
7001309913,0,0.4929686,0,Medium
7001687804,0,0.4929072,0,Medium
7001076856,0,0.49276543,0,Medium
7000439752,0,0.4925862,0,Medium
7002115723,0,0.49248886,0,Medium
7001771580,0,0.49221057,0,Medium
7001875312,0,0.49220502,0,Medium
7000940954,0,0.49215543,0,Medium
7000862992,0,0.49210593,0,Medium
7000696176,0,0.49207342,0,Medium
7001125215,0,0.49173918,0,Medium
7001745971,0,0.49169958,0,Medium
7000724775,0,0.4915702,0,Medium
7000003793,0,0.4914068,0,Medium
7000816621,0,0.4913896,0,Medium
7000176816,0,0.49132708,0,Medium
7002128536,0,0.4912736,0,Medium
7001762771,0,0.4911041,0,Medium
7000729464,0,0.49104413,0,Medium
7001543220,0,0.49083433,0,Medium
7001646965,0,0.49069628,0,Medium
7001844305,0,0.4905344,0,Medium
7000669508,0,0.4903781,0,Medium
7001940501,0,0.49007982,0,Medium
7001580495,0,0.48991096,0,Medium
7001877440,0,0.4898666,0,Medium
7002249208,0,0.4894087,0,Medium
7000680787,0,0.48916873,0,Medium
7000519140,0,0.48910427,0,Medium
7000462428,0,0.488906,0,Medium
7002009743,0,0.4889012,0,Medium
7000496537,1,0.48869067,0,Medium
7000223454,0,0.48862895,0,Medium
7001338793,0,0.48859423,0,Medium
7000612455,0,0.4884079,0,Medium
7000684471,0,0.4883883,0,Medium
7001475296,1,0.4883677,0,Medium
7001791270,0,0.48820978,0,Medium
7001969590,0,0.48809245,0,Medium
7000988890,1,0.48802257,0,Medium
7001169378,1,0.48797816,0,Medium
7000263520,0,0.48797655,0,Medium
7000908631,0,0.48755562,0,Medium
7001116473,0,0.4873932,0,Medium
7000094211,0,0.48726705,0,Medium
7000257916,0,0.48723125,0,Medium
7000846386,1,0.4871453,0,Medium
7001851265,0,0.48696306,0,Medium
7001489903,0,0.48685902,0,Medium
7000211877,0,0.4867851,0,Medium
7001024681,0,0.48655647,0,Medium
7001898757,0,0.48645166,0,Medium
7000087607,0,0.48642334,0,Medium
7001863659,0,0.48635837,0,Medium
7001000547,0,0.48610747,0,Medium
7001677251,0,0.4860893,0,Medium
7001563237,0,0.48607194,0,Medium
7001486713,0,0.48584515,0,Medium
7000411404,0,0.48578048,0,Medium
7001290788,1,0.4856596,0,Medium
7000256580,0,0.485465,0,Medium
7001185151,0,0.48518398,0,Medium
7002364455,0,0.4850866,0,Medium
7002083957,0,0.48464546,0,Medium
7000620345,0,0.48455968,0,Medium
7001195590,0,0.4844913,0,Medium
7002181423,0,0.48442525,0,Medium
7000071627,0,0.48438308,0,Medium
7001616445,0,0.48437682,0,Medium
7000983499,0,0.4842819,0,Medium
7002039074,0,0.48427704,0,Medium
7000044827,0,0.4842266,0,Medium
7001490616,0,0.48411343,0,Medium
7001345129,0,0.48404062,0,Medium
7002117570,0,0.48402375,0,Medium
7001258742,0,0.48341358,0,Medium
7002065491,0,0.48326707,0,Medium
7001389170,0,0.4828929,0,Medium
7000411088,0,0.4828812,0,Medium
7000484352,0,0.4827341,0,Medium
7001197020,0,0.48257694,0,Medium
7000551471,0,0.48235536,0,Medium
7002121290,0,0.48226556,0,Medium
7000350447,0,0.48226216,0,Medium
7000146470,0,0.48215723,0,Medium
7001155086,1,0.48196232,0,Medium
7000672887,0,0.48182848,0,Medium
7000233946,1,0.4815114,0,Medium
7000813072,0,0.4812665,0,Medium
7000498063,0,0.48122945,0,Medium
7000671069,0,0.4807531,0,Medium
7001402715,0,0.48058647,0,Medium
7001688310,0,0.48057216,0,Medium
7000348493,0,0.48051137,0,Medium
7000862363,0,0.48046952,0,Medium
7002333007,0,0.48027995,0,Medium
7000702484,0,0.47998953,0,Medium
7001261432,0,0.47988826,0,Medium
7000130076,0,0.47986674,0,Medium
7000492724,1,0.47984928,0,Medium
7001080174,0,0.4798217,0,Medium
7000447452,0,0.47969046,0,Medium
7000434520,0,0.47963554,0,Medium
7000635137,0,0.47962046,0,Medium
7001644963,0,0.47947595,0,Medium
7000264902,0,0.479408,0,Medium
7002410861,0,0.47934672,0,Medium
7000983900,0,0.4792006,0,Medium
7001799477,0,0.47903517,0,Medium
7001730488,0,0.4789714,0,Medium
7002111434,0,0.47893688,0,Medium
7000722782,0,0.47865632,0,Medium
7000127791,0,0.47858515,0,Medium
7001769727,0,0.4783959,0,Medium
7002047581,0,0.4783215,0,Medium
7000963078,0,0.47826743,0,Medium
7002325077,0,0.47821382,0,Medium
7000249377,0,0.47815463,0,Medium
7000424910,0,0.47814292,0,Medium
7001976669,1,0.47804153,0,Medium
7000261711,0,0.477958,0,Medium
7000957757,0,0.4778518,0,Medium
7002186650,1,0.477719,0,Medium
7000653775,0,0.47767413,0,Medium
7000898568,0,0.4776551,0,Medium
7000033704,0,0.47755712,0,Medium
7000436993,0,0.47747645,0,Medium
7000156812,0,0.4773287,0,Medium
7002248401,0,0.4772664,0,Medium
7001322782,1,0.47717538,0,Medium
7001280482,0,0.4768222,0,Medium
7000313067,0,0.47672075,0,Medium
7001664814,0,0.47631168,0,Medium
7001876237,0,0.4758792,0,Medium
7001156181,0,0.4757005,0,Medium
7000503640,0,0.47555932,0,Medium
7001151616,0,0.47468388,0,Medium
7001164692,0,0.47452053,0,Medium
7000027061,0,0.47449958,0,Medium
7001024444,0,0.47422704,0,Medium
7001274592,0,0.47401494,0,Medium
7001602926,0,0.47397903,0,Medium
7000135897,0,0.47388768,0,Medium
7001398994,0,0.47355562,0,Medium
7000283353,0,0.4734684,0,Medium
7001934633,0,0.47286436,0,Medium
7000508566,0,0.47278655,0,Medium
7001005218,0,0.47263876,0,Medium
7002349663,0,0.47262895,0,Medium
7000730007,0,0.47255686,0,Medium
7002343308,0,0.4719204,0,Medium
7001245283,1,0.4718362,0,Medium
7000068780,0,0.47179672,0,Medium
7000058581,0,0.47154537,0,Medium
7000072147,0,0.4713645,0,Medium
7000001656,0,0.47127402,0,Medium
7000600501,0,0.47120404,0,Medium
7001039718,0,0.471184,0,Medium
7001868561,0,0.47091845,0,Medium
7000669134,1,0.47087935,0,Medium
7002020829,0,0.47080305,0,Medium
7000116466,0,0.4705155,0,Medium
7000645390,0,0.4700067,0,Medium
7001140288,0,0.46979192,0,Medium
7000310864,0,0.46970472,0,Medium
7000611861,0,0.4696276,0,Medium
7000841177,0,0.46958414,0,Medium
7000263321,0,0.4693125,0,Medium
7001592416,0,0.46928644,0,Medium
7001099402,0,0.46923226,0,Medium
7001688914,0,0.46919426,0,Medium
7001367855,0,0.46909747,0,Medium
7000991961,0,0.46897227,0,Medium
7001869452,0,0.46891806,0,Medium
7000046562,0,0.46883386,0,Medium
7000437707,0,0.46863636,0,Medium
7001430188,0,0.46855947,0,Medium
7000135966,0,0.46847695,0,Medium
7000261928,0,0.46842545,0,Medium
7002327200,0,0.46804017,0,Medium
7001440686,0,0.46803895,0,Medium
7001853137,0,0.467974,0,Medium
7000971605,0,0.46774524,0,Medium
7000534612,0,0.46770206,0,Medium
7001968391,1,0.4675993,0,Medium
7001537309,0,0.4674933,0,Medium
7002037229,0,0.46745777,0,Medium
7001114581,0,0.46715504,0,Medium
7000472697,0,0.46678182,0,Medium
7000972047,0,0.46651325,0,Medium
7001947849,0,0.46642557,0,Medium
7002014438,0,0.46631134,0,Medium
7001069232,0,0.46609277,0,Medium
7001876332,0,0.46523646,0,Medium
7001178952,0,0.4647657,0,Medium
7000068055,0,0.46448103,0,Medium
7000090802,0,0.46441904,0,Medium
7001225655,0,0.46410897,0,Medium
7000262039,0,0.46399248,0,Medium
7001832792,0,0.4639315,0,Medium
7002117995,0,0.4638669,0,Medium
7001576310,0,0.4638552,0,Medium
7002274224,0,0.4636745,0,Medium
7001785539,0,0.4636418,0,Medium
7000931366,0,0.46353808,0,Medium
7000759698,0,0.46343976,0,Medium
7000055769,0,0.4633428,0,Medium
7001568191,0,0.46330348,0,Medium
7002350245,0,0.4631678,0,Medium
7002121001,0,0.46309662,0,Medium
7000619617,0,0.4626944,0,Medium
7001093178,0,0.46197608,0,Medium
7002385241,0,0.46190497,0,Medium
7000075675,0,0.46181434,0,Medium
7002226567,0,0.46165645,0,Medium
7001675167,0,0.46143216,0,Medium
7001256858,0,0.4612845,0,Medium
7000571483,0,0.46126005,0,Medium
7002273917,0,0.4612011,0,Medium
7000324535,0,0.46106485,0,Medium
7000980388,0,0.46098456,0,Medium
7001079442,0,0.46081743,0,Medium
7000945114,0,0.4604812,0,Medium
7001970092,0,0.46031776,0,Medium
7001040570,0,0.46019542,0,Medium
7002193772,0,0.4601751,0,Medium
7000582645,0,0.46015233,0,Medium
7000518479,0,0.4598713,0,Medium
7001588126,0,0.45969743,0,Medium
7001598079,0,0.45965478,0,Medium
7001626117,0,0.4596533,0,Medium
7001064806,0,0.45963645,0,Medium
7000304155,0,0.4595992,0,Medium
7001770774,0,0.45952466,0,Medium
7000939693,0,0.4591742,0,Medium
7001290166,0,0.45903346,0,Medium
7000675039,0,0.45903182,0,Medium
7002405156,0,0.45891517,0,Medium
7000727326,1,0.45888606,0,Medium
7002327270,0,0.45846853,0,Medium
7000324418,0,0.45837423,0,Medium
7000840864,0,0.45833367,0,Medium
7000504964,0,0.4582186,0,Medium
7001300546,0,0.4580977,0,Medium
7000073734,0,0.45808363,0,Medium
7000675848,0,0.45801404,0,Medium
7000920611,0,0.45799604,0,Medium
7001710863,0,0.45783758,0,Medium
7000131099,0,0.45773932,0,Medium
7000645143,0,0.45767012,0,Medium
7000900866,0,0.45756236,0,Medium
7000577072,0,0.45737457,0,Medium
7001453613,0,0.45721427,0,Medium
7001755371,0,0.45701045,0,Medium
7000064456,0,0.45683292,0,Medium
7001699056,0,0.45674232,0,Medium
7001158761,0,0.45666155,0,Medium
7001895994,0,0.45653522,0,Medium
7000580630,0,0.4565347,0,Medium
7001621108,0,0.45637098,0,Medium
7001430405,1,0.45634893,0,Medium
7001857882,0,0.45620438,0,Medium
7002003505,0,0.45577312,0,Medium
7001214897,0,0.4553183,0,Medium
7001576781,0,0.45521563,0,Medium
7000134552,0,0.45515546,0,Medium
7000109882,0,0.45500892,0,Medium
7002274917,0,0.45496014,0,Medium
7000158711,0,0.45492837,0,Medium
7001520523,0,0.45477813,0,Medium
7001790724,0,0.4547707,0,Medium
7001660886,0,0.4546193,0,Medium
7001770323,0,0.45461515,0,Medium
7001218525,0,0.45460108,0,Medium
7001818281,0,0.4543786,0,Medium
7000495429,0,0.45426908,0,Medium
7000776713,0,0.4541782,0,Medium
7000079792,1,0.45417744,0,Medium
7000452524,0,0.45403415,0,Medium
7000904982,0,0.45390847,0,Medium
7000801765,0,0.45387754,0,Medium
7000872859,0,0.4538291,0,Medium
7002290636,0,0.4537896,0,Medium
7000349869,0,0.4537589,0,Medium
7001223500,0,0.4535915,0,Medium
7000524275,0,0.45344865,0,Medium
7001660813,0,0.45331228,0,Medium
7000868749,0,0.4531744,0,Medium
7000352648,0,0.45310497,0,Medium
7000644143,0,0.45301992,0,Medium
7000344629,0,0.45295876,0,Medium
7000836134,0,0.45285782,0,Medium
7000183826,0,0.45282596,0,Medium
7000216301,0,0.45282108,0,Medium
7000329230,0,0.4525213,0,Medium
7000656019,1,0.4524288,0,Medium
7000878625,0,0.45239624,0,Medium
7001437470,0,0.4523857,0,Medium
7002126647,0,0.4523659,0,Medium
7000818709,0,0.4523136,0,Medium
7000534989,0,0.45224845,0,Medium
7000627540,0,0.45221382,0,Medium
7002051674,0,0.45218778,0,Medium
7000452161,0,0.45213506,0,Medium
7000091551,0,0.452072,0,Medium
7000576420,0,0.4517448,0,Medium
7000857756,0,0.4516654,0,Medium
7000446789,0,0.45129916,0,Medium
7000158471,1,0.45103332,0,Medium
7000763534,0,0.4507654,0,Medium
7000307981,0,0.45012558,0,Medium
7000429544,0,0.44962633,0,Medium
7002232786,0,0.44961455,0,Medium
7002298063,0,0.4494755,0,Medium
7002330142,0,0.44939527,0,Medium
7000879965,0,0.44924864,0,Medium
7001071523,0,0.4491245,0,Medium
7000732012,0,0.4490164,0,Medium
7002012531,0,0.44892326,0,Medium
7000560371,0,0.4488136,0,Medium
7000412184,0,0.44862598,0,Medium
7001750099,0,0.44853628,0,Medium
7001581674,0,0.44846797,0,Medium
7000102110,0,0.44844776,0,Medium
7002023664,0,0.44826293,0,Medium
7002328465,0,0.44808096,0,Medium
7001938664,0,0.44793147,0,Medium
7001694202,0,0.4477077,0,Medium
7000099631,0,0.44753826,0,Medium
7000110264,0,0.44746068,0,Medium
7000806270,0,0.4470917,0,Medium
7002341708,0,0.44695324,0,Medium
7001467534,0,0.44660744,0,Medium
7001363989,0,0.44596753,0,Medium
7002075801,0,0.44584,0,Medium
7000955431,0,0.44577125,0,Medium
7001570078,0,0.4456614,0,Medium
7001443137,0,0.44555715,0,Medium
7000321402,1,0.44536546,0,Medium
7000117383,0,0.445277,0,Medium
7002083899,0,0.44523636,0,Medium
7002349191,0,0.4451741,0,Medium
7000674022,0,0.44516528,0,Medium
7001908582,1,0.44509256,0,Medium
7002155288,0,0.44392043,0,Medium
7000048271,0,0.4437936,0,Medium
7000403012,0,0.44369698,0,Medium
7001056224,0,0.44367483,0,Medium
7001419551,0,0.44362998,0,Medium
7000805518,1,0.44352493,0,Medium
7001827189,0,0.44338036,0,Medium
7000521321,0,0.44333962,0,Medium
7001146681,0,0.44310966,0,Medium
7002338641,0,0.44302335,0,Medium
7001262966,0,0.4428485,0,Medium
7001258814,0,0.44282344,0,Medium
7000987418,0,0.44273967,0,Medium
7001733887,0,0.44273162,0,Medium
7001406610,0,0.4424924,0,Medium
7000567721,1,0.44243252,0,Medium
7000420205,0,0.44207257,0,Medium
7000646599,1,0.44175792,0,Medium
7002398353,0,0.44164845,0,Medium
7002132725,0,0.44163784,0,Medium
7001602946,0,0.44143516,0,Medium
7001026692,0,0.4408037,0,Medium
7000015147,0,0.4406252,0,Medium
7001246372,0,0.44047192,0,Medium
7001743040,0,0.4403662,0,Medium
7000515425,0,0.4399264,0,Medium
7001987698,0,0.43982038,0,Medium
7001003710,0,0.43952635,0,Medium
7001446637,1,0.4393085,0,Medium
7000136359,0,0.4393074,0,Medium
7001087518,0,0.43923625,0,Medium
7001902409,0,0.43919808,0,Medium
7000556780,0,0.43895936,0,Medium
7000880564,0,0.4386482,0,Medium
7001044554,0,0.4385214,0,Medium
7001152290,0,0.43837312,0,Medium
7001100683,0,0.43827742,0,Medium
7000177508,0,0.43783322,0,Medium
7000840162,0,0.4377762,0,Medium
7000284724,0,0.4374452,0,Medium
7000402431,0,0.4371502,0,Medium
7002098600,0,0.4370387,0,Medium
7000131785,0,0.43690112,0,Medium
7001622625,0,0.4366411,0,Medium
7000195347,0,0.4366188,0,Medium
7002206554,1,0.43610322,0,Medium
7002105349,0,0.43605813,0,Medium
7001326478,0,0.43596733,0,Medium
7000130663,0,0.43571898,0,Medium
7000699917,0,0.43521586,0,Medium
7001525641,0,0.4350584,0,Medium
7001125361,0,0.43488207,0,Medium
7000455301,0,0.434713,0,Medium
7002110274,0,0.4345502,0,Medium
7000273256,0,0.4342866,0,Medium
7001051319,0,0.4340865,0,Medium
7001457885,0,0.43402386,0,Medium
7001247946,0,0.4339886,0,Medium
7002237948,0,0.4339468,0,Medium
7002078354,0,0.433863,0,Medium
7001551039,0,0.43381143,0,Medium
7001296060,0,0.4336455,0,Medium
7002042434,0,0.43360952,0,Medium
7002179773,0,0.4335984,0,Medium
7002334501,1,0.4331839,0,Medium
7000174981,0,0.4331754,0,Medium
7000222088,0,0.43297338,0,Medium
7002046234,1,0.43295693,0,Medium
7000615109,0,0.43292287,0,Medium
7002123363,0,0.43285024,0,Medium
7002373306,0,0.4325294,0,Medium
7001211728,0,0.43251783,0,Medium
7001460177,0,0.43249896,0,Medium
7001505331,0,0.43238857,0,Medium
7000829445,0,0.43226677,0,Medium
7001050314,0,0.43220973,0,Medium
7001490866,0,0.43213812,0,Medium
7002309888,0,0.43198237,0,Medium
7001246611,0,0.43168637,0,Medium
7000447313,0,0.4314815,0,Medium
7002001667,0,0.43123832,0,Medium
7000314052,0,0.4310263,0,Medium
7000793384,0,0.43097395,0,Medium
7000325215,0,0.43082708,0,Medium
7001968146,0,0.43072236,0,Medium
7002130627,0,0.4305968,0,Medium
7000179901,0,0.43059218,0,Medium
7001714893,0,0.43047705,0,Medium
7000931454,0,0.43046245,0,Medium
7002335182,0,0.43041486,0,Medium
7001122636,0,0.43027627,0,Medium
7001851882,0,0.43011877,0,Medium
7000599240,0,0.4300742,0,Medium
7000621198,0,0.43002078,0,Medium
7000026652,0,0.4299715,0,Medium
7000047465,0,0.4299097,0,Medium
7000328627,0,0.42960173,0,Medium
7001441280,0,0.42956874,0,Medium
7001037699,0,0.42919305,0,Medium
7001112140,0,0.42918816,0,Medium
7001878884,0,0.42913276,0,Medium
7001170162,1,0.42911834,0,Medium
7001942248,0,0.42898783,0,Medium
7000724219,0,0.4287618,0,Medium
7000005433,0,0.4286999,0,Medium
7001417332,0,0.42855814,0,Medium
7000692963,0,0.4284891,0,Medium
7000560616,0,0.42843866,0,Medium
7000977074,1,0.42826682,0,Medium
7000288034,0,0.42814678,0,Medium
7000552300,0,0.42812258,0,Medium
7002044200,0,0.42795482,0,Medium
7002343813,0,0.42767662,0,Medium
7000719617,0,0.42752612,0,Medium
7000794341,0,0.4271834,0,Medium
7001054820,0,0.42689952,0,Medium
7001933002,0,0.4267224,0,Medium
7001877355,0,0.42658257,0,Medium
7000897000,0,0.42632234,0,Medium
7001444777,0,0.42629308,0,Medium
7000144328,1,0.42626023,0,Medium
7000490128,0,0.42604414,0,Medium
7001154327,0,0.4260289,0,Medium
7000446392,0,0.4260039,0,Medium
7002035180,0,0.42572197,0,Medium
7001739573,0,0.42563787,0,Medium
7001426252,0,0.42549753,0,Medium
7001619438,0,0.42529202,0,Medium
7000284095,0,0.4247479,0,Medium
7002155302,0,0.4246763,0,Medium
7001558554,0,0.42445707,0,Medium
7000808044,0,0.42417532,0,Medium
7002378767,0,0.4241409,0,Medium
7002143194,0,0.42384595,0,Medium
7000616996,0,0.42347646,0,Medium
7000255577,0,0.4234434,0,Medium
7000892612,0,0.42327023,0,Medium
7001746353,0,0.42304873,0,Medium
7001859457,0,0.42298776,0,Medium
7000076437,0,0.4229043,0,Medium
7002105154,0,0.42283815,0,Medium
7000414907,0,0.42278585,0,Medium
7001146654,0,0.4227632,0,Medium
7000385676,0,0.42275384,0,Medium
7002003473,0,0.42259187,0,Medium
7001595568,0,0.42257994,0,Medium
7001144258,0,0.42254046,0,Medium
7002321329,0,0.42240897,0,Medium
7001987743,0,0.42204684,0,Medium
7001606003,0,0.42203227,0,Medium
7000793004,1,0.42199036,0,Medium
7000338014,0,0.42188644,0,Medium
7002090837,0,0.4218551,0,Medium
7002023039,0,0.42185217,0,Medium
7001913313,0,0.42123216,0,Medium
7000775993,0,0.4209378,0,Medium
7000057176,0,0.4207818,0,Medium
7002077985,0,0.42070007,0,Medium
7001548394,0,0.42068315,0,Medium
7000237430,0,0.4206524,0,Medium
7002207418,0,0.4202048,0,Medium
7002057940,0,0.4200112,0,Medium
7001773852,0,0.4199945,0,Medium
7000701822,0,0.41989648,0,Medium
7000713059,1,0.41979244,0,Medium
7001207515,0,0.41969472,0,Medium
7000236159,0,0.41929483,0,Medium
7001861043,0,0.41917044,0,Medium
7000720021,0,0.41908297,0,Medium
7000527803,0,0.41891387,0,Medium
7000308899,0,0.4188952,0,Medium
7001516544,0,0.41884777,0,Medium
7000699690,0,0.4186257,0,Medium
7000822580,0,0.41847712,0,Medium
7000569171,0,0.41837072,0,Medium
7000204859,0,0.41835755,0,Medium
7001974108,0,0.4179525,0,Medium
7000873722,0,0.41789073,0,Medium
7000600430,0,0.41788626,0,Medium
7000910892,0,0.41760975,0,Medium
7002402197,0,0.4174483,0,Medium
7001789845,0,0.41723526,0,Medium
7000336974,0,0.41705266,0,Medium
7001361139,1,0.41658902,0,Medium
7002233812,0,0.41655335,0,Medium
7002322764,0,0.4164726,0,Medium
7001295329,0,0.41630173,0,Medium
7001635296,0,0.4159942,0,Medium
7002052069,0,0.4159915,0,Medium
7001372954,0,0.4158684,0,Medium
7000643345,0,0.4156266,0,Medium
7000910981,0,0.41521728,0,Medium
7000623826,0,0.41515177,0,Medium
7002342139,0,0.4151363,0,Medium
7001416132,0,0.4150585,0,Medium
7001076760,0,0.4150262,0,Medium
7002250772,0,0.41498634,0,Medium
7002113128,1,0.4149685,0,Medium
7000395452,0,0.41462663,0,Medium
7001606728,0,0.4143162,0,Medium
7000723817,0,0.41424522,0,Medium
7000174666,0,0.41411322,0,Medium
7001935688,0,0.41408744,0,Medium
7000852342,0,0.41394243,0,Medium
7000072747,0,0.41386148,0,Medium
7001955483,0,0.41383168,0,Medium
7002155567,0,0.41360477,0,Medium
7002135595,0,0.41333526,0,Medium
7002275368,0,0.41320366,0,Medium
7002339156,0,0.41300213,0,Medium
7001684546,0,0.41299516,0,Medium
7000313065,0,0.41280073,0,Medium
7000196238,0,0.41262636,0,Medium
7000529516,0,0.4124875,0,Medium
7000572150,0,0.41244623,0,Medium
7001889592,0,0.41229215,0,Medium
7000986678,1,0.4122448,0,Medium
7000231461,0,0.41221556,0,Medium
7001066785,0,0.41139653,0,Medium
7000360469,0,0.4113593,0,Medium
7000785953,0,0.4111818,0,Medium
7000646513,0,0.41101786,0,Medium
7001245825,1,0.41092294,0,Medium
7001840150,0,0.41062513,0,Medium
7002126114,0,0.41033292,0,Medium
7000886012,0,0.41031557,0,Medium
7001296984,0,0.41020584,0,Medium
7000761282,0,0.4101404,0,Medium
7000074801,0,0.4100262,0,Medium
7000226532,0,0.4098181,0,Medium
7001096437,0,0.40958312,0,Medium
7002052712,0,0.4095672,0,Medium
7001188151,0,0.40944955,0,Medium
7001575909,0,0.4093387,0,Medium
7001255181,0,0.40931916,0,Medium
7000588182,0,0.40929183,0,Medium
7001777414,0,0.4092821,0,Medium
7000185017,0,0.4092741,0,Medium
7001398866,0,0.409187,0,Medium
7001608518,0,0.409152,0,Medium
7000460301,0,0.40876874,0,Medium
7000170052,0,0.40867132,0,Medium
7001754398,0,0.40862426,0,Medium
7000832036,0,0.4086154,0,Medium
7001556991,0,0.40859833,0,Medium
7000156051,0,0.40857306,0,Medium
7001533962,0,0.4084265,0,Medium
7000567465,0,0.40815574,0,Medium
7001471502,0,0.40815526,0,Medium
7000586082,0,0.40810713,0,Medium
7000354100,0,0.40764225,0,Medium
7001826457,0,0.4074993,0,Medium
7001352386,0,0.40746227,0,Medium
7000592427,0,0.40745112,0,Medium
7000015598,0,0.40733016,0,Medium
7000472647,0,0.40729967,0,Medium
7000086784,0,0.40713382,0,Medium
7000467844,0,0.40697294,0,Medium
7001313449,0,0.4069266,0,Medium
7000302905,0,0.40690932,0,Medium
7000484848,0,0.40684175,0,Medium
7002280678,0,0.4068391,0,Medium
7002229528,0,0.406806,0,Medium
7001464109,0,0.40678105,0,Medium
7002269296,0,0.40677202,0,Medium
7001901536,0,0.40666455,0,Medium
7000849990,0,0.40642354,0,Medium
7002342854,0,0.40638623,0,Medium
7000322942,0,0.40612018,0,Medium
7000238049,0,0.40593454,0,Medium
7002035929,0,0.4057578,0,Medium
7000734601,0,0.40575147,0,Medium
7001705792,0,0.40572768,0,Medium
7001325176,0,0.4056987,0,Medium
7001237984,0,0.40566778,0,Medium
7002188161,0,0.4054344,0,Medium
7001493273,0,0.40539163,0,Medium
7002290575,0,0.40531707,0,Medium
7000535787,0,0.40508926,0,Medium
7002067436,0,0.40496895,0,Medium
7000846207,0,0.40494168,0,Medium
7001282558,1,0.40489584,0,Medium
7001298751,0,0.40412575,0,Medium
7000714466,0,0.40391555,0,Medium
7000402657,0,0.40389645,0,Medium
7000807183,0,0.40389097,0,Medium
7000540572,0,0.40361577,0,Medium
7001133892,0,0.40358338,0,Medium
7002043838,0,0.40356812,0,Medium
7000427990,0,0.40351582,0,Medium
7000795212,0,0.4034628,0,Medium
7000233447,0,0.40344366,0,Medium
7000129461,0,0.4033972,0,Medium
7001854266,0,0.403344,0,Medium
7001953751,1,0.403316,0,Medium
7001153712,0,0.40309566,0,Medium
7001195094,0,0.40307847,0,Medium
7000467367,0,0.402952,0,Medium
7001217744,1,0.4029243,0,Medium
7001870759,0,0.4027283,0,Medium
7001945507,1,0.40266296,0,Medium
7001046818,0,0.40252307,0,Medium
7002185068,0,0.402447,0,Medium
7000873910,0,0.4023209,0,Medium
7000422096,0,0.40217158,0,Medium
7002316121,0,0.40199423,0,Medium
7000444362,0,0.4017368,0,Medium
7001433000,0,0.4013283,0,Medium
7000341189,0,0.40129542,0,Medium
7000839656,0,0.4012599,0,Medium
7000555047,0,0.40117395,0,Medium
7000725673,0,0.4011367,0,Medium
7001039212,0,0.40110442,0,Medium
7000631715,0,0.40108263,0,Medium
7001138340,0,0.40107965,0,Medium
7002048523,0,0.40098533,0,Medium
7000132544,0,0.40078607,0,Medium
7000361670,0,0.40077582,0,Medium
7000945912,0,0.40053546,0,Medium
7002087906,0,0.4004466,0,Medium
7000072890,0,0.4002341,0,Medium
7001062846,0,0.40019876,0,Medium
7000545261,0,0.4001771,0,Medium
7000455732,0,0.40000245,0,Medium
7000882737,0,0.39992425,0,Medium
7000623077,0,0.39985335,0,Medium
7000842407,0,0.39976087,0,Medium
7002132815,0,0.39951408,0,Medium
7001664983,0,0.39935353,0,Medium
7001468519,0,0.39932206,0,Medium
7001360650,0,0.39923614,0,Medium
7000066426,0,0.3991003,0,Medium
7000920387,0,0.39897513,0,Medium
7002048424,0,0.398845,0,Medium
7001748916,1,0.3985892,0,Medium
7001962114,0,0.39855686,0,Medium
7000621350,0,0.3984339,0,Medium
7001887650,0,0.39828086,0,Medium
7001664410,0,0.3982426,0,Medium
7001272897,0,0.39798847,0,Medium
7000068382,0,0.39758042,0,Medium
7000229827,0,0.3975743,0,Medium
7002273356,0,0.3971808,0,Medium
7000446253,0,0.39699262,0,Medium
7002379777,0,0.39697474,0,Medium
7000270158,0,0.39695197,0,Medium
7000700679,0,0.39694008,0,Medium
7000794957,1,0.39673546,0,Medium
7001893993,0,0.3966868,0,Medium
7000872243,0,0.3962969,0,Medium
7000993787,1,0.39581177,0,Medium
7001706186,0,0.3957078,0,Medium
7001038018,0,0.3956806,0,Medium
7001583606,0,0.39547834,0,Medium
7000333402,0,0.39538208,0,Medium
7002161174,1,0.3953632,0,Medium
7000573903,0,0.39530233,0,Medium
7001441190,0,0.39528528,0,Medium
7000573531,0,0.39516628,0,Medium
7000034893,0,0.3950429,0,Medium
7001264361,1,0.39503822,0,Medium
7001092678,0,0.39489454,0,Medium
7001203591,0,0.3948565,0,Medium
7001702482,0,0.39481324,0,Medium
7000900042,1,0.39479914,0,Medium
7001388889,0,0.39477766,0,Medium
7000905270,0,0.3947033,0,Medium
7001395298,0,0.39446697,0,Medium
7001938117,0,0.39438877,0,Medium
7001731813,0,0.39431208,0,Medium
7000632182,0,0.3943023,0,Medium
7002408626,0,0.3942754,0,Medium
7000461200,0,0.39406317,0,Medium
7001105667,0,0.3939981,0,Medium
7000616839,0,0.3938253,0,Medium
7001821961,0,0.3937595,0,Medium
7000228978,0,0.39313686,0,Medium
7002137572,0,0.39299968,0,Medium
7001951679,0,0.39295012,0,Medium
7002183501,0,0.39277562,0,Medium
7001915350,0,0.39260966,0,Medium
7002056623,0,0.39254662,0,Medium
7000248884,1,0.39254138,0,Medium
7001728969,0,0.3923613,0,Medium
7001489001,0,0.39232168,0,Medium
7000813714,0,0.39231053,0,Medium
7001368947,0,0.39229733,0,Medium
7001018497,0,0.39185557,0,Medium
7001819870,0,0.39178336,0,Medium
7001703975,0,0.39176577,0,Medium
7001226520,0,0.39160076,0,Medium
7001155305,0,0.39155403,0,Medium
7000083265,0,0.39147553,0,Medium
7001744458,0,0.39136422,0,Medium
7001938388,1,0.39121407,0,Medium
7000884699,0,0.3911913,0,Medium
7002340234,0,0.39095482,0,Medium
7000846484,0,0.39092427,0,Medium
7002175036,0,0.3906083,0,Medium
7001705414,0,0.3904413,0,Medium
7001385900,0,0.3904265,0,Medium
7000237966,0,0.39015874,0,Medium
7001756501,0,0.39004388,0,Medium
7000571414,0,0.39000404,0,Medium
7001522153,0,0.38990203,0,Medium
7000716109,0,0.3894775,0,Medium
7002371965,0,0.38937336,0,Medium
7000853569,0,0.38931257,0,Medium
7002403270,0,0.38930887,0,Medium
7001743792,1,0.38914177,0,Medium
7001234580,0,0.38904625,0,Medium
7000878226,0,0.38903672,0,Medium
7001800276,0,0.38886485,0,Medium
7002192444,0,0.38872796,0,Medium
7001971240,0,0.3884956,0,Medium
7000095507,0,0.3881358,0,Medium
7002107551,0,0.38806677,0,Medium
7000014416,0,0.38794282,0,Medium
7002349533,0,0.3878803,0,Medium
7002145408,0,0.38787913,0,Medium
7000361187,0,0.3874885,0,Medium
7002328090,0,0.3874723,0,Medium
7001806748,0,0.38731065,0,Medium
7000990674,0,0.38692257,0,Medium
7000130638,0,0.38690576,0,Medium
7002194379,0,0.38690487,0,Medium
7001527807,0,0.38686,0,Medium
7000523192,0,0.3868577,0,Medium
7000580232,0,0.38666803,0,Medium
7000235793,0,0.38661078,0,Medium
7001756696,0,0.38658926,0,Medium
7002246788,0,0.38658607,0,Medium
7000272175,0,0.38656375,0,Medium
7002410178,0,0.3864727,0,Medium
7001786784,0,0.3863982,0,Medium
7000388099,0,0.38587487,0,Medium
7001612610,0,0.38579857,0,Medium
7000625129,0,0.38578779,0,Medium
7000190974,0,0.38564005,0,Medium
7000255302,0,0.38554263,0,Medium
7001233276,0,0.38541037,0,Medium
7001912701,0,0.38531628,0,Medium
7001245466,1,0.38512683,0,Medium
7001967336,0,0.38491362,0,Medium
7002210778,0,0.38461456,0,Medium
7000243835,0,0.38460934,0,Medium
7000473088,0,0.38458693,0,Medium
7001890927,0,0.38455355,0,Medium
7000891782,0,0.38453007,0,Medium
7001177738,0,0.38445732,0,Medium
7001718431,0,0.38445428,0,Medium
7001184866,0,0.3844163,0,Medium
7001130453,0,0.3843499,0,Medium
7001241439,0,0.3843126,0,Medium
7002105592,0,0.3841989,0,Medium
7000430483,0,0.3840992,0,Medium
7001175131,0,0.3840175,0,Medium
7000260052,0,0.38399455,0,Medium
7000893108,0,0.38365307,0,Medium
7000512328,0,0.38352418,0,Medium
7002146678,0,0.3834612,0,Medium
7000720233,0,0.38323045,0,Medium
7000133409,0,0.38315848,0,Medium
7000648378,0,0.3830933,0,Medium
7002315573,0,0.38307434,0,Medium
7001519345,0,0.3828811,0,Medium
7001445625,0,0.38241553,0,Medium
7000565452,0,0.38240948,0,Medium
7001995213,0,0.382288,0,Medium
7000994749,0,0.38227803,0,Medium
7001975306,0,0.38197815,0,Medium
7002252349,0,0.38193855,0,Medium
7001176972,0,0.3817817,0,Medium
7001694209,0,0.3816053,0,Medium
7001671819,0,0.38152623,0,Medium
7000917341,0,0.38099065,0,Medium
7001835160,0,0.380951,0,Medium
7001171120,0,0.380911,0,Medium
7000324231,0,0.3808691,0,Medium
7001592657,0,0.38067248,0,Medium
7000823335,0,0.38066813,0,Medium
7001316424,0,0.38047522,0,Medium
7001683418,0,0.38043055,0,Medium
7000984806,0,0.38041696,0,Medium
7001173686,0,0.38027376,0,Medium
7000531012,0,0.38019958,0,Medium
7000602957,0,0.38015386,0,Medium
7001647865,0,0.38013893,0,Medium
7002298482,0,0.3800365,0,Medium
7000482924,0,0.3800181,0,Medium
7001822372,0,0.37995243,0,Medium
7000205310,0,0.3797327,0,Medium
7000321223,0,0.37969488,0,Medium
7000062043,0,0.37931997,0,Medium
7002096979,1,0.3791416,0,Medium
7001833908,0,0.37905028,0,Medium
7000358472,0,0.3789704,0,Medium
7000178911,0,0.3789187,0,Medium
7001170223,0,0.37852132,0,Medium
7001314198,0,0.37812832,0,Medium
7000364189,0,0.37791643,0,Medium
7000485064,0,0.37753633,0,Medium
7001916293,0,0.37751696,0,Medium
7000409945,0,0.37744275,0,Medium
7000291130,0,0.37743214,0,Medium
7002149168,0,0.37740684,0,Medium
7000850142,0,0.37702402,0,Medium
7000281756,0,0.3767542,0,Medium
7000391720,0,0.3766869,0,Medium
7001286588,0,0.37661308,0,Medium
7002216419,0,0.37651655,0,Medium
7000191076,0,0.37647992,0,Medium
7002240444,0,0.3763222,0,Medium
7002321585,0,0.37631217,0,Medium
7001721265,0,0.37627605,0,Medium
7000441703,0,0.37604237,0,Medium
7000566190,0,0.37591824,0,Medium
7001974208,0,0.37581947,0,Medium
7000347496,0,0.37572664,0,Medium
7000918474,0,0.37560302,0,Medium
7002306308,0,0.37544015,0,Medium
7002058965,0,0.37536308,0,Medium
7002224480,0,0.3753108,0,Medium
7001919864,0,0.37522867,0,Medium
7002403547,0,0.37521213,0,Medium
7000959790,0,0.37499666,0,Medium
7002105963,0,0.3749409,0,Medium
7000321416,0,0.37490314,0,Medium
7000666478,0,0.37464094,0,Medium
7001389115,0,0.3745692,0,Medium
7001522874,0,0.37450936,0,Medium
7000012471,1,0.3743226,0,Medium
7000090638,0,0.37430805,0,Medium
7002341347,0,0.37430194,0,Medium
7001493593,0,0.37425694,0,Medium
7000442027,0,0.37425205,0,Medium
7001919769,0,0.37410817,0,Medium
7000248211,0,0.37406984,0,Medium
7000621736,1,0.37406126,0,Medium
7001257199,0,0.3740066,0,Medium
7001978050,0,0.37373808,0,Medium
7000447746,1,0.37342274,0,Medium
7001251367,0,0.373377,0,Medium
7001182539,0,0.3731441,0,Medium
7002281835,0,0.37304276,0,Medium
7001613833,0,0.37303373,0,Medium
7000861645,0,0.37296847,0,Medium
7001477789,0,0.37282377,0,Medium
7000919851,0,0.37262598,0,Medium
7001842670,0,0.37254032,0,Medium
7001274919,0,0.37253597,0,Medium
7000919575,0,0.3725282,0,Medium
7000184413,0,0.37240705,0,Medium
7000118530,0,0.3723506,0,Medium
7001482715,0,0.37232888,0,Medium
7000423454,0,0.37228465,0,Medium
7000396827,0,0.37216857,0,Medium
7000570256,0,0.3721018,0,Medium
7001862816,0,0.3714755,0,Medium
7001991061,0,0.37129498,0,Medium
7001005215,1,0.37120676,0,Medium
7001735361,0,0.37116322,0,Medium
7001849080,0,0.37114462,0,Medium
7000602282,0,0.37106445,0,Medium
7000474058,0,0.37076598,0,Medium
7000832353,0,0.37073162,0,Medium
7000770285,0,0.37065443,0,Medium
7002299326,0,0.37058815,0,Medium
7001989467,0,0.37050283,0,Medium
7000364160,0,0.3700268,0,Medium
7001387548,0,0.3700148,0,Medium
7000729280,0,0.36982554,0,Medium
7002351234,0,0.369593,0,Medium
7002017267,0,0.3694773,0,Medium
7001665483,0,0.36945727,0,Medium
7000209964,0,0.36944976,0,Medium
7001622195,0,0.36930636,0,Medium
7000311884,0,0.36910534,0,Medium
7002129057,0,0.36905384,0,Medium
7000622995,0,0.36901575,0,Medium
7000347317,0,0.36901218,0,Medium
7001963268,0,0.36874026,0,Medium
7000409222,0,0.3685637,0,Medium
7001826453,0,0.36850047,0,Medium
7000399698,0,0.3681838,0,Medium
7000771196,0,0.36812004,0,Medium
7000114957,0,0.3680216,0,Medium
7001811690,0,0.36769995,0,Medium
7002044479,0,0.3676915,0,Medium
7000181134,1,0.36743754,0,Medium
7000470785,0,0.36730203,0,Medium
7001718955,0,0.36699146,0,Medium
7001557201,0,0.36693615,0,Medium
7000937037,1,0.36689237,0,Medium
7001902957,0,0.36683616,0,Medium
7002167829,0,0.3668344,0,Medium
7002352724,0,0.36683327,0,Medium
7002362574,0,0.36676067,0,Medium
7000057189,0,0.3666635,0,Medium
7000611639,0,0.3666261,0,Medium
7000120890,0,0.36649984,0,Medium
7000260227,0,0.36609006,0,Medium
7001477649,0,0.36605102,0,Medium
7000982023,0,0.36578384,0,Medium
7002179884,0,0.365684,0,Medium
7001098813,0,0.365393,0,Medium
7001171772,0,0.36526802,0,Medium
7000175445,0,0.36516607,0,Medium
7001025353,0,0.36507878,0,Medium
7000406990,0,0.36495268,0,Medium
7001926032,0,0.36477685,0,Medium
7000891551,0,0.36454996,0,Medium
7002161077,0,0.36440757,0,Medium
7000810534,0,0.3641411,0,Medium
7001460907,0,0.3640368,0,Medium
7000619120,0,0.36388457,0,Medium
7002290871,0,0.3635845,0,Medium
7002180772,0,0.36352104,0,Medium
7000394524,0,0.36313766,0,Medium
7000215234,0,0.36313275,0,Medium
7000648119,0,0.3629889,0,Medium
7000396759,0,0.3627047,0,Medium
7000350100,0,0.36268714,0,Medium
7001444438,0,0.36223727,0,Medium
7000155068,0,0.36221215,0,Medium
7001968440,0,0.36218077,0,Medium
7002395497,0,0.36199728,0,Medium
7000096080,0,0.36192513,0,Medium
7001065159,0,0.36192462,0,Medium
7001982728,0,0.36181957,0,Medium
7002324243,0,0.3616099,0,Medium
7000126286,0,0.36154944,0,Medium
7000450642,0,0.36141953,0,Medium
7002265982,0,0.36097977,0,Medium
7000101340,0,0.36089513,0,Medium
7001347314,0,0.36081406,0,Medium
7002064956,0,0.36073512,0,Medium
7002080951,0,0.36073187,0,Medium
7001301472,0,0.36069852,0,Medium
7001783670,0,0.3604831,0,Medium
7002373672,0,0.3602549,0,Medium
7001448967,0,0.3601762,0,Medium
7000525229,0,0.3599702,0,Medium
7000350549,0,0.35990348,0,Medium
7001775219,0,0.35969856,0,Medium
7002003409,0,0.35967758,0,Medium
7000014199,1,0.35967168,0,Medium
7001046609,0,0.35965788,0,Medium
7000231298,0,0.35962343,0,Medium
7000303937,0,0.35948536,0,Medium
7001623996,0,0.3594074,0,Medium
7002317374,0,0.359372,0,Medium
7000880803,0,0.3593193,0,Medium
7002086303,0,0.35918728,0,Medium
7001016077,1,0.35903472,0,Medium
7000612448,0,0.35899907,0,Medium
7002216730,0,0.3588188,0,Medium
7001443407,0,0.35876355,0,Medium
7000956622,0,0.3584034,0,Medium
7001286770,0,0.35838002,0,Medium
7001135870,0,0.35829177,0,Medium
7001861904,0,0.358169,0,Medium
7000596201,0,0.35791844,0,Medium
7001986769,0,0.35790807,0,Medium
7001645170,0,0.35766914,0,Medium
7001326582,0,0.3576541,0,Medium
7000985997,0,0.35737878,0,Medium
7001771297,0,0.35721985,0,Medium
7000811172,0,0.35718036,0,Medium
7001229668,0,0.35714677,0,Medium
7000309518,0,0.35710603,0,Medium
7002091709,0,0.35663763,0,Medium
7000762038,0,0.35649264,0,Medium
7001428164,0,0.35640624,0,Medium
7000218333,0,0.35633126,0,Medium
7001451944,0,0.3562956,0,Medium
7000365059,0,0.35625988,0,Medium
7000260615,0,0.3561964,0,Medium
7002301322,0,0.35618705,0,Medium
7000161236,0,0.35597664,0,Medium
7000268264,0,0.355961,0,Medium
7000544020,1,0.35592225,0,Medium
7001023082,0,0.35592207,0,Medium
7000662829,0,0.35561797,0,Medium
7001513518,0,0.3554702,0,Medium
7002273753,0,0.35545564,0,Medium
7000399954,0,0.35541037,0,Medium
7000335967,0,0.35532004,0,Medium
7000273933,0,0.3549527,0,Medium
7001121237,0,0.35478428,0,Medium
7001415589,0,0.35475814,0,Medium
7000449801,0,0.35472354,0,Medium
7000920059,0,0.3540794,0,Medium
7001348907,0,0.3540388,0,Medium
7000592326,0,0.35384464,0,Medium
7001094902,0,0.35383648,0,Medium
7001622933,0,0.35372475,0,Medium
7000569966,0,0.35369882,0,Medium
7000305381,0,0.3536635,0,Medium
7001100765,0,0.35359946,0,Medium
7000833870,0,0.35354906,0,Medium
7001753814,0,0.3534914,0,Medium
7001055188,0,0.3534338,0,Medium
7001334245,0,0.3534243,0,Medium
7000003485,0,0.35339916,0,Medium
7000744440,0,0.3533335,0,Medium
7000044666,0,0.35333124,0,Medium
7001211538,0,0.3531935,0,Medium
7000043203,0,0.3530693,0,Medium
7001090457,0,0.35285938,0,Medium
7001799593,0,0.35284856,0,Medium
7000110927,0,0.35257694,0,Medium
7002139977,0,0.35245198,0,Medium
7001992580,0,0.35243496,0,Medium
7000411939,0,0.35239348,0,Medium
7002016895,1,0.3523407,0,Medium
7002342867,0,0.3522842,0,Medium
7001368660,0,0.352129,0,Medium
7001745885,0,0.35179418,0,Medium
7000100754,0,0.35179186,0,Medium
7001039633,0,0.35172284,0,Medium
7001345907,0,0.35168645,0,Medium
7001875775,0,0.3516055,0,Medium
7000246191,0,0.35154974,0,Medium
7000806103,0,0.3513832,0,Medium
7001163325,0,0.35138056,0,Medium
7000397474,0,0.35134187,0,Medium
7001088362,0,0.3512088,0,Medium
7000758130,0,0.3510136,0,Medium
7001770235,1,0.35095784,0,Medium
7001940970,1,0.35088137,0,Medium
7001507070,0,0.3505892,0,Medium
7000490808,0,0.3505029,0,Medium
7000367605,0,0.35044816,0,Medium
7000834123,0,0.3503012,0,Medium
7002187117,0,0.35017303,0,Medium
7001947249,0,0.34990463,0,Medium
7001101910,0,0.34979934,0,Medium
7000804601,0,0.34945863,0,Medium
7000694340,0,0.3493183,0,Medium
7002381535,0,0.34922308,0,Medium
7000257553,0,0.34885424,0,Medium
7001346064,0,0.34877282,0,Medium
7000095510,0,0.34875894,0,Medium
7001159952,0,0.34856698,0,Medium
7001272192,0,0.34855542,0,Medium
7002239016,0,0.34851146,0,Medium
7000995938,0,0.34843537,0,Medium
7002133902,0,0.34837314,0,Medium
7000855058,0,0.3483448,0,Medium
7000696232,0,0.3482994,0,Medium
7001869708,0,0.3482609,0,Medium
7001704548,0,0.34813842,0,Medium
7002131445,0,0.3480963,0,Medium
7001820979,0,0.3480888,0,Medium
7002300810,0,0.3479419,0,Medium
7001483194,0,0.34768492,0,Medium
7001042812,0,0.34765062,0,Medium
7000607296,0,0.3476384,0,Medium
7002136671,0,0.34757355,0,Medium
7001655832,0,0.34710747,0,Medium
7000630279,0,0.34709835,0,Medium
7000332590,0,0.34709653,0,Medium
7001636272,0,0.34707272,0,Medium
7001456325,0,0.34692338,0,Medium
7000743727,0,0.346814,0,Medium
7002402700,0,0.34658664,0,Medium
7002362252,1,0.3463731,0,Medium
7001038381,0,0.34634337,0,Medium
7002236999,0,0.3462985,0,Medium
7001736721,0,0.3462824,0,Medium
7000692951,0,0.3462203,0,Medium
7000347227,0,0.3462083,0,Medium
7000775646,0,0.34606645,0,Medium
7000703439,0,0.34581316,0,Medium
7002333345,0,0.34579197,0,Medium
7001446914,0,0.3455652,0,Medium
7002140062,1,0.34555423,0,Medium
7002238119,0,0.34516633,0,Medium
7000186701,0,0.34515747,0,Medium
7001974216,0,0.34511545,0,Medium
7000381717,0,0.3450422,0,Medium
7002348122,0,0.34486914,0,Medium
7001063236,0,0.3448234,0,Medium
7000551881,1,0.3448023,0,Medium
7000551749,1,0.34443042,0,Medium
7000043170,0,0.34439492,0,Medium
7000386902,0,0.34432435,0,Medium
7000382264,0,0.34430173,0,Medium
7001262366,0,0.34423497,0,Medium
7000061229,0,0.3439987,0,Medium
7001012982,0,0.34396705,0,Medium
7000140952,0,0.34387034,0,Medium
7001782264,0,0.34369248,0,Medium
7001596178,0,0.34357366,0,Medium
7000576967,0,0.3432014,0,Medium
7001396386,0,0.34311637,0,Medium
7002212003,0,0.3429418,0,Medium
7000297045,1,0.3428983,0,Medium
7001116040,0,0.3428846,0,Medium
7000128857,1,0.342716,0,Medium
7000278416,1,0.34264523,0,Medium
7000084243,0,0.34248152,0,Medium
7000736891,0,0.34241724,0,Medium
7001914923,0,0.3422399,0,Medium
7000317074,1,0.34215522,0,Medium
7000533490,0,0.3420971,0,Medium
7002202764,0,0.34204254,0,Medium
7001223441,0,0.34182644,0,Medium
7000175197,0,0.34150675,0,Medium
7000871827,0,0.34142837,0,Medium
7000598114,0,0.34131822,0,Medium
7001790530,0,0.3412109,0,Medium
7000961446,0,0.34118488,0,Medium
7001131026,0,0.34118396,0,Medium
7000453768,0,0.34111464,0,Medium
7001067187,0,0.3408181,0,Medium
7001703289,0,0.3407388,0,Medium
7000298618,0,0.34062696,0,Medium
7002186175,0,0.34062526,0,Medium
7002222558,0,0.3405249,0,Medium
7000367660,0,0.34044713,0,Medium
7001735850,0,0.34043032,0,Medium
7002255312,0,0.34037173,0,Medium
7000355992,0,0.34032884,0,Medium
7001583443,0,0.34032586,0,Medium
7000027128,0,0.3400539,0,Medium
7001005444,0,0.33992583,0,Medium
7002095739,0,0.33975357,0,Medium
7002409098,0,0.33975124,0,Medium
7002265481,0,0.33974075,0,Medium
7000395831,0,0.33967778,0,Medium
7001166234,0,0.3396755,0,Medium
7001929821,0,0.3395141,0,Medium
7000778540,0,0.339472,0,Medium
7001007082,0,0.33940724,0,Medium
7000014690,0,0.33936167,0,Medium
7001880293,0,0.33920914,0,Medium
7001784855,0,0.33901107,0,Medium
7000017314,0,0.33890346,0,Medium
7000962799,0,0.33884948,0,Medium
7000619490,0,0.3388214,0,Medium
7000418692,0,0.3387505,0,Medium
7002393632,0,0.33825493,0,Medium
7002078670,0,0.33770913,0,Medium
7001850587,0,0.337529,0,Medium
7000825112,0,0.33751497,0,Medium
7000177185,0,0.337425,0,Medium
7001172142,0,0.33739194,0,Medium
7001307147,0,0.3373689,0,Medium
7000736597,0,0.3373293,0,Medium
7001164491,1,0.33729333,0,Medium
7000465240,0,0.33718053,0,Medium
7000344284,0,0.3368413,0,Medium
7001377137,0,0.33670902,0,Medium
7000101384,0,0.3366359,0,Medium
7000082609,0,0.33651063,0,Medium
7000930236,0,0.33638284,0,Medium
7001200579,0,0.33631662,0,Medium
7001764558,0,0.33630532,0,Medium
7001638625,0,0.33625787,0,Medium
7002196766,0,0.33603263,0,Medium
7000568015,0,0.33602163,0,Medium
7000863355,0,0.33598506,0,Medium
7000796786,0,0.33596435,0,Medium
7000894192,0,0.3358624,0,Medium
7001596145,0,0.33580244,0,Medium
7000114439,0,0.33575243,0,Medium
7001356689,0,0.3357157,0,Medium
7001677339,0,0.33571255,0,Medium
7001617733,1,0.3356998,0,Medium
7000324286,0,0.33561254,0,Medium
7000000983,0,0.33555758,0,Medium
7002322087,0,0.33548233,0,Medium
7001109019,1,0.33547738,0,Medium
7002385593,0,0.3353098,0,Medium
7000845127,0,0.33522788,0,Medium
7000792124,0,0.3349204,0,Medium
7001832312,0,0.33489656,0,Medium
7000881849,0,0.33482307,0,Medium
7001907150,0,0.3347616,0,Medium
7000439382,0,0.3347416,0,Medium
7000528458,0,0.33462816,0,Medium
7001063829,0,0.33448505,0,Medium
7000705065,0,0.33444065,0,Medium
7002094552,0,0.33429182,0,Medium
7001483863,0,0.33425564,0,Medium
7001569147,0,0.33424813,0,Medium
7001484056,0,0.33388862,0,Medium
7002229951,0,0.33379182,0,Medium
7002217888,0,0.3337645,0,Medium
7002218678,0,0.33370924,0,Medium
7002053773,0,0.3336235,0,Medium
7000862273,0,0.3335079,0,Medium
7001026895,0,0.33350578,0,Medium
7001133025,0,0.33349723,0,Medium
7000889511,0,0.33339277,0,Medium
7002140376,0,0.33335078,0,Medium
7002355206,0,0.33330682,0,Medium
7000318572,1,0.33314145,0,Medium
7002018957,0,0.33302224,0,Medium
7002104994,0,0.33285362,0,Medium
7002296374,0,0.33278397,0,Medium
7001483886,0,0.33274344,0,Medium
7000398967,0,0.33260706,0,Medium
7002174798,0,0.33247453,0,Medium
7002032308,0,0.33234796,0,Medium
7000461648,0,0.33229688,0,Medium
7000898092,0,0.332284,0,Medium
7001372480,0,0.33198723,0,Medium
7000741353,0,0.33188415,0,Medium
7001736312,0,0.33172107,0,Medium
7001406297,0,0.33169165,0,Medium
7002335566,0,0.33164275,0,Medium
7001505951,0,0.3315976,0,Medium
7002410386,0,0.3312333,0,Medium
7000400237,0,0.33067247,0,Medium
7000323096,0,0.33054912,0,Medium
7000110661,0,0.33046663,0,Medium
7000340418,0,0.33007693,0,Medium
7000460317,0,0.33005425,0,Medium
7000992490,0,0.32991517,0,Medium
7001183399,0,0.32990268,0,Medium
7000846935,0,0.32972962,0,Medium
7001828748,1,0.32968232,0,Medium
7001527357,0,0.32962206,0,Medium
7000566867,0,0.32944417,0,Medium
7000931074,0,0.32934937,0,Medium
7002322174,0,0.32934865,0,Medium
7000664761,0,0.32923234,0,Medium
7002376444,0,0.32917812,0,Medium
7002213458,0,0.32911286,0,Medium
7001200975,0,0.32906574,0,Medium
7000235186,0,0.32899338,0,Medium
7000311117,0,0.32898435,0,Medium
7001201176,0,0.32866967,0,Medium
7000209301,0,0.32865793,0,Medium
7002381155,1,0.32862893,0,Medium
7001359001,0,0.32854304,0,Medium
7000290609,0,0.32853857,0,Medium
7000843490,0,0.32838798,0,Medium
7001873312,0,0.3283216,0,Medium
7002074105,1,0.32831168,0,Medium
7000198432,0,0.32827052,0,Medium
7001963741,0,0.3280961,0,Medium
7000182220,0,0.32803768,0,Medium
7000489878,0,0.32766348,0,Medium
7001942691,0,0.32749617,0,Medium
7000357235,0,0.32740206,0,Medium
7000233744,0,0.32739735,0,Medium
7000372351,0,0.32706657,0,Medium
7001826068,0,0.3268929,0,Medium
7000318387,0,0.32689163,0,Medium
7001413913,0,0.32688347,0,Medium
7000934435,1,0.3267519,0,Medium
7000492757,0,0.32672232,0,Medium
7001147532,0,0.32663897,0,Medium
7000908748,0,0.3266387,0,Medium
7001560619,0,0.3265093,0,Medium
7002041260,0,0.32627934,0,Medium
7002115873,0,0.3262653,0,Medium
7001413479,0,0.32625514,0,Medium
7001907118,1,0.3262226,0,Medium
7001620290,0,0.32619536,0,Medium
7000241304,0,0.32616016,0,Medium
7001544904,0,0.32612303,0,Medium
7002325944,0,0.32603326,0,Medium
7000605863,0,0.32602376,0,Medium
7001522370,0,0.32592514,0,Medium
7001001625,0,0.32590118,0,Medium
7000207437,0,0.32566926,0,Medium
7000819834,0,0.3256315,0,Medium
7001931403,0,0.3255406,0,Medium
7002304783,0,0.32519847,0,Medium
7001322916,0,0.32518923,0,Medium
7000050063,0,0.32517067,0,Medium
7001850170,0,0.32509306,0,Medium
7000778851,0,0.32462984,0,Medium
7001979912,0,0.324612,0,Medium
7002063233,0,0.32459182,0,Medium
7000455977,0,0.3244583,0,Medium
7000155962,0,0.32435113,0,Medium
7001142841,0,0.32430914,0,Medium
7001453258,0,0.3241996,0,Medium
7000646061,0,0.3240666,0,Medium
7001824737,0,0.32392552,0,Medium
7002083783,0,0.3238414,0,Medium
7002346935,0,0.32383293,0,Medium
7001439927,0,0.3237446,0,Medium
7000666534,0,0.3237301,0,Medium
7000889657,0,0.32367212,0,Medium
7001082776,0,0.32364228,0,Medium
7001981000,0,0.32358664,0,Medium
7000848249,0,0.3234115,0,Medium
7001980994,0,0.32329834,0,Medium
7001525184,0,0.32313895,0,Medium
7001453043,0,0.32271937,0,Medium
7000923871,0,0.3225806,0,Medium
7001549030,0,0.32246697,0,Medium
7002337488,0,0.32232657,0,Medium
7000697091,0,0.32228667,0,Medium
7000534902,0,0.32223293,0,Medium
7001930337,0,0.32196462,0,Medium
7000910684,0,0.32185796,0,Medium
7001449179,0,0.32183495,0,Medium
7001309717,0,0.32178327,0,Medium
7002074018,0,0.32177848,0,Medium
7001130082,0,0.32174084,0,Medium
7000404448,0,0.3216742,0,Medium
7000513747,0,0.32164833,0,Medium
7001831827,0,0.32157943,0,Medium
7001838057,0,0.3214865,0,Medium
7001067516,0,0.32142866,0,Medium
7000982659,0,0.32125038,0,Medium
7001099349,0,0.32087448,0,Medium
7001444359,0,0.3208574,0,Medium
7001851614,0,0.320851,0,Medium
7001874700,0,0.32081136,0,Medium
7001739395,0,0.32076815,0,Medium
7001829688,0,0.32073507,0,Medium
7000900444,0,0.32061645,0,Medium
7001151692,0,0.32059032,0,Medium
7002325888,0,0.32056946,0,Medium
7001849606,1,0.32050374,0,Medium
7001288717,0,0.32008597,0,Medium
7002091959,0,0.32007012,0,Medium
7001434237,0,0.31994694,0,Medium
7000129921,0,0.31970778,0,Medium
7000369028,0,0.31947514,0,Medium
7000355922,1,0.31941655,0,Medium
7001372491,0,0.3192435,0,Medium
7001352491,0,0.31904632,0,Medium
7001127288,0,0.31897035,0,Medium
7000416355,0,0.31896192,0,Medium
7001812112,1,0.31896147,0,Medium
7000590766,0,0.3189544,0,Medium
7001905135,0,0.31880787,0,Medium
7001034253,0,0.31877765,0,Medium
7002407197,0,0.3186898,0,Medium
7002398880,0,0.31868553,0,Medium
7001992126,0,0.31858838,0,Medium
7000688510,0,0.31831646,0,Medium
7000094908,0,0.31787843,0,Medium
7000335753,0,0.3177312,0,Medium
7000922188,0,0.31763119,0,Medium
7001541512,0,0.31762803,0,Medium
7000555423,0,0.3175573,0,Medium
7001691386,0,0.31747553,0,Medium
7002096093,0,0.31743917,0,Medium
7001896249,0,0.3172252,0,Medium
7000479985,0,0.31716996,0,Medium
7001984950,0,0.31715682,0,Medium
7000091738,0,0.31713584,0,Medium
7001901806,0,0.31706405,0,Medium
7000506883,0,0.31684378,0,Medium
7000848835,0,0.3167896,0,Medium
7001044339,0,0.3167273,0,Medium
7002055466,0,0.31659627,0,Medium
7000493032,0,0.31652012,0,Medium
7002311026,0,0.31645763,0,Medium
7000580191,0,0.31644624,0,Medium
7000777996,0,0.31622157,0,Medium
7001576271,0,0.31609032,0,Medium
7001022884,0,0.31604928,0,Medium
7000344423,0,0.31589553,0,Medium
7000678074,0,0.31576034,0,Medium
7002349993,0,0.3156811,0,Medium
7001423778,1,0.31562907,0,Medium
7000802166,0,0.31553924,0,Medium
7000529482,0,0.3152849,0,Medium
7000974952,0,0.31528348,0,Medium
7001263240,0,0.31526175,0,Medium
7001761745,0,0.3151148,0,Medium
7001329043,0,0.3150135,0,Medium
7000284227,0,0.3149982,0,Medium
7001367409,1,0.31483668,0,Medium
7000617847,0,0.31481,0,Medium
7000921125,0,0.31463185,0,Medium
7000415265,1,0.31442797,0,Medium
7000902648,0,0.314348,0,Medium
7000287783,0,0.31434685,0,Medium
7000135024,0,0.31430963,0,Medium
7001225911,0,0.31413063,0,Medium
7002156287,0,0.3141198,0,Medium
7002269886,0,0.31405446,0,Medium
7000121382,0,0.31380284,0,Medium
7000882688,0,0.3136677,0,Medium
7000753680,0,0.3135265,0,Medium
7001153275,0,0.31344098,0,Medium
7000816167,1,0.31320146,0,Medium
7001208589,0,0.313009,0,Medium
7001947321,0,0.31261125,0,Medium
7002181914,0,0.312346,0,Medium
7000890644,0,0.31229663,0,Medium
7001919190,0,0.31220177,0,Medium
7001321647,1,0.311908,0,Medium
7001653832,0,0.31185237,0,Medium
7002147755,0,0.31175986,0,Medium
7001928643,0,0.31175157,0,Medium
7000296890,0,0.31153572,0,Medium
7000841772,0,0.31148365,0,Medium
7000725119,0,0.31127092,0,Medium
7002263180,0,0.3112026,0,Medium
7000955528,1,0.31096005,0,Medium
7000770941,0,0.31091848,0,Medium
7000090084,0,0.3108637,0,Medium
7000331525,0,0.31082973,0,Medium
7001233546,0,0.31075814,0,Medium
7000799406,0,0.3106951,0,Medium
7001183512,0,0.3105791,0,Medium
7000927313,0,0.31049588,0,Medium
7002347833,0,0.31047824,0,Medium
7000877310,0,0.31035638,0,Medium
7002137308,0,0.3103319,0,Medium
7000526733,0,0.31030005,0,Medium
7000684753,0,0.3102941,0,Medium
7002104970,0,0.31001773,0,Medium
7002318774,0,0.30999509,0,Medium
7000497177,0,0.30995822,0,Medium
7002268322,0,0.30977353,0,Medium
7000875030,0,0.30965102,0,Medium
7002303512,0,0.30961716,0,Medium
7002245241,0,0.3095026,0,Medium
7002148330,0,0.30947986,0,Medium
7000054702,0,0.3094734,0,Medium
7000296856,0,0.30941096,0,Medium
7000023698,0,0.30917442,0,Medium
7002027182,0,0.30908895,0,Medium
7001882515,0,0.308912,0,Medium
7001953140,0,0.30884433,0,Medium
7000415570,0,0.30883697,0,Medium
7000927393,0,0.3087581,0,Medium
7000430271,0,0.30870223,0,Medium
7000090431,0,0.3086193,0,Medium
7000850790,0,0.3085798,0,Medium
7000213069,0,0.3085312,0,Medium
7001316213,0,0.30845183,0,Medium
7000791857,0,0.30844802,0,Medium
7001580845,0,0.3083603,0,Medium
7001887836,0,0.3082296,0,Medium
7001068575,0,0.3082193,0,Medium
7000329496,0,0.3081229,0,Medium
7001151699,0,0.30810758,0,Medium
7000337612,0,0.3079293,0,Medium
7002391247,0,0.30788866,0,Medium
7001438415,0,0.30772173,0,Medium
7001973452,0,0.30756235,0,Medium
7001401215,0,0.30741146,0,Medium
7000114548,0,0.3073661,0,Medium
7002070199,0,0.30728787,0,Medium
7000407511,0,0.3071983,0,Medium
7001475662,0,0.30709445,0,Medium
7001130051,1,0.30705097,0,Medium
7001377735,0,0.30698135,0,Medium
7000297890,0,0.30689338,0,Medium
7000655475,0,0.30686903,0,Medium
7001325828,0,0.30683708,0,Medium
7000707062,0,0.3068168,0,Medium
7000837695,0,0.3067947,0,Medium
7001796484,0,0.3066041,0,Medium
7000247653,0,0.3064197,0,Medium
7000804170,0,0.30634296,0,Medium
7002124046,0,0.3060889,0,Medium
7000669256,0,0.30603105,0,Medium
7001291485,0,0.30586803,0,Medium
7000776837,0,0.3057277,0,Medium
7000236672,0,0.30561477,0,Medium
7002154375,0,0.30561253,0,Medium
7000661108,0,0.3055976,0,Medium
7001466263,0,0.30551818,0,Medium
7001252315,0,0.30510095,0,Medium
7002392210,0,0.3050958,0,Medium
7002235015,0,0.30504933,0,Medium
7000117235,1,0.305028,0,Medium
7000710996,0,0.3050001,0,Medium
7000614761,0,0.3049498,0,Medium
7000864746,0,0.3049293,0,Medium
7001897865,0,0.30476663,0,Medium
7000284783,0,0.3047492,0,Medium
7002236306,0,0.30467668,0,Medium
7000376908,0,0.30412686,0,Medium
7002239543,0,0.3039783,0,Medium
7000102949,0,0.30395132,0,Medium
7002181537,0,0.3038259,0,Medium
7002239171,0,0.3036542,0,Medium
7001645972,0,0.30328673,0,Medium
7001879831,0,0.30306342,0,Medium
7001245137,0,0.3030622,0,Medium
7000538929,0,0.30305716,0,Medium
7000920668,0,0.30297592,0,Medium
7001584725,0,0.30296096,0,Medium
7001871528,0,0.30283126,0,Medium
7001116101,0,0.30235532,0,Medium
7002304163,0,0.30235156,0,Medium
7000571650,0,0.30234924,0,Medium
7000186837,0,0.30225605,0,Medium
7000422444,0,0.3022449,0,Medium
7002026800,0,0.3021282,0,Medium
7000725476,0,0.30211902,0,Medium
7000547328,0,0.3020237,0,Medium
7000287103,0,0.30190527,0,Medium
7001874172,0,0.30178756,0,Medium
7001459303,0,0.30167016,0,Medium
7001935805,0,0.30149034,0,Medium
7001329321,0,0.30139956,0,Medium
7000592738,0,0.3013008,0,Medium
7001779638,0,0.30113056,0,Medium
7002361094,0,0.30104396,0,Medium
7000065240,0,0.30093423,0,Medium
7000875196,0,0.30077645,0,Medium
7000987484,0,0.30076763,0,Medium
7001315314,0,0.30058965,0,Medium
7000942047,0,0.3004515,0,Medium
7000686258,0,0.30041993,0,Medium
7001799097,0,0.30015355,0,Medium
7001618605,0,0.3001185,0,Medium
7001312037,0,0.29995105,0,Low
7000379308,0,0.29982612,0,Low
7000975192,0,0.29970834,0,Low
7001687822,0,0.29968536,0,Low
7000135765,0,0.29967016,0,Low
7000450121,0,0.2996543,0,Low
7000861000,0,0.29914075,0,Low
7000583123,0,0.2990335,0,Low
7002410816,0,0.29896328,0,Low
7001064814,0,0.29880014,0,Low
7001999284,0,0.2987219,0,Low
7001345770,0,0.29864743,0,Low
7000358328,0,0.29855302,0,Low
7001590510,0,0.29847357,0,Low
7000799888,0,0.298431,0,Low
7000145480,0,0.29837504,0,Low
7001326610,0,0.2983213,0,Low
7001834787,0,0.2981,0,Low
7001082459,0,0.29802302,0,Low
7000395728,0,0.29779634,0,Low
7000441930,0,0.2976743,0,Low
7000656064,0,0.29761034,0,Low
7001923741,0,0.2973904,0,Low
7001911302,0,0.29733565,0,Low
7000881979,0,0.29720652,0,Low
7002008279,0,0.2971843,0,Low
7000075690,0,0.2971586,0,Low
7001449151,0,0.29706866,0,Low
7000631519,0,0.2970156,0,Low
7001307411,0,0.29689646,0,Low
7001329803,0,0.2968782,0,Low
7001802744,0,0.29687598,0,Low
7001129164,0,0.29686677,0,Low
7001863408,0,0.2968258,0,Low
7000573625,0,0.29673028,0,Low
7001708602,0,0.2965407,0,Low
7001863965,0,0.29652613,0,Low
7001036515,0,0.29645637,0,Low
7002108928,0,0.29643402,0,Low
7000802686,0,0.29641807,0,Low
7001767231,0,0.29640377,0,Low
7000358105,0,0.29638207,0,Low
7000863412,0,0.29636535,0,Low
7001729384,0,0.29633686,0,Low
7002061723,0,0.2963217,0,Low
7000460116,0,0.29627457,0,Low
7001413228,0,0.29614365,0,Low
7001197141,0,0.29608905,0,Low
7001674421,0,0.29592833,0,Low
7002222920,0,0.2957863,0,Low
7000490021,0,0.29553428,0,Low
7000453651,0,0.2954946,0,Low
7001079377,0,0.29529548,0,Low
7000426978,0,0.2951153,0,Low
7001357388,0,0.29501393,0,Low
7001432178,0,0.29495493,0,Low
7001850776,0,0.2949537,0,Low
7002050172,0,0.29486093,0,Low
7000980826,0,0.29483622,0,Low
7001067019,0,0.2945472,0,Low
7001436793,0,0.2943324,0,Low
7001177330,0,0.29429266,0,Low
7000532993,0,0.29416296,0,Low
7000524913,0,0.29393262,0,Low
7001786861,0,0.29372308,0,Low
7000509911,0,0.2936535,0,Low
7000885329,0,0.29352427,0,Low
7001142264,0,0.29350308,0,Low
7001882452,0,0.29347762,0,Low
7000959211,0,0.29337314,0,Low
7001108552,0,0.29334733,0,Low
7001399856,0,0.29332742,0,Low
7001231483,0,0.2931684,0,Low
7001988239,0,0.29314122,0,Low
7000640039,0,0.29303488,0,Low
7000028094,0,0.29302305,0,Low
7001258365,0,0.29290006,0,Low
7002037404,0,0.29279172,0,Low
7001391220,0,0.29277736,0,Low
7001929978,0,0.29262933,0,Low
7000122763,0,0.29242054,0,Low
7000919579,0,0.2923715,0,Low
7002205288,0,0.2921774,0,Low
7001002457,0,0.29196104,0,Low
7000341923,0,0.29191113,0,Low
7000379772,0,0.29187492,0,Low
7001739288,0,0.29183143,0,Low
7000478759,0,0.29168305,0,Low
7002174653,0,0.2916812,0,Low
7001765534,0,0.29167107,0,Low
7000563413,0,0.29161242,0,Low
7001360863,0,0.29123607,0,Low
7002360255,0,0.29123455,0,Low
7002143627,0,0.29123363,0,Low
7001486022,0,0.29119378,0,Low
7002017541,0,0.2911158,0,Low
7001495934,1,0.29107028,0,Low
7000880470,0,0.29105866,0,Low
7001351494,0,0.29093504,0,Low
7001102481,0,0.29090315,0,Low
7001341470,0,0.2908628,0,Low
7000536724,0,0.29083437,0,Low
7001715743,0,0.29081827,0,Low
7000964087,0,0.29074985,0,Low
7000526164,0,0.2906426,0,Low
7001701070,0,0.29062736,0,Low
7002379797,0,0.29060966,0,Low
7001525449,0,0.29057023,0,Low
7000833715,0,0.29053107,0,Low
7001670644,0,0.29050142,0,Low
7001854167,0,0.2903511,0,Low
7001246883,0,0.2902351,0,Low
7000236287,0,0.2901702,0,Low
7000285265,0,0.2899882,0,Low
7000873909,0,0.2898869,0,Low
7002276190,0,0.289876,0,Low
7000686875,0,0.28981212,0,Low
7000484067,0,0.28977913,0,Low
7001184668,0,0.28962752,0,Low
7001777165,0,0.2895443,0,Low
7000675763,0,0.2894175,0,Low
7001273727,0,0.28936186,0,Low
7002098139,0,0.28929234,0,Low
7000156946,0,0.28917226,0,Low
7001552229,0,0.2891601,0,Low
7000420364,0,0.28909665,0,Low
7002245345,0,0.28865612,0,Low
7000367200,0,0.28859454,0,Low
7002019718,0,0.2885424,0,Low
7001739660,0,0.28843018,0,Low
7000473618,0,0.28830206,0,Low
7001409025,0,0.2882674,0,Low
7000930939,0,0.28824016,0,Low
7001941098,0,0.28820077,0,Low
7001120278,0,0.2881621,0,Low
7001328155,0,0.28782514,0,Low
7002107679,0,0.2878112,0,Low
7001485005,0,0.28774366,0,Low
7002057499,0,0.28764462,0,Low
7000644288,0,0.2875697,0,Low
7001698185,0,0.2875356,0,Low
7000923842,0,0.2868988,0,Low
7002003110,0,0.2868458,0,Low
7001401344,0,0.28681767,0,Low
7000902150,0,0.28656512,0,Low
7000773681,0,0.28655532,0,Low
7002247807,0,0.2865519,0,Low
7002233153,0,0.28644666,0,Low
7000186312,0,0.28642544,0,Low
7002001571,0,0.2863093,0,Low
7001382389,0,0.28619853,0,Low
7000258839,0,0.28615773,0,Low
7001126073,0,0.28604892,0,Low
7000224401,0,0.28602657,0,Low
7001306953,1,0.2860177,0,Low
7001479332,0,0.2859979,0,Low
7001277211,0,0.2859537,0,Low
7000860774,0,0.2858924,0,Low
7002305368,0,0.28575185,0,Low
7001290651,0,0.2857359,0,Low
7001592336,0,0.2855932,0,Low
7001585206,0,0.28550962,0,Low
7001818622,0,0.28539398,0,Low
7000855696,0,0.28539065,0,Low
7000400521,0,0.2853776,0,Low
7001711983,0,0.28527465,0,Low
7002206397,0,0.2851683,0,Low
7000861658,0,0.28512654,0,Low
7000290918,0,0.28509364,0,Low
7002050265,0,0.28509048,0,Low
7002163210,0,0.28507552,0,Low
7001836009,0,0.28497243,0,Low
7001967298,0,0.28477257,0,Low
7001189556,0,0.2847574,0,Low
7000304136,0,0.2847324,0,Low
7001950900,0,0.28464794,0,Low
7001199962,0,0.28463218,0,Low
7001107755,0,0.28447676,0,Low
7001939974,0,0.28427464,0,Low
7000075004,0,0.2842642,0,Low
7000611860,1,0.28410396,0,Low
7002370448,0,0.28406167,0,Low
7000308180,0,0.2840486,0,Low
7000964874,0,0.28401896,0,Low
7001657885,0,0.28400227,0,Low
7001688496,0,0.28398043,0,Low
7001443007,0,0.2839134,0,Low
7001788985,0,0.2838943,0,Low
7001571107,0,0.28386673,0,Low
7000662363,0,0.28352606,0,Low
7000564859,0,0.28351268,0,Low
7000390181,0,0.28349438,0,Low
7000851456,0,0.2833873,0,Low
7000459542,0,0.2833865,0,Low
7000534354,0,0.28336507,0,Low
7000855483,0,0.2833288,0,Low
7002036603,0,0.28315926,0,Low
7001595476,0,0.28301787,0,Low
7001427592,0,0.28285816,0,Low
7001718526,0,0.28275505,0,Low
7001570226,0,0.2827084,0,Low
7000153492,0,0.28270194,0,Low
7001931332,0,0.28268322,0,Low
7002136586,0,0.2823139,0,Low
7000700056,0,0.28212455,0,Low
7000115202,0,0.28212264,0,Low
7000687177,0,0.28186667,0,Low
7000349130,0,0.28186595,0,Low
7000486474,0,0.2817177,0,Low
7000276302,0,0.28162986,0,Low
7001968915,0,0.28150907,0,Low
7001836338,0,0.28149498,0,Low
7001403358,0,0.28133366,0,Low
7002086431,0,0.28131047,0,Low
7000228506,0,0.28095746,0,Low
7002269852,0,0.28080967,0,Low
7000155064,0,0.2807131,0,Low
7001738450,0,0.28059456,0,Low
7001389869,0,0.28053674,0,Low
7000729208,1,0.28053322,0,Low
7001575376,0,0.2805028,0,Low
7000895246,0,0.28048626,0,Low
7000254319,0,0.28035617,0,Low
7002100512,0,0.28020433,0,Low
7001564068,0,0.2801948,0,Low
7001603468,0,0.2801166,0,Low
7001790401,1,0.28001496,0,Low
7000433614,0,0.27978334,0,Low
7000108526,0,0.27969646,0,Low
7001686724,0,0.2794489,0,Low
7000409562,0,0.27944016,0,Low
7000616687,0,0.27936113,0,Low
7002034258,0,0.27925104,0,Low
7002265498,1,0.27924028,0,Low
7001955228,0,0.27922547,0,Low
7000812358,0,0.27921802,0,Low
7001788737,0,0.2792099,0,Low
7001771043,0,0.2791984,0,Low
7001288872,0,0.27908817,0,Low
7000998593,0,0.27907777,0,Low
7000751008,0,0.27906248,0,Low
7000260799,0,0.27899757,0,Low
7001797685,0,0.2789186,0,Low
7001892348,0,0.278822,0,Low
7000715457,0,0.2787683,0,Low
7000186492,0,0.27869707,0,Low
7001910407,0,0.27868173,0,Low
7001465781,0,0.27863804,0,Low
7001637416,0,0.27861848,0,Low
7002017108,0,0.2785677,0,Low
7001272479,0,0.2785505,0,Low
7001409359,0,0.27850446,0,Low
7001853931,0,0.27845556,0,Low
7000966667,0,0.27839854,0,Low
7000505910,0,0.2783437,0,Low
7000188539,0,0.27818587,0,Low
7000771398,0,0.27809608,0,Low
7000780438,0,0.2780847,0,Low
7001322850,0,0.27807498,0,Low
7001686135,0,0.27805367,0,Low
7001043371,1,0.27788818,0,Low
7001783689,0,0.2778496,0,Low
7002321470,0,0.27779803,0,Low
7001923670,0,0.2774797,0,Low
7000457787,0,0.27746043,0,Low
7001175644,0,0.2773149,0,Low
7001459272,0,0.27729777,0,Low
7001573671,0,0.27690825,0,Low
7001009353,1,0.27690175,0,Low
7001147956,0,0.2768816,0,Low
7000868756,0,0.27687934,0,Low
7000809161,0,0.2768758,0,Low
7000826851,0,0.27672583,0,Low
7001563073,0,0.2766564,0,Low
7001808623,0,0.27664983,0,Low
7000073469,0,0.27659714,0,Low
7000801647,0,0.27654785,0,Low
7001948075,0,0.2765274,0,Low
7000662429,0,0.27649072,0,Low
7000159641,0,0.2764518,0,Low
7001345893,0,0.27639127,0,Low
7001999064,0,0.2763555,0,Low
7002364798,0,0.27622253,0,Low
7000622832,0,0.27621692,0,Low
7000153072,0,0.2761754,0,Low
7000603407,0,0.2760874,0,Low
7002246261,0,0.27600884,0,Low
7000647036,1,0.27592832,0,Low
7000878280,0,0.2758576,0,Low
7001947134,0,0.27584672,0,Low
7001549361,0,0.2756921,0,Low
7000846889,0,0.275677,0,Low
7001995946,0,0.2754875,0,Low
7001479568,0,0.27545422,0,Low
7000927687,0,0.27536428,0,Low
7001965340,0,0.27529907,0,Low
7000968405,0,0.27524626,0,Low
7001881257,0,0.27524123,0,Low
7002390806,0,0.27486476,0,Low
7001951507,0,0.27484718,0,Low
7000331888,0,0.27482733,0,Low
7002252798,0,0.2746557,0,Low
7002187340,0,0.2746535,0,Low
7001554871,0,0.27460656,0,Low
7000609343,0,0.27460453,0,Low
7000656189,0,0.27460206,0,Low
7000036319,0,0.274441,0,Low
7001097041,0,0.2744394,0,Low
7000429485,0,0.27439272,0,Low
7001786449,0,0.2743542,0,Low
7000733891,0,0.27427056,0,Low
7002238967,0,0.27418485,0,Low
7000862879,0,0.2740511,0,Low
7001112141,0,0.27402908,0,Low
7000692874,0,0.27395532,0,Low
7000882072,0,0.27389392,0,Low
7000470509,0,0.2737806,0,Low
7000781648,0,0.27371007,0,Low
7000975009,0,0.27368063,0,Low
7002401904,0,0.27360597,0,Low
7000220626,0,0.2735564,0,Low
7000734617,0,0.2733863,0,Low
7001953680,0,0.27328753,0,Low
7002349304,0,0.27303734,0,Low
7000095001,0,0.27298075,0,Low
7000416548,0,0.27297547,0,Low
7000247886,0,0.27294096,0,Low
7000540061,0,0.27293757,0,Low
7001555094,0,0.2729196,0,Low
7001021236,0,0.27284396,0,Low
7001942410,0,0.272788,0,Low
7001347630,0,0.27264613,0,Low
7001986820,0,0.2725073,0,Low
7000107472,0,0.2725019,0,Low
7001084191,0,0.27245554,0,Low
7000141132,0,0.27244183,0,Low
7001655681,0,0.27211422,0,Low
7001240848,1,0.27210957,0,Low
7002319860,0,0.27209958,0,Low
7000529211,0,0.2720234,0,Low
7001161856,0,0.27201968,0,Low
7001634638,0,0.27198052,0,Low
7001627649,0,0.27184927,0,Low
7001145153,0,0.27179685,0,Low
7002266256,0,0.27165452,0,Low
7000625462,0,0.27150756,0,Low
7000338652,0,0.27125597,0,Low
7002257700,0,0.27115172,0,Low
7001475700,0,0.27110636,0,Low
7002072687,0,0.27103552,0,Low
7000085831,0,0.2710312,0,Low
7000776077,0,0.27100226,0,Low
7000130153,0,0.2709925,0,Low
7000350753,0,0.2709826,0,Low
7001003580,0,0.2708076,0,Low
7000833485,0,0.27076054,0,Low
7002325084,0,0.27075437,0,Low
7001544018,0,0.2706384,0,Low
7001228103,0,0.27062672,0,Low
7002350205,0,0.27045628,0,Low
7000621250,1,0.2704501,0,Low
7002120834,0,0.27044082,0,Low
7000157893,0,0.27030206,0,Low
7001427692,0,0.27022526,0,Low
7001981489,0,0.27021572,0,Low
7000312917,0,0.27012312,0,Low
7000720007,0,0.27011225,0,Low
7002155293,0,0.27006072,0,Low
7001816790,0,0.27002636,0,Low
7002220133,0,0.2699927,0,Low
7002179597,0,0.2697814,0,Low
7001954131,0,0.2696313,0,Low
7001238559,0,0.26957527,0,Low
7001952174,0,0.2695593,0,Low
7001209270,0,0.269546,0,Low
7001934179,0,0.2694919,0,Low
7000671474,0,0.2694715,0,Low
7000829449,0,0.26945657,0,Low
7002005001,0,0.26938844,0,Low
7001227416,0,0.26938665,0,Low
7002294562,0,0.26936316,0,Low
7000725484,0,0.26933724,0,Low
7002098576,0,0.2692497,0,Low
7000116677,0,0.26924184,0,Low
7002004386,0,0.26912272,0,Low
7002272563,0,0.26898795,0,Low
7001628067,0,0.2684848,0,Low
7000509181,0,0.26847833,0,Low
7001770240,0,0.26836634,0,Low
7001239504,0,0.26834077,0,Low
7000110367,0,0.2680414,0,Low
7000044057,0,0.26781598,0,Low
7000885409,0,0.26781318,0,Low
7000631122,0,0.26780537,0,Low
7000484355,0,0.26773718,0,Low
7002011141,0,0.26767176,0,Low
7002001852,0,0.2676554,0,Low
7001413225,0,0.2675132,0,Low
7002213757,0,0.2673274,0,Low
7000932523,0,0.26731083,0,Low
7001226700,0,0.2672732,0,Low
7001981013,0,0.26725152,0,Low
7000168433,0,0.26719454,0,Low
7002095058,0,0.2671654,0,Low
7002389563,0,0.26709065,0,Low
7001380750,0,0.26697972,0,Low
7001118528,0,0.26677236,0,Low
7002198837,0,0.26654997,0,Low
7001518390,0,0.2665179,0,Low
7000455633,0,0.26622644,0,Low
7000885735,0,0.26610628,0,Low
7002323225,0,0.26607093,0,Low
7001527795,0,0.26596078,0,Low
7000223573,0,0.26595622,0,Low
7001631478,0,0.26595506,0,Low
7000350330,0,0.26567456,0,Low
7001858998,0,0.26566547,0,Low
7000171236,0,0.2655808,0,Low
7001685052,0,0.26557428,0,Low
7000852267,0,0.26553154,0,Low
7001868418,0,0.26551136,0,Low
7000390895,0,0.26551124,0,Low
7000334438,0,0.2653605,0,Low
7002292188,0,0.26521227,0,Low
7000537595,0,0.2651488,0,Low
7000276208,0,0.26510364,0,Low
7000683637,0,0.26510158,0,Low
7002330417,0,0.26503694,0,Low
7000519912,0,0.26501092,0,Low
7001007552,0,0.2649746,0,Low
7002236892,1,0.26485303,0,Low
7001549962,0,0.26480514,0,Low
7002181196,0,0.26474023,0,Low
7000558274,0,0.2647297,0,Low
7002240163,0,0.26459658,0,Low
7002102195,0,0.26454142,0,Low
7000102580,0,0.26447907,0,Low
7002350693,0,0.26442143,0,Low
7001628156,0,0.26433936,0,Low
7000778561,0,0.26431456,0,Low
7002037563,0,0.26425537,0,Low
7001593129,0,0.26407441,0,Low
7000822568,0,0.2638804,0,Low
7001571756,0,0.26385412,0,Low
7002035369,0,0.2637281,0,Low
7000790998,0,0.26370344,0,Low
7002174213,0,0.2636406,0,Low
7000986150,0,0.26359883,0,Low
7001136352,0,0.26352125,0,Low
7000874011,0,0.26351213,0,Low
7002024550,1,0.2634651,0,Low
7001565340,0,0.26346487,0,Low
7000029936,0,0.26339823,0,Low
7000474801,0,0.26332664,0,Low
7001105192,0,0.26313153,0,Low
7000443038,0,0.2630973,0,Low
7000841793,0,0.26301113,0,Low
7000918792,0,0.26278254,0,Low
7002296277,0,0.2623245,0,Low
7002202892,0,0.26217172,0,Low
7001456726,0,0.26198083,0,Low
7000130756,0,0.26188082,0,Low
7001531242,0,0.2618715,0,Low
7002312603,0,0.2617337,0,Low
7001975360,0,0.26172444,0,Low
7001478552,0,0.26161346,0,Low
7001922098,0,0.2614593,0,Low
7000491204,0,0.261325,0,Low
7002343555,0,0.2613102,0,Low
7001214508,0,0.26119885,0,Low
7000979535,0,0.26115662,0,Low
7000697534,0,0.2610901,0,Low
7000072948,0,0.26106375,0,Low
7000905923,0,0.2609924,0,Low
7001709439,0,0.26099047,0,Low
7000054681,0,0.26098937,0,Low
7000839450,0,0.26091272,0,Low
7002187206,0,0.26081625,0,Low
7001798168,0,0.26073197,0,Low
7001706647,0,0.2607259,0,Low
7001708810,0,0.26055193,0,Low
7000141891,0,0.2604947,0,Low
7000111416,0,0.2604775,0,Low
7002267400,0,0.2603177,0,Low
7001430260,0,0.26027346,0,Low
7001491289,0,0.26024887,0,Low
7001590233,0,0.26016784,0,Low
7001503903,0,0.2597263,0,Low
7001003229,0,0.25968102,0,Low
7001303999,0,0.25967333,0,Low
7001874199,0,0.25966972,0,Low
7001470069,0,0.25953427,0,Low
7001158299,0,0.25949353,0,Low
7000747863,0,0.25943357,0,Low
7001765199,0,0.25933322,0,Low
7002055417,0,0.25913528,0,Low
7001447150,0,0.25913182,0,Low
7000616047,0,0.25903973,0,Low
7002111129,0,0.25885642,0,Low
7000106606,0,0.25878942,0,Low
7002108744,0,0.2587876,0,Low
7001514435,0,0.2587628,0,Low
7001554227,0,0.25869277,0,Low
7002375864,0,0.2586895,0,Low
7001502988,0,0.25865686,0,Low
7001074713,0,0.25844,0,Low
7000179846,0,0.25837174,0,Low
7001147941,0,0.2583656,0,Low
7000169581,0,0.2582191,0,Low
7000105308,0,0.2581515,0,Low
7000947473,0,0.25792944,0,Low
7002078714,0,0.2578384,0,Low
7000308470,0,0.2577082,0,Low
7002285342,0,0.2576087,0,Low
7001950514,0,0.25757477,0,Low
7000706828,0,0.2575536,0,Low
7001602789,0,0.25751588,0,Low
7001198065,0,0.2574372,0,Low
7002105408,0,0.257307,0,Low
7000395848,0,0.2571977,0,Low
7001653610,0,0.25716943,0,Low
7001818589,0,0.25701335,0,Low
7001840711,0,0.25691554,0,Low
7002095130,0,0.25683534,0,Low
7001754920,0,0.2566386,0,Low
7001448058,0,0.2564085,0,Low
7002244115,0,0.25637186,0,Low
7000022108,0,0.25629807,0,Low
7001330745,0,0.256263,0,Low
7001674441,0,0.25619736,0,Low
7001241108,0,0.25610974,0,Low
7000060443,0,0.25599226,0,Low
7002250393,0,0.2559705,0,Low
7000079520,0,0.25586846,0,Low
7001772223,0,0.25579023,0,Low
7002190672,0,0.25576735,0,Low
7001313083,0,0.25553936,0,Low
7000521697,0,0.25547993,0,Low
7001947336,0,0.2553655,0,Low
7001427004,0,0.25534657,0,Low
7001733097,0,0.2552995,0,Low
7000543166,0,0.2551494,0,Low
7001810927,0,0.2550552,0,Low
7001644251,0,0.25486624,0,Low
7000845164,0,0.25484318,0,Low
7001321198,0,0.254834,0,Low
7002075286,0,0.25481802,0,Low
7001906542,0,0.25478297,0,Low
7000191949,0,0.25477305,0,Low
7000825906,0,0.25475278,0,Low
7002185717,0,0.25474837,0,Low
7001254246,0,0.2546479,0,Low
7001248927,0,0.25447735,0,Low
7000977420,0,0.2543939,0,Low
7001166003,0,0.25415203,0,Low
7000516551,0,0.25412664,0,Low
7000537581,0,0.2539813,0,Low
7001137085,0,0.25385487,0,Low
7001943102,0,0.25378615,0,Low
7000635407,0,0.25374275,0,Low
7000312890,0,0.25373048,0,Low
7001041233,0,0.25361812,0,Low
7001800394,0,0.25360206,0,Low
7002367773,0,0.25350645,0,Low
7002148729,0,0.2534076,0,Low
7001957112,0,0.25339812,0,Low
7000460176,0,0.25331387,0,Low
7002408556,0,0.25289655,0,Low
7002397398,0,0.25272208,0,Low
7002375216,1,0.25271037,0,Low
7000914098,0,0.2524879,0,Low
7000157068,0,0.25239074,0,Low
7000914194,0,0.25228047,0,Low
7001687049,0,0.25219017,0,Low
7000227813,0,0.252143,0,Low
7001156295,0,0.25209817,0,Low
7000543261,0,0.25208846,0,Low
7001464144,0,0.25205293,0,Low
7002286708,0,0.2519816,0,Low
7001306101,0,0.25180352,0,Low
7000713209,0,0.25175813,0,Low
7001197672,0,0.25174317,0,Low
7002335989,0,0.25151667,0,Low
7002106543,0,0.25146583,0,Low
7001653012,0,0.25141206,0,Low
7001442617,0,0.25140473,0,Low
7002201078,0,0.25138396,0,Low
7000758470,0,0.2513631,0,Low
7000801973,0,0.25129926,0,Low
7002040620,0,0.25116405,0,Low
7000221594,0,0.25106168,0,Low
7000071536,0,0.25102496,0,Low
7000015384,0,0.25097156,0,Low
7002310192,0,0.25071013,0,Low
7001387514,0,0.25061896,0,Low
7000454861,0,0.25050473,0,Low
7001835975,0,0.25041,0,Low
7000877693,0,0.25032935,0,Low
7001259213,0,0.25020143,0,Low
7000718731,0,0.2501791,0,Low
7001863818,0,0.25015193,0,Low
7001586264,0,0.25001487,0,Low
7000123435,0,0.24996382,0,Low
7001479354,0,0.24993743,0,Low
7001593114,0,0.2499187,0,Low
7001598379,0,0.2498768,0,Low
7002262403,0,0.24970365,0,Low
7001892924,0,0.24952903,0,Low
7000601209,0,0.24951647,0,Low
7002102105,0,0.2494949,0,Low
7000072866,1,0.24943279,0,Low
7000883685,0,0.24937224,0,Low
7001027612,0,0.24924015,0,Low
7002377056,0,0.24916752,0,Low
7000422424,0,0.24915597,0,Low
7002193970,0,0.24906787,0,Low
7000371143,0,0.2490348,0,Low
7000211465,0,0.24902469,0,Low
7001659284,0,0.2490139,0,Low
7001440617,0,0.24892467,0,Low
7000026889,0,0.24876834,0,Low
7000312161,0,0.24876328,0,Low
7000728624,0,0.24863133,0,Low
7001108322,0,0.24861093,0,Low
7000812146,0,0.24845058,0,Low
7000339644,0,0.24836461,0,Low
7002295527,0,0.24810809,0,Low
7002202386,0,0.24804658,0,Low
7001933744,0,0.24803942,0,Low
7000614884,0,0.2479068,0,Low
7000978641,0,0.24784797,0,Low
7000895969,0,0.24783178,0,Low
7002185471,0,0.24767691,0,Low
7001568951,0,0.24755587,0,Low
7000677424,0,0.24751435,0,Low
7000577606,0,0.24745928,0,Low
7001945548,0,0.24745834,0,Low
7001104378,0,0.24736744,0,Low
7000658599,0,0.24733955,0,Low
7001562107,0,0.24723056,0,Low
7001883903,0,0.24719669,0,Low
7000515069,0,0.24710369,0,Low
7001156580,0,0.24702415,0,Low
7001874574,0,0.24700707,0,Low
7000457687,0,0.24688323,0,Low
7001179359,0,0.24668503,0,Low
7000744603,0,0.24665542,0,Low
7000138200,0,0.24662657,0,Low
7002312650,0,0.24662066,0,Low
7000312003,0,0.24644114,0,Low
7000088543,0,0.2462407,0,Low
7002252829,0,0.24617782,0,Low
7001242954,0,0.24617018,0,Low
7000893278,0,0.24603088,0,Low
7000087788,0,0.24602148,0,Low
7002315536,0,0.2459655,0,Low
7000146391,0,0.24595915,0,Low
7000419326,0,0.24595667,0,Low
7002365272,0,0.24582924,0,Low
7001242618,0,0.24573383,0,Low
7000773466,0,0.24558224,0,Low
7000920686,0,0.24556041,0,Low
7001231872,0,0.24555078,0,Low
7001239466,0,0.24553305,0,Low
7000316153,0,0.24553104,0,Low
7000921874,0,0.24548493,0,Low
7000439790,0,0.24547784,0,Low
7001154859,0,0.24540716,0,Low
7001282840,0,0.24533786,0,Low
7002290769,0,0.24520355,0,Low
7001043866,0,0.24514985,0,Low
7001375944,0,0.24496377,0,Low
7000476416,0,0.24492952,0,Low
7002115875,0,0.2448858,0,Low
7001132792,0,0.24483486,0,Low
7001940602,0,0.24480781,0,Low
7000902625,0,0.2447397,0,Low
7001832363,0,0.24473177,0,Low
7001395103,0,0.24472246,0,Low
7000571201,0,0.24471635,0,Low
7000113557,0,0.24463284,0,Low
7001716476,0,0.24461381,0,Low
7000825123,0,0.24460725,0,Low
7000673938,0,0.24445702,0,Low
7001048559,0,0.24426462,0,Low
7000899321,0,0.24409878,0,Low
7002287620,1,0.24408421,0,Low
7000463823,0,0.24402252,0,Low
7000754772,0,0.2438506,0,Low
7002061372,0,0.24383643,0,Low
7001075905,0,0.2438066,0,Low
7001268708,0,0.24375081,0,Low
7001251222,0,0.24361444,0,Low
7000270373,0,0.24351776,0,Low
7001663717,0,0.24344143,0,Low
7001739117,0,0.24313462,0,Low
7000594532,0,0.24304003,0,Low
7001879133,0,0.24293892,0,Low
7000666685,0,0.24293627,0,Low
7000091695,0,0.24281439,0,Low
7000413834,0,0.24273312,0,Low
7001067299,0,0.24265082,0,Low
7002240526,0,0.24258652,0,Low
7000664870,0,0.24253733,0,Low
7000257957,0,0.2424602,0,Low
7002379824,0,0.24244723,0,Low
7000299282,0,0.24211302,0,Low
7000636903,0,0.24200247,0,Low
7002042644,0,0.24190351,0,Low
7000356605,0,0.2417842,0,Low
7001481555,0,0.24166763,0,Low
7000291709,0,0.24166411,0,Low
7001326287,0,0.2415182,0,Low
7001288910,0,0.24144915,0,Low
7002371532,0,0.2414069,0,Low
7002341888,0,0.24135914,0,Low
7001103541,0,0.24133487,0,Low
7002059287,0,0.24112783,0,Low
7000847016,0,0.24110141,0,Low
7001158567,0,0.24096714,0,Low
7002039413,0,0.24089518,0,Low
7001290814,0,0.24082038,0,Low
7000889416,0,0.24064402,0,Low
7001040515,0,0.24060473,0,Low
7002273473,0,0.24053155,0,Low
7001938805,1,0.24052683,0,Low
7002104238,0,0.24042755,0,Low
7000843577,0,0.24035482,0,Low
7002377626,0,0.24034964,0,Low
7000456029,0,0.24030899,0,Low
7002327235,0,0.24023876,0,Low
7000920229,0,0.2401968,0,Low
7002063372,0,0.24009247,0,Low
7001535264,0,0.24007916,0,Low
7000808337,0,0.24007095,0,Low
7002186893,0,0.24000213,0,Low
7002403607,0,0.23996994,0,Low
7001658268,0,0.23995006,0,Low
7000932126,0,0.23993318,0,Low
7001984861,0,0.23989418,0,Low
7001949679,0,0.23977865,0,Low
7000564738,0,0.23975962,0,Low
7002183907,0,0.23952281,0,Low
7001078350,0,0.23951216,0,Low
7000820495,0,0.23949654,0,Low
7002232721,0,0.23945253,0,Low
7001335499,0,0.23936555,0,Low
7000294298,0,0.23931041,0,Low
7000946129,0,0.23921664,0,Low
7000890920,0,0.23907271,0,Low
7002125946,0,0.23905881,0,Low
7001821966,0,0.23892637,0,Low
7001896522,0,0.23892552,0,Low
7002247313,0,0.23885822,0,Low
7002402763,0,0.23880382,0,Low
7002315563,0,0.23854938,0,Low
7000451059,0,0.2384481,0,Low
7000417860,0,0.23831327,0,Low
7001698736,0,0.2382453,0,Low
7000790368,0,0.238228,0,Low
7000505076,0,0.23813796,0,Low
7000340553,0,0.23812266,0,Low
7000370917,0,0.23805752,0,Low
7000014180,0,0.23802817,0,Low
7000892560,0,0.23787785,0,Low
7000171878,0,0.23783861,0,Low
7002129731,0,0.23773961,0,Low
7002170195,0,0.23773654,0,Low
7000945082,0,0.23770343,0,Low
7000454609,0,0.23761381,0,Low
7000931789,0,0.23758043,0,Low
7000018465,0,0.23744707,0,Low
7001980970,0,0.23744215,0,Low
7001827872,0,0.23740852,0,Low
7001722487,0,0.23729086,0,Low
7000531107,0,0.2372521,0,Low
7001745808,0,0.23713163,0,Low
7001456372,0,0.23697738,0,Low
7001701368,0,0.23695439,0,Low
7001074144,0,0.23694775,0,Low
7000412300,0,0.23689042,0,Low
7000189316,0,0.23686871,0,Low
7002040191,0,0.23681164,0,Low
7000388066,0,0.23676674,0,Low
7001691781,0,0.23672089,0,Low
7000063805,0,0.23671341,0,Low
7000790470,0,0.23664732,0,Low
7001558980,0,0.23654707,0,Low
7001825629,0,0.23640771,0,Low
7002225301,0,0.236385,0,Low
7000115189,0,0.23619723,0,Low
7002303133,0,0.23618998,0,Low
7001539189,0,0.23618379,0,Low
7002182744,1,0.23618111,0,Low
7002038945,0,0.23616017,0,Low
7000592765,0,0.23596323,0,Low
7002239114,0,0.2359206,0,Low
7002386473,0,0.23578294,0,Low
7001363732,0,0.23576221,0,Low
7002267726,0,0.2357141,0,Low
7002224031,0,0.23567837,0,Low
7000542213,0,0.23562156,0,Low
7000791648,0,0.23557417,0,Low
7000950087,0,0.23553568,0,Low
7000078459,0,0.235474,0,Low
7000699450,0,0.23545997,0,Low
7002319982,0,0.23536938,0,Low
7000861331,0,0.23532255,0,Low
7002114572,0,0.23531672,0,Low
7001561016,0,0.23520978,0,Low
7001924846,0,0.23514263,0,Low
7002272744,0,0.23513603,0,Low
7001577064,0,0.2351075,0,Low
7000283981,0,0.23508316,0,Low
7001390560,0,0.23505767,0,Low
7000648177,0,0.23504256,0,Low
7001752279,0,0.23498438,0,Low
7001515820,0,0.23497556,0,Low
7000708163,0,0.2349521,0,Low
7002390080,0,0.23489669,0,Low
7002204206,0,0.23486131,0,Low
7000296886,0,0.23478597,0,Low
7000317770,0,0.23456594,0,Low
7001282316,0,0.2345368,0,Low
7002010469,0,0.23453318,0,Low
7002071649,0,0.23451875,0,Low
7000343749,0,0.23447302,0,Low
7000758977,0,0.23444466,0,Low
7002339120,0,0.23444304,0,Low
7002346669,0,0.23442899,0,Low
7001798045,0,0.2344283,0,Low
7000849919,0,0.23442537,0,Low
7001366882,0,0.23439582,0,Low
7001445856,0,0.23434688,0,Low
7001305760,0,0.23417951,0,Low
7001781764,0,0.23401737,0,Low
7001049109,0,0.23399927,0,Low
7000322157,0,0.23395295,0,Low
7001256867,0,0.23383896,0,Low
7001465885,0,0.23372732,0,Low
7002350441,0,0.23365602,0,Low
7001853053,0,0.23365104,0,Low
7000971169,0,0.2336371,0,Low
7001699116,0,0.23344435,0,Low
7000044744,0,0.23335178,0,Low
7000915940,0,0.23329554,0,Low
7001220168,0,0.23329401,0,Low
7001855022,0,0.23323205,0,Low
7002356241,0,0.23316127,0,Low
7002133204,0,0.23314227,0,Low
7000941491,0,0.23303413,0,Low
7000123709,0,0.23292121,0,Low
7001680425,0,0.23287287,0,Low
7000703338,0,0.23282732,0,Low
7002185012,1,0.2327701,0,Low
7000980838,0,0.23273045,0,Low
7000213508,0,0.23266047,0,Low
7000234406,0,0.23263712,0,Low
7000443260,0,0.23253894,0,Low
7000726478,0,0.23249203,0,Low
7002012659,0,0.23240231,0,Low
7002128369,0,0.23236652,0,Low
7000290452,0,0.23232631,0,Low
7001952668,0,0.23225898,0,Low
7000250470,0,0.2321187,0,Low
7001260405,0,0.23205674,0,Low
7001598791,0,0.23203549,0,Low
7000167621,0,0.23199236,0,Low
7000428848,0,0.2319296,0,Low
7001201706,0,0.23179758,0,Low
7001508822,0,0.23176864,0,Low
7000048348,0,0.2316941,0,Low
7001327160,0,0.23168777,0,Low
7000637136,0,0.23164447,0,Low
7001828156,0,0.23163979,0,Low
7001335841,0,0.23163311,0,Low
7000592082,0,0.2316217,0,Low
7001145073,0,0.2316026,0,Low
7001926022,0,0.23153809,0,Low
7000683877,0,0.2314391,0,Low
7002298342,0,0.23134524,0,Low
7000352916,0,0.23131403,0,Low
7000141306,0,0.23122762,0,Low
7000030773,0,0.23115557,0,Low
7001770485,0,0.23109199,0,Low
7001121305,0,0.2310701,0,Low
7001097905,0,0.23099619,0,Low
7001208315,1,0.23095962,0,Low
7001294971,0,0.23088439,0,Low
7001389651,0,0.23088418,0,Low
7001049033,0,0.2308683,0,Low
7000281664,0,0.23083153,0,Low
7000428900,0,0.23065569,0,Low
7002342329,0,0.23058107,0,Low
7000890214,0,0.23054165,0,Low
7000977630,0,0.23041345,0,Low
7001018289,1,0.23039389,0,Low
7000875804,0,0.23032609,0,Low
7000705468,0,0.23012064,0,Low
7001915346,0,0.23006442,0,Low
7000181343,0,0.23004557,0,Low
7002067863,0,0.22991815,0,Low
7001589632,0,0.2298728,0,Low
7000912493,0,0.22985409,0,Low
7000545473,0,0.22980493,0,Low
7001879471,0,0.2297342,0,Low
7000587279,0,0.22955228,0,Low
7000695978,0,0.22943836,0,Low
7001440484,0,0.22942388,0,Low
7002140948,0,0.22929537,0,Low
7000208922,0,0.22923417,0,Low
7002149748,0,0.2292236,0,Low
7000486751,0,0.22907014,0,Low
7001427228,0,0.22892328,0,Low
7002005252,0,0.22892131,0,Low
7000078115,0,0.22874328,0,Low
7002196437,0,0.22864445,0,Low
7000200624,0,0.22857532,0,Low
7001680257,0,0.22855449,0,Low
7001680737,0,0.22850084,0,Low
7002225579,0,0.2284323,0,Low
7002053797,0,0.22835153,0,Low
7002173540,0,0.22825019,0,Low
7000131938,0,0.22816543,0,Low
7001761243,0,0.22795922,0,Low
7001792332,0,0.22793837,0,Low
7002239155,0,0.22789067,0,Low
7000274462,0,0.22785966,0,Low
7001942509,0,0.2277038,0,Low
7001859540,0,0.22760065,0,Low
7001046193,0,0.22750068,0,Low
7001511347,0,0.22741993,0,Low
7000427181,0,0.22737476,0,Low
7000605530,0,0.22735314,0,Low
7001924897,0,0.22732939,0,Low
7001286387,0,0.22730817,0,Low
7000134038,0,0.22728363,0,Low
7000962306,0,0.22727366,0,Low
7000137350,0,0.22722133,0,Low
7001734596,0,0.22719805,0,Low
7002072352,0,0.22710809,0,Low
7001529960,0,0.22709599,0,Low
7001292683,0,0.22702435,0,Low
7002398285,0,0.22698371,0,Low
7001296841,0,0.22693695,0,Low
7001439678,0,0.2269337,0,Low
7000073842,0,0.2269212,0,Low
7001574284,0,0.22682625,0,Low
7000661676,0,0.22666866,0,Low
7000048232,0,0.22662981,0,Low
7001165250,0,0.22659312,0,Low
7000074535,0,0.22657911,0,Low
7001106363,0,0.22655705,0,Low
7000048430,0,0.22646408,0,Low
7001818951,0,0.22645259,0,Low
7001501409,0,0.22644441,0,Low
7001746121,0,0.22640945,0,Low
7000575420,0,0.22635026,0,Low
7002343534,0,0.2262964,0,Low
7001990692,0,0.22606757,0,Low
7002040091,0,0.22575024,0,Low
7000026011,0,0.22566226,0,Low
7001561730,0,0.22544815,0,Low
7000448080,0,0.22543178,0,Low
7001823797,0,0.22542687,0,Low
7002094623,1,0.2253279,0,Low
7000046517,0,0.22530365,0,Low
7000682963,0,0.22530249,0,Low
7001893195,0,0.22529897,0,Low
7001766550,0,0.2252439,0,Low
7001208753,0,0.22518477,0,Low
7000978645,0,0.22514898,0,Low
7000292472,0,0.22507456,0,Low
7001612791,0,0.22503702,0,Low
7002157074,0,0.22500062,0,Low
7001070513,0,0.22499631,0,Low
7001405787,0,0.22499575,0,Low
7000226589,0,0.22494909,0,Low
7000909349,0,0.22491239,0,Low
7001478553,0,0.22481726,0,Low
7001461355,0,0.22480151,0,Low
7002339078,0,0.22479579,0,Low
7000498971,0,0.22476792,0,Low
7000905634,0,0.22472605,0,Low
7001320088,0,0.22454381,0,Low
7002316796,0,0.22434458,0,Low
7000011265,0,0.22423874,0,Low
7000887817,0,0.22415413,0,Low
7002273769,0,0.22412898,0,Low
7000613996,0,0.22409493,0,Low
7002056802,0,0.22397305,0,Low
7001503548,0,0.22393331,0,Low
7002036962,0,0.22391021,0,Low
7001269358,0,0.22365808,0,Low
7001869628,0,0.22364306,0,Low
7000850471,0,0.22362904,0,Low
7002036619,0,0.22361732,0,Low
7002335382,0,0.22356048,0,Low
7000523962,0,0.22348338,0,Low
7000455738,0,0.22348277,0,Low
7001595012,0,0.22344626,0,Low
7001540222,0,0.2234092,0,Low
7000380697,0,0.22335923,0,Low
7002298792,0,0.22335878,0,Low
7001052151,0,0.22333723,0,Low
7002101285,0,0.2233309,0,Low
7000553415,0,0.22329482,0,Low
7002059117,0,0.22328185,0,Low
7000877394,0,0.22325476,0,Low
7001670670,0,0.22320922,0,Low
7001119586,0,0.22320513,0,Low
7000740419,0,0.2231943,0,Low
7002342045,0,0.22303317,0,Low
7000074800,0,0.22292848,0,Low
7001390437,0,0.2229002,0,Low
7001111280,0,0.22285855,0,Low
7001697812,0,0.22278911,0,Low
7001494328,0,0.22272222,0,Low
7002333292,0,0.22271797,0,Low
7001490944,0,0.22257619,0,Low
7001607123,0,0.22255424,0,Low
7001045981,0,0.22251686,0,Low
7001061905,0,0.22224928,0,Low
7002189507,0,0.22207773,0,Low
7000327668,0,0.22205408,0,Low
7002289165,0,0.22205213,0,Low
7002019790,0,0.22204106,0,Low
7001183069,0,0.22203474,0,Low
7001511026,1,0.22200523,0,Low
7002299473,0,0.22197798,0,Low
7001296100,0,0.22197384,0,Low
7001847450,0,0.22195473,0,Low
7000613749,0,0.22187783,0,Low
7000394221,0,0.22170323,0,Low
7001838522,0,0.22160867,0,Low
7001188910,0,0.22155505,0,Low
7002010487,0,0.2215493,0,Low
7000494551,0,0.22141415,0,Low
7001127001,0,0.22124681,0,Low
7000917721,0,0.22124176,0,Low
7001186375,0,0.2211966,0,Low
7001957894,0,0.22107251,0,Low
7001865616,0,0.22102524,0,Low
7000591463,0,0.22097424,0,Low
7000267438,0,0.22094257,0,Low
7001997543,0,0.22091535,0,Low
7000945953,0,0.22086173,0,Low
7001850337,0,0.22081727,0,Low
7000322184,0,0.22043666,0,Low
7001844267,0,0.22041239,0,Low
7000157078,0,0.22031161,0,Low
7000880668,0,0.2203043,0,Low
7000210239,0,0.22028106,0,Low
7001480676,0,0.21998645,0,Low
7000381963,0,0.2198514,0,Low
7000814698,0,0.21974935,0,Low
7001771386,0,0.21956956,0,Low
7000659228,0,0.21956368,0,Low
7001342606,0,0.21947981,0,Low
7000146570,0,0.21937852,0,Low
7000503804,0,0.21933231,0,Low
7000324909,0,0.21921022,0,Low
7000107418,0,0.21919233,0,Low
7002027978,0,0.2190894,0,Low
7002376454,0,0.21906003,0,Low
7000669832,0,0.21900776,0,Low
7000147524,0,0.21900386,0,Low
7000524794,0,0.21892822,0,Low
7000247862,0,0.2188484,0,Low
7000711570,0,0.21876393,0,Low
7001376454,0,0.21865518,0,Low
7001574771,0,0.21860841,0,Low
7001259901,0,0.2185941,0,Low
7000763673,0,0.21856576,0,Low
7000581481,0,0.21855655,0,Low
7001427130,0,0.21853203,0,Low
7000216531,0,0.21846516,0,Low
7001929452,0,0.21846248,0,Low
7001353301,0,0.21845044,0,Low
7001457875,0,0.2183989,0,Low
7000561410,0,0.21837863,0,Low
7000570241,0,0.21836862,0,Low
7001732106,0,0.2183475,0,Low
7002265964,0,0.218304,0,Low
7000691552,0,0.21829337,0,Low
7000781172,0,0.21826735,0,Low
7002042485,0,0.21825054,0,Low
7002012894,0,0.21824092,0,Low
7001517037,0,0.21820726,0,Low
7000020803,1,0.21813045,0,Low
7000595721,0,0.21809772,0,Low
7000593186,0,0.21796663,0,Low
7000597291,0,0.21790367,0,Low
7001346635,0,0.21785374,0,Low
7002093284,0,0.21784745,0,Low
7002000031,0,0.21768898,0,Low
7000791830,0,0.21751396,0,Low
7001974945,0,0.21745011,0,Low
7001648324,0,0.21744183,0,Low
7000937653,0,0.21729861,0,Low
7000450839,0,0.21727102,0,Low
7000471392,0,0.21722002,0,Low
7002117682,0,0.21713626,0,Low
7001744577,0,0.21698076,0,Low
7000429200,0,0.21688876,0,Low
7001926369,0,0.21688344,0,Low
7000181074,0,0.21685395,0,Low
7001134266,0,0.21678235,0,Low
7000714399,0,0.21676002,0,Low
7001360229,0,0.2165436,0,Low
7000143347,0,0.2164026,0,Low
7000637066,0,0.21626353,0,Low
7000311374,0,0.2162027,0,Low
7000973375,0,0.21619834,0,Low
7002113609,0,0.21619037,0,Low
7001583553,0,0.21615899,0,Low
7000034753,0,0.21605839,0,Low
7001196042,0,0.21603316,0,Low
7000302659,0,0.21599771,0,Low
7001759636,0,0.21598174,0,Low
7000460120,0,0.21598142,0,Low
7001649703,0,0.21593088,0,Low
7002144764,0,0.2158859,0,Low
7000671079,0,0.21580549,0,Low
7001228525,0,0.21579719,0,Low
7001334368,0,0.21567982,0,Low
7002223604,0,0.21564199,0,Low
7002029260,0,0.21546645,0,Low
7000607339,0,0.21544877,0,Low
7001585735,0,0.21541186,0,Low
7002100346,0,0.21539854,0,Low
7000309785,0,0.21535558,0,Low
7000743280,0,0.21526437,0,Low
7001004436,0,0.21520163,0,Low
7002239582,0,0.21509199,0,Low
7001749585,0,0.21506776,0,Low
7000954932,0,0.21497887,0,Low
7001502773,0,0.214667,0,Low
7001498000,0,0.21465825,0,Low
7001529626,0,0.21463421,0,Low
7001205837,0,0.21457288,0,Low
7001432932,0,0.21448497,0,Low
7001146499,0,0.21441336,0,Low
7000026721,0,0.21434426,0,Low
7002370487,0,0.21429577,0,Low
7002147256,0,0.21423711,0,Low
7001089070,0,0.21419802,0,Low
7002319375,1,0.21406187,0,Low
7001784621,0,0.21400607,0,Low
7001220809,0,0.21389182,0,Low
7002034574,0,0.2138579,0,Low
7002061261,0,0.2137991,0,Low
7001141993,0,0.21379901,0,Low
7001898800,0,0.21373928,0,Low
7001576126,0,0.2137383,0,Low
7001607067,0,0.21368428,0,Low
7001476550,0,0.21366873,0,Low
7001557939,0,0.21365282,0,Low
7002276950,0,0.21342917,0,Low
7002120078,0,0.21337375,0,Low
7000480050,0,0.21335341,0,Low
7002340199,0,0.21323448,0,Low
7002304714,0,0.21323237,0,Low
7000434155,0,0.2130956,0,Low
7002004375,0,0.2130382,0,Low
7001429835,0,0.21289037,0,Low
7001467140,0,0.21257243,0,Low
7001070346,0,0.21257001,0,Low
7001782272,0,0.21253899,0,Low
7000202423,0,0.21239333,0,Low
7001554895,0,0.21239051,0,Low
7000681286,0,0.21236208,0,Low
7000533908,0,0.21225363,0,Low
7002363579,0,0.21209034,0,Low
7001818979,0,0.21206345,0,Low
7000993270,0,0.2120467,0,Low
7001452432,0,0.21202059,0,Low
7002260348,0,0.21194194,0,Low
7000643485,0,0.21184056,0,Low
7001306882,0,0.211778,0,Low
7001560028,0,0.21166128,0,Low
7001949486,0,0.21160755,0,Low
7000548636,0,0.21153209,0,Low
7000633514,0,0.21143344,0,Low
7002031367,0,0.21136673,0,Low
7000966740,0,0.21132559,0,Low
7000251736,0,0.21131735,0,Low
7001044405,0,0.21115987,0,Low
7001506826,0,0.21107931,0,Low
7000386237,0,0.21107486,0,Low
7002384114,0,0.21106777,0,Low
7001924717,0,0.21101986,0,Low
7002301925,0,0.2109426,0,Low
7001025949,0,0.21083036,0,Low
7000393294,0,0.21079065,0,Low
7002122800,0,0.21066645,0,Low
7001760944,0,0.21065088,0,Low
7000702630,0,0.21063027,0,Low
7001472039,0,0.21060133,0,Low
7000606815,0,0.21055977,0,Low
7000561257,0,0.21055777,0,Low
7002123811,0,0.21043861,0,Low
7001047199,0,0.2104218,0,Low
7001443163,0,0.21042007,0,Low
7000954476,0,0.21041623,0,Low
7002096172,0,0.21035995,0,Low
7000881591,0,0.21033138,0,Low
7000207444,0,0.21019524,0,Low
7000589905,0,0.21016943,0,Low
7002118292,0,0.20993891,0,Low
7000997970,0,0.20981306,0,Low
7001569269,0,0.20964865,0,Low
7000013039,0,0.20956817,0,Low
7000883911,0,0.20955606,0,Low
7000175215,0,0.20950846,0,Low
7000270092,0,0.20942163,0,Low
7001787714,0,0.20941661,0,Low
7001186506,0,0.20931406,0,Low
7002089857,0,0.20914894,0,Low
7001330604,0,0.20910597,0,Low
7001227217,0,0.20909111,0,Low
7001887242,0,0.20905563,0,Low
7001541924,0,0.20902638,0,Low
7000631109,0,0.20899071,0,Low
7000871721,0,0.20895556,0,Low
7000225110,0,0.20890692,0,Low
7001579796,0,0.20886125,0,Low
7001085595,0,0.20882003,0,Low
7000614783,0,0.20863006,0,Low
7000794603,0,0.20858511,0,Low
7002282110,0,0.20858176,0,Low
7000217841,0,0.20854688,0,Low
7001393209,0,0.208521,0,Low
7001178853,0,0.20851742,0,Low
7001953237,0,0.20841138,0,Low
7002204374,0,0.20831086,0,Low
7002093261,0,0.20828937,0,Low
7002017090,0,0.20827092,0,Low
7000072001,0,0.20823048,0,Low
7002178829,0,0.20814322,0,Low
7002204802,0,0.20811847,0,Low
7000664705,0,0.20810951,0,Low
7000720261,0,0.20807536,0,Low
7002318031,0,0.20799516,0,Low
7000120176,0,0.20798942,0,Low
7001498551,0,0.20794988,0,Low
7001077759,0,0.20794356,0,Low
7000473874,0,0.20790179,0,Low
7001744078,0,0.20777051,0,Low
7002168307,0,0.20774536,0,Low
7001339112,0,0.20774136,0,Low
7001490022,0,0.20766777,0,Low
7001998795,0,0.20751172,0,Low
7001910354,0,0.20748131,0,Low
7001798609,0,0.20744035,0,Low
7001454330,0,0.20733488,0,Low
7000359845,0,0.20719554,0,Low
7001282042,0,0.20715165,0,Low
7000484620,0,0.20714235,0,Low
7000727217,0,0.20705217,0,Low
7000006134,0,0.20701024,0,Low
7001609014,0,0.2070032,0,Low
7000414684,0,0.20699814,0,Low
7000968466,0,0.2069881,0,Low
7001122491,0,0.20688578,0,Low
7001549595,0,0.2068351,0,Low
7000519938,0,0.20677596,0,Low
7000781042,0,0.20677347,0,Low
7001551545,0,0.20669416,0,Low
7000811889,0,0.20667352,0,Low
7002091688,0,0.20666982,0,Low
7000083065,0,0.20665485,0,Low
7000864597,0,0.20664173,0,Low
7001141443,0,0.20640841,0,Low
7001822314,0,0.20639679,0,Low
7000017198,0,0.20636979,0,Low
7001139776,0,0.20633563,0,Low
7000389772,0,0.20619169,0,Low
7001056042,0,0.20617244,0,Low
7002364289,0,0.20614785,0,Low
7001130596,0,0.20606615,0,Low
7001229764,0,0.20599413,0,Low
7001338774,0,0.20594639,0,Low
7000233592,0,0.20589955,0,Low
7000645545,0,0.20589763,0,Low
7000033255,0,0.20541717,0,Low
7000346561,0,0.20529151,0,Low
7001634764,0,0.20525923,0,Low
7000188137,0,0.20521677,0,Low
7000996297,0,0.20514181,0,Low
7000545385,0,0.20512961,0,Low
7001842432,0,0.20509334,0,Low
7001481559,0,0.20507653,0,Low
7002149319,0,0.20505038,0,Low
7001130672,0,0.20499851,0,Low
7000315388,0,0.2049779,0,Low
7000289403,0,0.20492199,0,Low
7002284748,0,0.20491847,0,Low
7000276198,0,0.20490061,0,Low
7000267814,0,0.20475887,0,Low
7001004641,0,0.20475517,0,Low
7001755657,0,0.20467484,0,Low
7000342650,0,0.2046571,0,Low
7001569001,0,0.20459011,0,Low
7002261596,0,0.2045187,0,Low
7000389275,0,0.20446119,0,Low
7000262272,0,0.20439948,0,Low
7001205589,0,0.20439827,0,Low
7001321324,0,0.20429358,0,Low
7000024698,0,0.20425548,0,Low
7001343972,0,0.20423798,0,Low
7001579015,0,0.20423564,0,Low
7000527267,0,0.20422761,0,Low
7000902109,0,0.20415477,0,Low
7001060697,0,0.2040294,0,Low
7001462466,0,0.20398965,0,Low
7000165763,0,0.20394719,0,Low
7001867620,0,0.20389192,0,Low
7000791771,0,0.20379591,0,Low
7000605538,0,0.203759,0,Low
7001909050,0,0.20373754,0,Low
7000217528,0,0.20370339,0,Low
7002060322,0,0.20364167,0,Low
7001611074,0,0.20363818,0,Low
7001440660,0,0.20350772,0,Low
7000815803,0,0.20342846,0,Low
7001010492,0,0.2033865,0,Low
7001399698,0,0.20338039,0,Low
7000847610,0,0.20332392,0,Low
7001885268,0,0.20329885,0,Low
7000550341,0,0.20326109,0,Low
7000925228,0,0.20326097,0,Low
7001932451,0,0.20324832,0,Low
7001724606,0,0.20323552,0,Low
7001856668,0,0.20319201,0,Low
7002103352,0,0.20305577,0,Low
7001393991,0,0.20298004,0,Low
7001668799,0,0.20295383,0,Low
7000117541,0,0.20291169,0,Low
7000362958,0,0.20272064,0,Low
7001101521,0,0.20269199,0,Low
7000797383,0,0.20268561,0,Low
7002256422,0,0.20250778,0,Low
7000403574,0,0.20248722,0,Low
7000973920,1,0.20248102,0,Low
7001158826,0,0.20246978,0,Low
7000752295,0,0.20235549,0,Low
7000288500,0,0.20220533,0,Low
7001504341,0,0.20220177,0,Low
7000478422,0,0.20202155,0,Low
7002006084,1,0.20195457,0,Low
7002108248,0,0.20170256,0,Low
7000503134,0,0.20168936,0,Low
7002093241,0,0.20161046,0,Low
7000539495,0,0.20159058,0,Low
7001156462,0,0.20158514,0,Low
7000536611,0,0.20133749,0,Low
7000668960,0,0.20133747,0,Low
7000175224,0,0.20132102,0,Low
7000586465,0,0.20129001,0,Low
7001746182,0,0.20125932,0,Low
7001902311,0,0.20125535,0,Low
7001423491,0,0.20113745,0,Low
7002277300,0,0.20112912,0,Low
7001931456,0,0.20110138,0,Low
7001864142,0,0.20108567,0,Low
7001745544,0,0.20095378,0,Low
7000290413,0,0.20080781,0,Low
7001891344,0,0.20070411,0,Low
7000567086,0,0.20061363,0,Low
7000477380,0,0.2005557,0,Low
7000377920,0,0.20050633,0,Low
7001993849,0,0.20050393,0,Low
7002325602,0,0.20048046,0,Low
7000466290,0,0.20041542,0,Low
7001429279,0,0.20040485,0,Low
7000549509,0,0.20038335,0,Low
7000433844,0,0.20037596,0,Low
7001852864,0,0.20032775,0,Low
7001166177,0,0.20028,0,Low
7000981293,0,0.20015815,0,Low
7000343801,0,0.20006162,0,Low
7001673911,0,0.20001216,0,Low
7001733459,0,0.19995135,0,Low
7000725170,0,0.1998952,0,Low
7001716275,0,0.1998551,0,Low
7000932977,0,0.19980082,0,Low
7001967543,0,0.19976799,0,Low
7001322694,0,0.19958211,0,Low
7001970688,0,0.19952945,0,Low
7001463965,0,0.19936582,0,Low
7002101425,0,0.19922432,0,Low
7002404374,0,0.19915809,0,Low
7000283455,0,0.19886672,0,Low
7001174955,0,0.19880524,0,Low
7000715677,0,0.19879533,0,Low
7002400726,0,0.19858003,0,Low
7000779838,0,0.19844224,0,Low
7001948429,0,0.19831705,0,Low
7000423335,0,0.19816574,0,Low
7001809989,0,0.198134,0,Low
7000861809,0,0.19810867,0,Low
7001406399,0,0.19810818,0,Low
7001929570,0,0.19796772,0,Low
7000905330,0,0.19795664,0,Low
7000527904,0,0.19757852,0,Low
7001607467,0,0.19754675,0,Low
7001796969,0,0.19745171,0,Low
7000844740,0,0.19744237,0,Low
7001298273,0,0.19744001,0,Low
7002290183,0,0.19729137,0,Low
7002081577,0,0.1972223,0,Low
7002079000,0,0.19717008,0,Low
7002004471,0,0.19707854,0,Low
7002193999,0,0.1970231,0,Low
7000771660,0,0.19685152,0,Low
7000386006,0,0.1967462,0,Low
7000002798,0,0.19672151,0,Low
7001800579,0,0.19672106,0,Low
7002271628,0,0.19664653,0,Low
7001296144,0,0.19664243,0,Low
7001335054,0,0.19652249,0,Low
7001236086,0,0.1964451,0,Low
7000118632,0,0.19634394,0,Low
7001538657,0,0.19618401,0,Low
7000744680,0,0.19613656,0,Low
7001014464,0,0.19612516,0,Low
7002036018,0,0.19603188,0,Low
7000240040,0,0.19601274,0,Low
7000066348,0,0.19593495,0,Low
7000001453,0,0.19593294,0,Low
7000636829,0,0.19589707,0,Low
7002303883,0,0.19586702,0,Low
7000843113,0,0.19586457,0,Low
7002323974,0,0.19575173,0,Low
7000272825,0,0.19574623,0,Low
7001735173,0,0.19570373,0,Low
7001806413,0,0.19568834,0,Low
7001763299,0,0.19568309,0,Low
7002233765,0,0.1956547,0,Low
7000568090,0,0.19555925,0,Low
7001215831,0,0.19555718,0,Low
7002350111,0,0.19550042,0,Low
7000414504,0,0.19527426,0,Low
7000164467,1,0.19525406,0,Low
7001713070,0,0.19524601,0,Low
7000904880,0,0.19523889,0,Low
7001428003,0,0.19517456,0,Low
7001090983,0,0.1951728,0,Low
7000691205,0,0.1951383,0,Low
7001598687,0,0.19503729,0,Low
7001808467,0,0.19495226,0,Low
7000026974,0,0.19493744,0,Low
7000546487,0,0.19492795,0,Low
7000948601,0,0.19492525,0,Low
7001874990,0,0.19487266,0,Low
7002124294,0,0.19486873,0,Low
7000507951,0,0.19481573,0,Low
7001776795,0,0.19475342,0,Low
7000206303,0,0.19466686,0,Low
7000362688,0,0.194617,0,Low
7000164630,0,0.19460471,0,Low
7001277942,0,0.19458793,0,Low
7002198343,0,0.19454786,0,Low
7002192261,0,0.19439515,0,Low
7000451638,0,0.19432952,0,Low
7000133439,0,0.19424182,0,Low
7001398360,0,0.19416566,0,Low
7000740285,0,0.19411676,0,Low
7000692112,0,0.19404165,0,Low
7000650229,0,0.19401021,0,Low
7001491620,0,0.19397867,0,Low
7000992820,0,0.19396012,0,Low
7000526310,0,0.1938989,0,Low
7001042220,0,0.19387475,0,Low
7001509414,0,0.19373971,0,Low
7001001981,0,0.19371867,0,Low
7000559130,0,0.19371821,0,Low
7002125892,0,0.1936412,0,Low
7001565519,0,0.19345053,0,Low
7000591233,0,0.19341305,0,Low
7001110814,0,0.19334538,0,Low
7001468377,0,0.1933381,0,Low
7002275286,0,0.19329128,0,Low
7001165212,0,0.19328663,0,Low
7002108496,1,0.19317433,0,Low
7000667100,0,0.19303444,0,Low
7002174767,0,0.19298303,0,Low
7001125874,0,0.19294044,0,Low
7000460048,0,0.19277838,0,Low
7001061058,0,0.1927655,0,Low
7000580636,0,0.19268288,0,Low
7001940976,0,0.1925858,0,Low
7000879438,0,0.19249564,0,Low
7001392532,0,0.19247599,0,Low
7000823468,0,0.19245338,0,Low
7002173456,0,0.19244091,0,Low
7001289621,0,0.19238472,0,Low
7000077086,0,0.19238362,0,Low
7000343860,0,0.19234206,0,Low
7000462425,0,0.19220729,0,Low
7001696924,0,0.19219194,0,Low
7002239657,0,0.19218266,0,Low
7000596955,0,0.19218224,0,Low
7001408020,0,0.19215202,0,Low
7000072635,0,0.19215113,0,Low
7001512060,0,0.19214512,0,Low
7001189927,0,0.19212748,0,Low
7002023719,0,0.1921224,0,Low
7000218342,0,0.19185387,0,Low
7002203079,0,0.19183214,0,Low
7000190619,0,0.19181637,0,Low
7000283529,0,0.19181196,0,Low
7000067314,0,0.19177045,0,Low
7002377391,0,0.19167027,0,Low
7001439613,0,0.19151871,0,Low
7001568915,0,0.1914436,0,Low
7001487461,0,0.19125175,0,Low
7001239500,0,0.19125116,0,Low
7001583359,0,0.1911996,0,Low
7000521672,0,0.19119176,0,Low
7000311926,0,0.19115934,0,Low
7000194549,0,0.19112326,0,Low
7000751355,0,0.19111466,0,Low
7001599563,0,0.19105151,0,Low
7000930394,0,0.19102605,0,Low
7001828238,0,0.19090277,0,Low
7000436836,0,0.19087635,0,Low
7001211689,0,0.19073895,0,Low
7001537974,0,0.19066204,0,Low
7000504717,0,0.19062348,0,Low
7001232806,0,0.19057651,0,Low
7000018516,0,0.19052267,0,Low
7001829084,0,0.19035526,0,Low
7002277491,0,0.19030197,0,Low
7002360380,0,0.19020584,0,Low
7000639980,0,0.19006734,0,Low
7001424199,0,0.1900282,0,Low
7001312406,0,0.1900097,0,Low
7000359696,0,0.18997787,0,Low
7001033057,0,0.18994616,0,Low
7000369617,0,0.18984129,0,Low
7001543112,0,0.18983816,0,Low
7000012186,0,0.18980527,0,Low
7000627460,0,0.18976013,0,Low
7000645596,0,0.18971184,0,Low
7000115117,0,0.1897075,0,Low
7001754693,0,0.18967725,0,Low
7000655053,0,0.18962677,0,Low
7001667798,0,0.18960822,0,Low
7001959646,0,0.18960711,0,Low
7002288308,0,0.18957888,0,Low
7000880221,0,0.1894491,0,Low
7002008839,0,0.18942544,0,Low
7000645420,0,0.18939899,0,Low
7000204581,0,0.18932961,0,Low
7000064986,0,0.18923192,0,Low
7000263340,0,0.18919574,0,Low
7000213041,0,0.18913399,0,Low
7001971653,0,0.18913119,0,Low
7002368415,0,0.18907602,0,Low
7001937406,0,0.18896644,0,Low
7000775844,0,0.18895367,0,Low
7001503078,0,0.18878932,0,Low
7001589847,0,0.1887643,0,Low
7000863844,0,0.18869138,0,Low
7000110839,0,0.18868825,0,Low
7001471578,0,0.18868293,0,Low
7001762039,0,0.18866652,0,Low
7000013687,0,0.18864204,0,Low
7000319412,0,0.18863483,0,Low
7001921505,0,0.18854257,0,Low
7000405672,0,0.18845248,0,Low
7000621886,0,0.1884432,0,Low
7001257972,0,0.18842591,0,Low
7000453190,0,0.18829904,0,Low
7001673649,0,0.18807636,0,Low
7000940606,0,0.18790397,0,Low
7000217351,0,0.18789728,0,Low
7000213121,0,0.18787016,0,Low
7001289783,0,0.18782151,0,Low
7001231963,0,0.18781446,0,Low
7001190283,1,0.1877432,0,Low
7001423107,0,0.18769202,0,Low
7001417042,0,0.18767078,0,Low
7000321101,0,0.18759926,0,Low
7000458949,0,0.18752001,0,Low
7000545231,0,0.18735231,0,Low
7001538333,0,0.18730465,0,Low
7002157680,0,0.18729416,0,Low
7001013886,0,0.18724868,0,Low
7001096942,0,0.18722056,0,Low
7002396856,0,0.18713747,0,Low
7000153459,0,0.18705948,0,Low
7000239240,0,0.18703581,0,Low
7002292134,0,0.18692142,0,Low
7001085209,0,0.18680862,0,Low
7000437490,0,0.1866831,0,Low
7000419746,0,0.18661284,0,Low
7000907217,0,0.18658602,0,Low
7000954789,1,0.18654865,0,Low
7002068018,0,0.1865344,0,Low
7002100026,0,0.18649755,0,Low
7002259493,0,0.18648036,0,Low
7001747833,0,0.18626577,0,Low
7000376358,0,0.18621716,0,Low
7001990730,0,0.1862105,0,Low
7002391159,0,0.18610586,0,Low
7000080905,0,0.18607198,0,Low
7000710828,0,0.18605152,0,Low
7002194864,0,0.185765,0,Low
7000962542,0,0.18574648,0,Low
7000794392,0,0.18557197,0,Low
7000647723,0,0.18555364,0,Low
7001975804,0,0.18555336,0,Low
7002279019,0,0.18550965,0,Low
7000129446,0,0.18543395,0,Low
7001225205,0,0.1852756,0,Low
7002148244,0,0.18521193,0,Low
7000431943,0,0.1850888,0,Low
7000884085,0,0.18505768,0,Low
7000678439,0,0.1850345,0,Low
7001322049,0,0.18500207,0,Low
7000746824,0,0.18498617,0,Low
7001508784,0,0.18498582,0,Low
7000316873,0,0.18487127,0,Low
7001351501,0,0.18485075,0,Low
7001611450,0,0.18483232,0,Low
7002266679,0,0.18480237,0,Low
7000884457,0,0.1847408,0,Low
7002316050,0,0.18467201,0,Low
7000411847,0,0.1845321,0,Low
7000359630,0,0.18450885,0,Low
7001749666,0,0.18447317,0,Low
7002320391,0,0.18442914,0,Low
7000983558,0,0.18441981,0,Low
7001285643,0,0.18423139,0,Low
7002270150,0,0.18418705,0,Low
7001773827,0,0.18418066,0,Low
7000858559,0,0.18414323,0,Low
7000854192,0,0.18407616,0,Low
7002013298,0,0.18406337,0,Low
7000365139,0,0.18402685,0,Low
7001324500,0,0.1839741,0,Low
7000312128,0,0.18394634,0,Low
7001266106,0,0.18392977,0,Low
7000537569,0,0.18391116,0,Low
7002301904,0,0.1838577,0,Low
7000437929,0,0.18382819,0,Low
7001428301,0,0.18375756,0,Low
7000997751,0,0.18371238,0,Low
7002264613,0,0.1836759,0,Low
7001370361,0,0.18364882,0,Low
7000193843,0,0.18363543,0,Low
7000189838,0,0.18362929,0,Low
7000698198,0,0.18358566,0,Low
7001609657,0,0.18353555,0,Low
7000130116,0,0.18350555,0,Low
7002278051,0,0.18340835,0,Low
7002089025,0,0.18333891,0,Low
7001820119,0,0.1833369,0,Low
7000313160,0,0.18329684,0,Low
7001352753,0,0.18326822,0,Low
7001946576,0,0.18323423,0,Low
7001468962,0,0.18315914,0,Low
7001475313,0,0.18309012,0,Low
7001281934,0,0.18300527,0,Low
7000481420,0,0.18299283,0,Low
7002337030,0,0.18296753,0,Low
7000753665,0,0.18288885,0,Low
7000202148,0,0.18282871,0,Low
7000243930,0,0.18279883,0,Low
7001124703,0,0.18279347,0,Low
7000439561,0,0.1827115,0,Low
7002221351,0,0.18269698,0,Low
7002193109,0,0.18266553,0,Low
7000673063,0,0.1826535,0,Low
7001660404,0,0.18260624,0,Low
7001348316,0,0.18254521,0,Low
7000986622,0,0.1823908,0,Low
7001309084,0,0.18237774,0,Low
7000526912,0,0.1823753,0,Low
7002273754,0,0.18234025,0,Low
7002023899,1,0.18228233,0,Low
7000093047,0,0.18223965,0,Low
7001808817,0,0.18222855,0,Low
7001625784,0,0.1821737,0,Low
7001811267,0,0.18216793,0,Low
7000519553,0,0.18204856,0,Low
7000082984,0,0.18190187,0,Low
7000271618,0,0.1818198,0,Low
7001127852,0,0.18176861,0,Low
7000997724,0,0.18170892,0,Low
7000688410,0,0.1816578,0,Low
7000915915,0,0.18157427,0,Low
7000406469,0,0.18152574,0,Low
7002273551,0,0.18151954,0,Low
7000620050,0,0.18151556,0,Low
7001192315,0,0.18132603,0,Low
7001762540,0,0.18129404,0,Low
7002008718,0,0.18122043,0,Low
7000803717,0,0.18116745,0,Low
7001466801,0,0.18110532,0,Low
7000117451,0,0.1811014,0,Low
7000821932,0,0.18106268,0,Low
7002175047,0,0.18102482,0,Low
7001005965,0,0.18099149,0,Low
7001022334,0,0.18090446,0,Low
7000420080,0,0.18089952,0,Low
7001602535,0,0.18087754,0,Low
7000513779,0,0.18087262,0,Low
7001103023,0,0.18087216,0,Low
7002098677,0,0.180868,0,Low
7000699524,0,0.18080379,0,Low
7002019256,0,0.18075664,0,Low
7001509730,0,0.18074115,0,Low
7001527283,0,0.18062355,0,Low
7000874535,0,0.18061328,0,Low
7001412375,0,0.1805771,0,Low
7000361355,0,0.18055338,0,Low
7000117296,0,0.18049854,0,Low
7001610068,0,0.1804819,0,Low
7000855565,0,0.18036012,0,Low
7000642024,0,0.18034376,0,Low
7000237817,0,0.18034174,0,Low
7001127323,0,0.18017633,0,Low
7001447990,0,0.17997377,0,Low
7000781333,0,0.17997268,0,Low
7001730334,0,0.17993397,0,Low
7000496440,0,0.17990106,0,Low
7000106589,0,0.17979619,0,Low
7001096137,0,0.17975007,0,Low
7002070562,0,0.17972133,0,Low
7000481657,0,0.1796939,0,Low
7002324606,0,0.17968383,0,Low
7000582767,0,0.17967428,0,Low
7001776003,0,0.17965776,0,Low
7000220747,0,0.17963253,0,Low
7002132165,0,0.17962721,0,Low
7001231008,0,0.17960283,0,Low
7002136482,0,0.1795529,0,Low
7001072420,0,0.17954352,0,Low
7000698096,0,0.17945908,0,Low
7001665601,0,0.17942354,0,Low
7000383418,0,0.17931038,0,Low
7000222362,0,0.17920536,0,Low
7002066846,0,0.17916942,0,Low
7001399454,0,0.17915076,0,Low
7000247151,0,0.17912588,0,Low
7001496908,0,0.17911427,0,Low
7001712214,0,0.17905357,0,Low
7001346780,0,0.17903365,0,Low
7000140330,0,0.1790245,0,Low
7000354392,0,0.17892554,0,Low
7000573786,0,0.17884052,0,Low
7002044610,0,0.17878616,0,Low
7002237031,0,0.1787115,0,Low
7001030345,0,0.17870058,0,Low
7002201032,0,0.17864874,0,Low
7002079594,0,0.178526,0,Low
7001545743,0,0.17843878,0,Low
7000503922,0,0.17842768,0,Low
7000572544,0,0.17842053,0,Low
7000696326,0,0.17837495,0,Low
7001136249,0,0.17819905,0,Low
7001479069,0,0.17815115,0,Low
7000258430,0,0.1781306,0,Low
7001206064,0,0.17810707,0,Low
7002073482,0,0.1781011,0,Low
7000608899,0,0.17808911,0,Low
7001852588,0,0.17797786,0,Low
7002359960,0,0.17780158,0,Low
7000261853,0,0.17778216,0,Low
7001083128,0,0.17775881,0,Low
7000017009,0,0.17768738,0,Low
7000266258,0,0.17766891,0,Low
7001835119,0,0.17761797,0,Low
7002393996,0,0.17754325,0,Low
7000929382,0,0.17751308,0,Low
7000623651,0,0.17747879,0,Low
7001721426,0,0.1774644,0,Low
7000842732,0,0.17743434,0,Low
7002410608,0,0.17736292,0,Low
7002352811,0,0.17734455,0,Low
7000988679,0,0.17713153,0,Low
7001454214,0,0.17704198,0,Low
7001467157,0,0.17703213,0,Low
7000499687,0,0.17698458,0,Low
7001994680,0,0.17695649,0,Low
7001299117,0,0.17695358,0,Low
7000237328,0,0.17690815,0,Low
7001523768,0,0.17681766,0,Low
7002240486,0,0.1767006,0,Low
7001887271,0,0.17668433,0,Low
7000643356,0,0.17660081,0,Low
7001177114,1,0.17656389,0,Low
7001501655,0,0.17650892,0,Low
7000127212,0,0.17646836,0,Low
7000786820,0,0.17645419,0,Low
7000478686,0,0.17642382,0,Low
7002100390,0,0.17635085,0,Low
7002299470,0,0.1760209,0,Low
7001169502,0,0.17596377,0,Low
7001266358,0,0.17594725,0,Low
7000391143,0,0.17590211,0,Low
7001352365,0,0.1758894,0,Low
7001328449,0,0.17578702,0,Low
7000013548,0,0.17577359,0,Low
7001141236,0,0.1756522,0,Low
7001751410,0,0.17557833,0,Low
7001448848,0,0.17532611,0,Low
7000240650,0,0.17519242,0,Low
7001250033,0,0.17518342,0,Low
7000644908,0,0.1750416,0,Low
7000436220,0,0.17500116,0,Low
7002330277,0,0.17500065,0,Low
7000433687,0,0.1749684,0,Low
7001935549,0,0.17495072,0,Low
7000345494,0,0.17484063,0,Low
7000682647,0,0.17478476,0,Low
7001429326,0,0.17477924,0,Low
7002122023,0,0.17472975,0,Low
7001245090,0,0.17443965,0,Low
7001441363,0,0.17443737,0,Low
7000086446,0,0.17443597,0,Low
7001020508,0,0.17437844,0,Low
7000500078,0,0.17437221,0,Low
7001606636,0,0.17435165,0,Low
7000881371,0,0.17429283,0,Low
7000478961,0,0.17423847,0,Low
7000804061,0,0.17423436,0,Low
7002175311,0,0.17421477,0,Low
7002092419,0,0.17417592,0,Low
7002288898,0,0.17408903,0,Low
7000509914,0,0.17407724,0,Low
7000802835,0,0.17403087,0,Low
7000173467,0,0.17400038,0,Low
7002114063,0,0.17399785,0,Low
7000895363,0,0.17394307,0,Low
7002308775,0,0.17393251,0,Low
7001532459,0,0.17387968,0,Low
7000514829,0,0.17378034,0,Low
7002335193,0,0.17374048,0,Low
7001166623,0,0.17373656,0,Low
7000616265,0,0.17368029,0,Low
7000625209,0,0.17367335,0,Low
7001009972,0,0.17365547,0,Low
7001492650,0,0.17362636,0,Low
7001163001,0,0.17360914,0,Low
7001078755,0,0.17356883,0,Low
7000716807,0,0.17345761,0,Low
7000872692,0,0.17332311,0,Low
7001830990,0,0.17327365,0,Low
7000528657,0,0.17303753,0,Low
7000278968,0,0.17301495,0,Low
7000777798,0,0.17299795,0,Low
7002056977,0,0.17295285,0,Low
7001961204,0,0.17290056,0,Low
7002089502,0,0.17282134,0,Low
7001250263,0,0.1727517,0,Low
7001355391,0,0.17263249,0,Low
7000341745,0,0.17262186,0,Low
7000412703,0,0.17262143,0,Low
7002165218,0,0.17258133,0,Low
7000590480,0,0.17242289,0,Low
7001256892,0,0.17237552,0,Low
7001948351,0,0.17229661,0,Low
7001328793,0,0.17225583,0,Low
7001923948,0,0.1722434,0,Low
7000052670,0,0.17221043,0,Low
7002368581,0,0.17216675,0,Low
7000828801,0,0.17211777,0,Low
7001218769,0,0.17207207,0,Low
7000783735,0,0.17205207,0,Low
7002358039,0,0.17204557,0,Low
7001410153,0,0.1720116,0,Low
7000441935,0,0.17191194,0,Low
7001802381,0,0.17188519,0,Low
7001608199,0,0.1718679,0,Low
7000323890,0,0.17180078,0,Low
7000771714,0,0.17179963,0,Low
7001126913,0,0.171791,0,Low
7001574236,0,0.17172639,0,Low
7001578148,0,0.17170492,0,Low
7001327679,0,0.17168197,0,Low
7000765453,0,0.17166941,0,Low
7000873825,0,0.17165269,0,Low
7002244182,0,0.17163774,0,Low
7001416252,0,0.17161323,0,Low
7001216434,0,0.17151788,0,Low
7000950510,0,0.17151204,0,Low
7000888977,0,0.17149556,0,Low
7001270037,0,0.17149176,0,Low
7000027844,0,0.17143616,0,Low
7000077377,0,0.17140023,0,Low
7000478634,0,0.17136814,0,Low
7000714736,0,0.17134619,0,Low
7000687096,0,0.17124282,0,Low
7000418864,0,0.17115416,0,Low
7000701282,0,0.17113948,0,Low
7002015331,0,0.1711116,0,Low
7000196316,0,0.17109998,0,Low
7001291472,0,0.17107402,0,Low
7001778441,0,0.17107145,0,Low
7000511080,0,0.17104349,0,Low
7001951359,0,0.17084214,0,Low
7000453724,0,0.17067915,0,Low
7001255525,0,0.17066441,0,Low
7000030754,0,0.1706373,0,Low
7001418830,0,0.17063323,0,Low
7001399937,0,0.17062706,0,Low
7000215386,0,0.17060992,0,Low
7002254931,0,0.17057574,0,Low
7001838727,0,0.17050938,0,Low
7002087799,0,0.17037965,0,Low
7001358827,0,0.17033236,0,Low
7002281287,0,0.17031066,0,Low
7000745508,0,0.17029345,0,Low
7001159353,0,0.17007804,0,Low
7002113801,0,0.1700267,0,Low
7000857632,0,0.17002632,0,Low
7001508453,0,0.1699903,0,Low
7000174956,0,0.16986005,0,Low
7001398295,1,0.16984457,0,Low
7000124766,0,0.16978593,0,Low
7001454866,0,0.16976246,0,Low
7001567555,0,0.169758,0,Low
7000274781,0,0.16975243,0,Low
7000857994,0,0.16966693,0,Low
7001114180,0,0.16962914,0,Low
7000637958,1,0.16947412,0,Low
7001042288,0,0.16942386,0,Low
7000424476,0,0.16936564,0,Low
7000991136,0,0.16927503,0,Low
7001394927,0,0.16909091,0,Low
7001122034,0,0.16908616,0,Low
7000358675,0,0.16904902,0,Low
7000391211,0,0.16900042,0,Low
7000669678,0,0.16895156,0,Low
7002065169,1,0.1689482,0,Low
7000394246,0,0.16888867,0,Low
7000831066,0,0.16879848,0,Low
7000101640,0,0.16868104,0,Low
7001157277,0,0.16865735,0,Low
7001316300,0,0.16865118,0,Low
7000047996,0,0.16860272,0,Low
7000345325,0,0.16856267,0,Low
7000713437,0,0.16841422,0,Low
7002024162,0,0.16838565,0,Low
7000754394,0,0.16824412,0,Low
7000105173,0,0.16821055,0,Low
7002139061,0,0.1681941,0,Low
7001622169,0,0.16809857,0,Low
7000366386,0,0.16808371,0,Low
7001674834,0,0.1680139,0,Low
7000996282,0,0.16786624,0,Low
7002208752,0,0.16785815,0,Low
7000305930,0,0.16784601,0,Low
7002347045,0,0.1677747,0,Low
7000798455,0,0.16775118,0,Low
7002189381,0,0.16775005,0,Low
7002248988,1,0.16770178,0,Low
7001990508,0,0.1676344,0,Low
7002361068,0,0.16760594,0,Low
7001891511,0,0.16752557,0,Low
7000668343,0,0.16747643,0,Low
7001699225,0,0.1674345,0,Low
7000354460,0,0.167414,0,Low
7001915229,0,0.16740473,0,Low
7001207626,0,0.16740283,0,Low
7002142278,0,0.16740136,0,Low
7000354414,0,0.16736288,0,Low
7001381545,0,0.16725008,0,Low
7001563170,0,0.16723873,0,Low
7001494135,0,0.16723843,0,Low
7001233150,0,0.16719666,0,Low
7000612832,0,0.16716047,0,Low
7002389321,0,0.16715015,0,Low
7001881114,0,0.16712381,0,Low
7001416275,0,0.16706868,0,Low
7002006045,0,0.16704087,0,Low
7002077844,0,0.1668799,0,Low
7000527707,0,0.16682495,0,Low
7002327673,0,0.16671254,0,Low
7001017383,0,0.16665384,0,Low
7002370685,0,0.16662376,0,Low
7002403468,0,0.16655199,0,Low
7000956904,0,0.16651496,0,Low
7001899165,0,0.166496,0,Low
7001135963,0,0.16644104,0,Low
7000281160,0,0.1663948,0,Low
7000737815,0,0.16639271,0,Low
7000363207,0,0.16637102,0,Low
7001213238,0,0.1663464,0,Low
7001867090,0,0.16622595,0,Low
7001375779,0,0.16620441,0,Low
7000787126,0,0.16616222,0,Low
7001346299,0,0.16616137,0,Low
7002142698,0,0.16599737,0,Low
7000801231,0,0.1659346,0,Low
7000621266,0,0.16584231,0,Low
7000812620,0,0.16578309,0,Low
7000212113,0,0.16573523,0,Low
7001817993,0,0.16570888,0,Low
7001184390,0,0.16560568,0,Low
7001519365,0,0.16556384,0,Low
7000342704,0,0.1655409,0,Low
7000931595,0,0.1655403,0,Low
7001173191,0,0.16549465,0,Low
7000272219,0,0.16545545,0,Low
7000353374,0,0.16541027,0,Low
7000382595,0,0.1653884,0,Low
7000013449,0,0.16528597,0,Low
7002371537,0,0.16525191,0,Low
7001445941,0,0.16523482,0,Low
7001033079,0,0.16522416,0,Low
7000244070,0,0.16517569,0,Low
7002209851,0,0.16512963,0,Low
7000858268,0,0.1650693,0,Low
7000035618,0,0.16501734,0,Low
7000981042,0,0.16499917,0,Low
7000624219,1,0.16499805,0,Low
7001210397,0,0.16499029,0,Low
7000465477,0,0.1649493,0,Low
7000486779,0,0.16493452,0,Low
7001216806,0,0.16492029,0,Low
7000606624,0,0.16479878,0,Low
7001118826,0,0.16478895,0,Low
7000997486,0,0.16472872,0,Low
7001394038,0,0.16470678,0,Low
7001298420,0,0.16469625,0,Low
7002316563,0,0.16458783,0,Low
7001091592,0,0.1645542,0,Low
7001943056,0,0.16455396,0,Low
7001955995,0,0.16454196,0,Low
7000035805,0,0.16452737,0,Low
7002292876,0,0.16447388,0,Low
7000790818,0,0.1643342,0,Low
7001171363,0,0.1642283,0,Low
7000655299,0,0.16408816,0,Low
7002265230,0,0.16407,0,Low
7000972024,0,0.16406503,0,Low
7001948796,0,0.16404933,0,Low
7001318113,0,0.1640062,0,Low
7000890232,0,0.16386528,0,Low
7001860597,0,0.1638543,0,Low
7001419507,0,0.16379893,0,Low
7002175388,0,0.16376887,0,Low
7001060786,0,0.16372252,0,Low
7002334463,0,0.16371226,0,Low
7001529172,0,0.16366151,0,Low
7001701339,0,0.16351755,0,Low
7002054335,0,0.16343142,0,Low
7001639856,0,0.16339687,0,Low
7000050987,0,0.16339295,0,Low
7000778324,0,0.16338554,0,Low
7000333971,0,0.16336542,0,Low
7001987112,0,0.16313219,0,Low
7001479213,0,0.16308261,0,Low
7002312323,0,0.16298464,0,Low
7001422964,0,0.16295569,0,Low
7000195675,0,0.16294798,0,Low
7001848425,0,0.16284609,0,Low
7000295221,0,0.1628214,0,Low
7001774609,0,0.16280803,0,Low
7001053359,0,0.16280657,0,Low
7001127070,0,0.16279495,0,Low
7001074490,0,0.16279182,0,Low
7000683807,0,0.16278467,0,Low
7000729337,0,0.16271745,0,Low
7002076631,0,0.16271676,0,Low
7001318147,0,0.1626992,0,Low
7000195626,0,0.16265209,0,Low
7002122895,0,0.16260779,0,Low
7000787666,0,0.16256799,0,Low
7000601557,0,0.16250254,0,Low
7001494073,0,0.16239852,0,Low
7000866874,0,0.16236392,0,Low
7000508419,0,0.16235797,0,Low
7000538100,0,0.16231652,0,Low
7000885161,0,0.16217335,0,Low
7000582710,0,0.1621001,0,Low
7000699003,0,0.16209902,0,Low
7000363617,0,0.16209072,0,Low
7000330663,0,0.16207112,0,Low
7002036685,0,0.16193786,0,Low
7000272311,0,0.1619227,0,Low
7001609405,0,0.1617297,0,Low
7002321406,0,0.16172945,0,Low
7001306887,0,0.16172145,0,Low
7000461999,0,0.16170053,0,Low
7002218461,0,0.16168612,0,Low
7001827274,0,0.161667,0,Low
7002397581,0,0.16166171,0,Low
7000482361,0,0.16165446,0,Low
7001106724,0,0.16161609,0,Low
7000736459,0,0.1616028,0,Low
7001505917,0,0.16157113,0,Low
7002179670,0,0.16150703,0,Low
7000990533,0,0.1614251,0,Low
7000823551,0,0.16135149,0,Low
7001275564,0,0.16125119,0,Low
7001505664,0,0.1612477,0,Low
7001696808,0,0.16121192,0,Low
7001745962,0,0.16114411,0,Low
7002263503,0,0.16112314,0,Low
7001641097,0,0.16100031,0,Low
7001214973,0,0.16097635,0,Low
7000085350,0,0.16088556,0,Low
7001519194,0,0.1607677,0,Low
7000555893,0,0.16071284,0,Low
7001809142,0,0.16069517,0,Low
7001042043,0,0.16058837,0,Low
7000737111,0,0.16057982,0,Low
7001250969,0,0.16048245,0,Low
7000277349,0,0.16041139,0,Low
7000741226,0,0.16036634,0,Low
7000307793,0,0.1603495,0,Low
7000992533,0,0.16034876,0,Low
7000059175,0,0.16025594,0,Low
7000949707,0,0.16024242,0,Low
7002012312,0,0.1602278,0,Low
7000158511,0,0.16020192,0,Low
7000077266,0,0.1601825,0,Low
7002043620,0,0.16014504,0,Low
7001709208,0,0.16009644,0,Low
7001039663,0,0.16004854,0,Low
7000655868,0,0.16004293,0,Low
7002407523,1,0.16000208,0,Low
7001790409,0,0.15998895,0,Low
7001829080,0,0.15996274,0,Low
7000989572,0,0.15991075,0,Low
7000467343,0,0.1598899,0,Low
7000215103,0,0.15988243,0,Low
7000861653,0,0.15987414,0,Low
7001042797,0,0.15984619,0,Low
7000886742,0,0.15977842,0,Low
7001743650,0,0.15975304,0,Low
7001582415,0,0.15965779,0,Low
7001389617,0,0.15964907,0,Low
7002268697,0,0.15962797,0,Low
7000525120,0,0.159553,0,Low
7002363297,0,0.15949692,0,Low
7001841048,0,0.15949683,0,Low
7000103346,0,0.15947591,0,Low
7001075455,0,0.15947367,0,Low
7000981208,0,0.15940706,0,Low
7001901425,0,0.15931338,0,Low
7001048604,0,0.15926176,0,Low
7000638743,0,0.15921406,0,Low
7000902349,0,0.15921193,0,Low
7002334969,0,0.15919572,0,Low
7002064441,0,0.159143,0,Low
7001252758,0,0.15911633,0,Low
7001091826,0,0.15909065,0,Low
7002407079,0,0.15906142,0,Low
7000540179,0,0.15897614,0,Low
7002309071,0,0.1587755,0,Low
7000274930,0,0.15877156,0,Low
7001258699,0,0.15868682,0,Low
7001257608,0,0.15856624,0,Low
7000258942,0,0.15856563,0,Low
7000217028,0,0.15854691,0,Low
7001183728,0,0.1585464,0,Low
7000285398,0,0.1584418,0,Low
7000155645,0,0.15836601,0,Low
7001488515,0,0.1583619,0,Low
7002060894,0,0.15835959,0,Low
7001944415,0,0.1583121,0,Low
7000915048,0,0.15822493,0,Low
7002001918,0,0.15818243,0,Low
7000547526,0,0.15817426,0,Low
7001726958,0,0.15810671,0,Low
7001462599,0,0.15810189,0,Low
7000692757,0,0.15809366,0,Low
7001401533,1,0.15805821,0,Low
7002174468,0,0.1580112,0,Low
7001332186,0,0.15798761,0,Low
7001157238,0,0.15792002,0,Low
7000160211,0,0.15786462,0,Low
7001098459,0,0.15773025,0,Low
7000308398,0,0.15771522,0,Low
7002270722,0,0.15766558,0,Low
7002016940,0,0.15763818,0,Low
7001433654,0,0.15761814,0,Low
7001435496,0,0.15761694,0,Low
7001858000,0,0.157537,0,Low
7001328310,0,0.15743192,0,Low
7001124597,0,0.15739341,0,Low
7000891200,0,0.15737566,0,Low
7000909618,0,0.1573533,0,Low
7000771143,0,0.15729322,0,Low
7001237089,0,0.15727986,0,Low
7001545585,0,0.15726244,0,Low
7002170770,0,0.15722601,0,Low
7000949286,0,0.15721542,0,Low
7000032818,0,0.15720995,0,Low
7002030081,0,0.15714629,0,Low
7002205128,0,0.1570677,0,Low
7001948798,0,0.15705569,0,Low
7001703176,0,0.15701799,0,Low
7001382997,0,0.15701248,0,Low
7001170856,0,0.15690978,0,Low
7002319140,0,0.15689103,0,Low
7001765518,0,0.1568298,0,Low
7001443279,0,0.15676168,0,Low
7001243298,0,0.1566661,0,Low
7002369052,0,0.15662088,0,Low
7000172445,0,0.1565703,0,Low
7001218048,0,0.1565614,0,Low
7000701497,0,0.15645254,0,Low
7000898511,0,0.15642883,0,Low
7001556864,0,0.15627094,0,Low
7002187593,1,0.15626806,0,Low
7001252787,0,0.15619448,0,Low
7000292186,0,0.15614966,0,Low
7000789943,0,0.1561015,0,Low
7000702195,0,0.1560775,0,Low
7001243009,0,0.15601933,0,Low
7001561432,0,0.1559494,0,Low
7001356607,0,0.15592849,0,Low
7001936922,0,0.15589869,0,Low
7001445579,0,0.15581317,0,Low
7000153273,0,0.15578118,0,Low
7001466098,0,0.15576784,0,Low
7000480767,0,0.15570611,0,Low
7001425152,0,0.15567073,0,Low
7000909525,0,0.15563141,0,Low
7001070816,0,0.1555926,0,Low
7000807366,0,0.15558408,0,Low
7000517389,0,0.155559,0,Low
7000946212,0,0.1555181,0,Low
7002300055,0,0.15547082,0,Low
7001240765,0,0.1554704,0,Low
7000302739,0,0.1554485,0,Low
7000189201,0,0.15542325,0,Low
7000409835,0,0.15542276,0,Low
7000286557,0,0.15542115,0,Low
7000706849,0,0.15541112,0,Low
7000418680,0,0.15540294,0,Low
7001470530,0,0.15534154,0,Low
7001034302,0,0.15530491,0,Low
7000489242,0,0.15525338,0,Low
7000388197,0,0.15518796,0,Low
7001644589,0,0.15517722,0,Low
7001117451,0,0.15513012,0,Low
7002219644,0,0.15509886,0,Low
7002233184,0,0.15509355,0,Low
7000067247,0,0.15508963,0,Low
7000021658,0,0.1550862,0,Low
7001595410,0,0.15504982,0,Low
7002079466,0,0.1550192,0,Low
7001574595,0,0.15501045,0,Low
7002250249,0,0.15494223,0,Low
7001703423,0,0.15489493,0,Low
7000267171,0,0.15489006,0,Low
7000328075,0,0.15486094,0,Low
7001232419,0,0.15482078,0,Low
7001910744,0,0.15479335,0,Low
7002207373,0,0.15473527,0,Low
7000462381,0,0.15471846,0,Low
7001774660,0,0.1545599,0,Low
7000477484,0,0.15449272,0,Low
7001202296,0,0.15448311,0,Low
7000465768,0,0.15444723,0,Low
7001758133,0,0.15441735,0,Low
7000204615,0,0.15441161,0,Low
7000338946,0,0.15439841,0,Low
7000988503,0,0.15418242,0,Low
7002376425,0,0.15416059,0,Low
7001117502,0,0.15412445,0,Low
7002218037,0,0.1540926,0,Low
7002326917,0,0.1540151,0,Low
7002150778,0,0.15391584,0,Low
7000042912,0,0.1538579,0,Low
7001140830,0,0.15376428,0,Low
7001359059,0,0.1537084,0,Low
7000554611,0,0.15370718,0,Low
7000929802,0,0.15368333,0,Low
7000990873,0,0.15366913,0,Low
7000741250,0,0.1536468,0,Low
7002249038,0,0.1536447,0,Low
7001098559,0,0.15361442,0,Low
7001767747,0,0.15359648,0,Low
7000117603,0,0.15350588,0,Low
7002001309,1,0.15347186,0,Low
7000248765,0,0.15339153,0,Low
7001273222,0,0.1533871,0,Low
7001808924,0,0.1533863,0,Low
7002193330,0,0.15335786,0,Low
7002228608,0,0.15325828,0,Low
7000100985,0,0.15323916,0,Low
7001340210,0,0.15320197,0,Low
7002345591,0,0.15318702,0,Low
7002409959,0,0.1531582,0,Low
7001541730,0,0.15313996,0,Low
7001536341,0,0.15310866,0,Low
7000912658,0,0.15309457,0,Low
7002138559,0,0.1530752,0,Low
7000234991,0,0.15299457,0,Low
7000844785,0,0.15298435,0,Low
7001384415,0,0.15296258,0,Low
7001024761,0,0.15295587,0,Low
7000228576,0,0.15284891,0,Low
7002033161,0,0.15282105,0,Low
7002371214,0,0.15273958,0,Low
7001985968,0,0.15271264,0,Low
7001032708,0,0.15270065,0,Low
7002044047,0,0.15268992,0,Low
7001798858,0,0.15267031,0,Low
7000957326,0,0.15263571,0,Low
7001965488,0,0.15252702,0,Low
7002184898,0,0.15251884,0,Low
7002404765,0,0.15250508,0,Low
7002353745,0,0.15247983,0,Low
7002408890,0,0.15242003,0,Low
7000039289,0,0.15240535,0,Low
7000297968,0,0.15233168,0,Low
7000670760,1,0.15230606,0,Low
7001612296,0,0.15229885,0,Low
7000626815,0,0.15229838,0,Low
7001101333,0,0.15229017,0,Low
7002221233,0,0.15228854,0,Low
7001657078,0,0.15225495,0,Low
7000167058,0,0.15216692,0,Low
7001257860,0,0.15209581,0,Low
7001124853,0,0.15198071,0,Low
7000160157,0,0.1519721,0,Low
7000876652,0,0.15194818,0,Low
7000609281,0,0.15191318,0,Low
7000300785,0,0.15188645,0,Low
7001152623,0,0.1518545,0,Low
7001089983,0,0.15183684,0,Low
7002019036,0,0.15183313,0,Low
7001738662,0,0.15177101,0,Low
7001660923,0,0.15176675,0,Low
7002410751,0,0.15175566,0,Low
7002327277,0,0.15175268,0,Low
7000420666,0,0.1517482,0,Low
7000280192,0,0.15173595,0,Low
7000173037,0,0.15171461,0,Low
7000933856,0,0.15164171,0,Low
7001563990,0,0.1516079,0,Low
7001069768,0,0.15155683,0,Low
7002313959,0,0.15152717,0,Low
7002072910,0,0.15149069,0,Low
7001003122,0,0.15148306,0,Low
7000252479,0,0.15145195,0,Low
7001451946,0,0.15137741,0,Low
7002000372,0,0.15135255,0,Low
7000642196,0,0.15131381,0,Low
7000573441,0,0.15129764,0,Low
7001987989,0,0.15124576,0,Low
7001044561,0,0.15120783,0,Low
7001694658,0,0.15102427,0,Low
7002028493,0,0.15100375,0,Low
7001519357,0,0.15099095,0,Low
7001200737,0,0.150863,0,Low
7001933622,0,0.15086024,0,Low
7000391605,0,0.15082248,0,Low
7001977344,0,0.15080792,0,Low
7000137054,0,0.15071398,0,Low
7000482332,0,0.15067454,0,Low
7001605394,0,0.15053764,0,Low
7001434481,0,0.15053734,0,Low
7000267109,0,0.15051813,0,Low
7002395836,0,0.15046448,0,Low
7000158030,0,0.15045485,0,Low
7000654214,0,0.15044206,0,Low
7000385331,0,0.15043035,0,Low
7000213368,0,0.15040453,0,Low
7001855562,0,0.15031768,0,Low
7000655849,0,0.15027933,0,Low
7000395717,0,0.15025376,0,Low
7001349356,0,0.15018538,0,Low
7001605672,0,0.15015964,0,Low
7002249222,0,0.15014313,0,Low
7001834819,0,0.15002865,0,Low
7001948507,0,0.14985824,0,Low
7000645258,0,0.14984459,0,Low
7002306182,0,0.14983869,0,Low
7000924542,0,0.14972804,0,Low
7002008887,0,0.14967722,0,Low
7001254108,0,0.1496075,0,Low
7000240513,0,0.14951317,0,Low
7001136659,0,0.14949226,0,Low
7000656265,0,0.14948644,0,Low
7001422053,0,0.14934899,0,Low
7000121093,0,0.14934586,0,Low
7000667746,0,0.1493229,0,Low
7001198708,0,0.14930107,0,Low
7001902264,0,0.14928623,0,Low
7002057830,0,0.1492526,0,Low
7001425512,0,0.14924493,0,Low
7001075266,0,0.14922574,0,Low
7001636421,0,0.14917164,0,Low
7001578041,0,0.14911771,0,Low
7001874813,0,0.14906837,0,Low
7001003109,0,0.14904332,0,Low
7001958950,0,0.14894535,0,Low
7001425941,0,0.14893527,0,Low
7001556944,0,0.14892402,0,Low
7000382903,0,0.1489061,0,Low
7000966044,0,0.14889194,0,Low
7000192192,0,0.14887111,0,Low
7000554764,0,0.14886096,0,Low
7001469423,0,0.14881952,0,Low
7001865242,0,0.1487767,0,Low
7001064456,0,0.14872059,0,Low
7002275082,0,0.1487006,0,Low
7001428914,0,0.14864907,0,Low
7002335930,0,0.14861843,0,Low
7000960013,0,0.14853072,0,Low
7000111540,0,0.14845447,0,Low
7000045478,0,0.14842206,0,Low
7001305648,0,0.14838901,0,Low
7000870146,0,0.14837572,0,Low
7001874918,0,0.1483625,0,Low
7000221044,0,0.14825425,0,Low
7001130836,0,0.14821507,0,Low
7001700969,0,0.1482078,0,Low
7000348330,0,0.1481922,0,Low
7001240204,0,0.14817628,0,Low
7000116831,0,0.14812835,0,Low
7000254113,0,0.14803836,0,Low
7002042043,0,0.14802976,0,Low
7000843992,0,0.14800042,0,Low
7001962981,0,0.14799663,0,Low
7000354731,0,0.14795674,0,Low
7000716403,0,0.14795367,0,Low
7002190386,0,0.14794083,0,Low
7000183597,0,0.14790031,0,Low
7001148504,0,0.14789982,0,Low
7002282811,0,0.14783123,0,Low
7000484412,1,0.14775014,0,Low
7002194280,0,0.14766373,0,Low
7000457525,0,0.14765508,0,Low
7001313483,0,0.14760688,0,Low
7001682212,0,0.14753413,0,Low
7002195630,0,0.14750609,0,Low
7001148900,0,0.14747067,0,Low
7002333872,0,0.14746474,0,Low
7001161209,0,0.14742267,0,Low
7000590225,0,0.1473451,0,Low
7000833179,0,0.14734247,0,Low
7002168347,0,0.14730723,0,Low
7001913983,0,0.14729977,0,Low
7000946800,0,0.14724751,0,Low
7000085549,0,0.14720307,0,Low
7002041420,0,0.14707288,0,Low
7001062268,0,0.14704798,0,Low
7001275427,0,0.14701365,0,Low
7002050264,0,0.1470047,0,Low
7002060656,0,0.14688943,0,Low
7000609228,0,0.14679556,0,Low
7001363549,0,0.14678286,0,Low
7002295099,0,0.14677645,0,Low
7001971656,0,0.14676371,0,Low
7001137277,0,0.14665422,0,Low
7001995093,0,0.14658093,0,Low
7001062528,0,0.14654098,0,Low
7001656305,0,0.14652051,0,Low
7001864168,0,0.14650545,0,Low
7000221470,0,0.14649536,0,Low
7002274176,0,0.14645459,0,Low
7000468130,0,0.14640622,0,Low
7001602753,0,0.14638643,0,Low
7001391789,0,0.1463673,0,Low
7000843201,0,0.14626354,0,Low
7002109191,0,0.14607008,0,Low
7001289459,0,0.14606963,0,Low
7002023420,0,0.1460591,0,Low
7000445531,0,0.14603297,0,Low
7001401138,0,0.1460271,0,Low
7001142623,0,0.14593491,0,Low
7001077080,0,0.1459121,0,Low
7001554116,0,0.14590241,0,Low
7001144055,0,0.14589582,0,Low
7000813277,0,0.1457986,0,Low
7001578781,0,0.14572038,0,Low
7000449279,0,0.14569457,0,Low
7000392232,0,0.14560348,0,Low
7001763210,0,0.1455954,0,Low
7001900624,0,0.1453859,0,Low
7001016389,0,0.14530692,0,Low
7001921289,0,0.14530225,0,Low
7001847424,0,0.1452966,0,Low
7000319326,0,0.14513887,0,Low
7000651199,0,0.14512767,0,Low
7002393482,0,0.14500877,0,Low
7001090295,0,0.14500739,0,Low
7002233723,0,0.14499912,0,Low
7001686123,0,0.14499442,0,Low
7001065384,0,0.14498729,0,Low
7001537738,0,0.14496669,0,Low
7000913258,0,0.14495741,0,Low
7001018081,0,0.1449016,0,Low
7001775590,0,0.14481394,0,Low
7002021520,0,0.14471768,0,Low
7000311381,0,0.14470245,0,Low
7001299804,0,0.14464892,0,Low
7000066503,0,0.14462397,0,Low
7000930974,0,0.14461257,0,Low
7002282351,0,0.1445425,0,Low
7001465379,0,0.14453882,0,Low
7000426163,0,0.14452305,0,Low
7002390582,0,0.14450169,0,Low
7001041628,0,0.1443786,0,Low
7001117623,0,0.14435871,0,Low
7002015752,0,0.14405231,0,Low
7001223634,0,0.14379476,0,Low
7001128501,0,0.143771,0,Low
7001700209,0,0.14372724,0,Low
7001690425,0,0.14368679,0,Low
7001846449,0,0.14363368,0,Low
7001425581,0,0.1435873,0,Low
7000231443,0,0.14357495,0,Low
7002237871,0,0.14337341,0,Low
7001922220,0,0.1433675,0,Low
7002017235,0,0.1433115,0,Low
7001439232,0,0.14328721,0,Low
7000621694,0,0.14323795,0,Low
7001774848,0,0.14323217,0,Low
7001253889,0,0.1432036,0,Low
7000661977,0,0.14315593,0,Low
7001264188,0,0.14310095,0,Low
7001785163,0,0.14309001,0,Low
7001775377,0,0.14305103,0,Low
7000683668,0,0.14291064,0,Low
7002308840,0,0.14290863,0,Low
7000751627,0,0.14290546,0,Low
7000773923,0,0.14285323,0,Low
7000979297,0,0.14283867,0,Low
7002123767,0,0.14280619,0,Low
7002083335,0,0.14271624,0,Low
7001112812,0,0.14260067,0,Low
7002165411,0,0.1425964,0,Low
7001054637,0,0.14255075,0,Low
7000252113,0,0.14249423,0,Low
7000957073,0,0.14248429,0,Low
7001989182,0,0.14240696,0,Low
7001191184,0,0.14240584,0,Low
7002294639,0,0.14239606,0,Low
7002031553,0,0.14228222,0,Low
7000093230,0,0.14222142,0,Low
7000582154,0,0.14214906,0,Low
7001531376,0,0.14207546,0,Low
7001029104,1,0.14203274,0,Low
7001545684,0,0.14198698,0,Low
7001214580,0,0.14195089,0,Low
7002290807,0,0.14194505,0,Low
7000167655,0,0.14191665,0,Low
7001941628,0,0.14191543,0,Low
7002255564,1,0.14186579,0,Low
7001008747,0,0.14184645,0,Low
7002045033,0,0.1418011,0,Low
7002260039,0,0.1417542,0,Low
7001842806,0,0.14175323,0,Low
7000379171,0,0.14149779,0,Low
7000057188,0,0.14149314,0,Low
7000373399,0,0.14137022,0,Low
7000878987,0,0.1413243,0,Low
7000899330,0,0.1412801,0,Low
7001955204,0,0.14123201,0,Low
7001319094,0,0.14115387,0,Low
7001983877,0,0.14106172,0,Low
7002297506,0,0.14099336,0,Low
7002016975,0,0.140958,0,Low
7000572874,0,0.14095412,0,Low
7000914241,0,0.14091747,0,Low
7000808404,0,0.14090183,0,Low
7001538408,0,0.14089938,0,Low
7001206573,0,0.14087893,0,Low
7002166958,0,0.1408768,0,Low
7000435704,0,0.14081195,0,Low
7001250809,0,0.1408092,0,Low
7000999589,0,0.14079072,0,Low
7002232514,0,0.14062391,0,Low
7000555944,0,0.14058249,0,Low
7001778285,0,0.14058064,0,Low
7002042974,0,0.14057145,0,Low
7000465664,0,0.14054017,0,Low
7000284412,0,0.14050157,0,Low
7001223391,0,0.14049807,0,Low
7002246045,0,0.14041764,0,Low
7002301167,0,0.14039463,0,Low
7000245304,0,0.14031805,0,Low
7001710496,0,0.14030102,0,Low
7000958354,0,0.14026897,0,Low
7002267316,0,0.14024152,0,Low
7000609639,0,0.14021891,0,Low
7001224480,0,0.14015883,0,Low
7000668662,0,0.14001185,0,Low
7000710137,0,0.13999824,0,Low
7001517022,0,0.13999103,0,Low
7001309436,0,0.13996822,0,Low
7000288983,0,0.13996045,0,Low
7000252011,0,0.13993251,0,Low
7001611472,0,0.1399001,0,Low
7001364353,0,0.13989331,0,Low
7000306901,0,0.13984674,0,Low
7001773979,0,0.13981074,0,Low
7001989254,0,0.13980798,0,Low
7001178639,0,0.13977432,0,Low
7001623591,0,0.1397487,0,Low
7001414784,0,0.13972807,0,Low
7001269320,0,0.13972661,0,Low
7000946848,0,0.1397138,0,Low
7000102203,0,0.13965051,0,Low
7001040137,0,0.13962603,0,Low
7000165093,0,0.13953893,0,Low
7001621033,0,0.13953684,0,Low
7001818147,0,0.13948563,0,Low
7000413044,0,0.13948369,0,Low
7000829760,0,0.13944358,0,Low
7002195637,0,0.1394242,0,Low
7000578159,0,0.13939996,0,Low
7000942807,0,0.139367,0,Low
7001857436,0,0.13934936,0,Low
7000024329,0,0.13931821,0,Low
7000965460,0,0.13925266,0,Low
7001495809,0,0.1391511,0,Low
7001323329,0,0.13913602,0,Low
7002034944,0,0.13910814,0,Low
7002090431,0,0.13906184,0,Low
7000137684,0,0.13905638,0,Low
7001454755,0,0.13905486,0,Low
7000416590,0,0.13904046,0,Low
7001590451,0,0.1390399,0,Low
7001134559,0,0.13901192,0,Low
7000757096,0,0.13898079,0,Low
7001190149,0,0.13897789,0,Low
7001987135,0,0.13897115,0,Low
7002012001,0,0.13896438,0,Low
7000604892,0,0.13894853,0,Low
7001900923,0,0.1389349,0,Low
7001103221,0,0.13891503,0,Low
7002343751,0,0.13889104,0,Low
7001822295,0,0.13878801,0,Low
7000807608,0,0.1387621,0,Low
7001702564,0,0.13874102,0,Low
7000387978,0,0.13865891,0,Low
7001684857,0,0.13862196,0,Low
7001836830,0,0.1385194,0,Low
7000943102,0,0.13847078,0,Low
7002379653,0,0.13843662,0,Low
7000516542,1,0.13839957,0,Low
7001193165,0,0.1383808,0,Low
7000902338,1,0.13836253,0,Low
7001171142,0,0.13835752,0,Low
7000763865,0,0.13835461,0,Low
7001658887,0,0.13831955,0,Low
7002347619,0,0.13826668,0,Low
7000969635,0,0.13813502,0,Low
7001495796,0,0.13812026,0,Low
7002382584,0,0.13809302,0,Low
7001280619,0,0.13803056,0,Low
7001128366,0,0.13795096,0,Low
7001525236,0,0.13785948,0,Low
7000156214,0,0.13784765,0,Low
7001918033,0,0.13784258,0,Low
7001725015,0,0.137827,0,Low
7000532017,0,0.1377221,0,Low
7001995640,0,0.13771842,0,Low
7001600711,0,0.13769706,0,Low
7000431436,0,0.13767008,0,Low
7000854579,0,0.13763866,0,Low
7001854311,0,0.13762085,0,Low
7001668189,0,0.13753599,0,Low
7002322908,0,0.13752031,0,Low
7000704319,0,0.13748722,0,Low
7001506606,0,0.1374357,0,Low
7000742287,0,0.13739428,0,Low
7001584841,0,0.13737813,0,Low
7000349776,0,0.13733329,0,Low
7000869911,0,0.13728313,0,Low
7001540949,0,0.13727516,0,Low
7001661151,0,0.13727415,0,Low
7001185086,0,0.13721891,0,Low
7001693932,0,0.13719791,0,Low
7000952341,0,0.13715924,0,Low
7000293386,0,0.13695595,0,Low
7000956180,0,0.13694675,0,Low
7000170460,0,0.13693325,0,Low
7002143906,0,0.13686258,0,Low
7000487774,0,0.13684489,0,Low
7000257357,0,0.13684149,0,Low
7000052729,0,0.13677703,0,Low
7002357739,0,0.13677667,0,Low
7000597929,0,0.13665995,0,Low
7000976665,0,0.13659832,0,Low
7001515196,0,0.13653676,0,Low
7001098125,0,0.13647605,0,Low
7002309396,0,0.13647577,0,Low
7001051727,0,0.13645951,0,Low
7000184977,0,0.13642754,0,Low
7000983256,0,0.13640288,0,Low
7000400798,0,0.13639748,0,Low
7000244088,0,0.13639566,0,Low
7000360320,0,0.13635582,0,Low
7000689173,0,0.13632983,0,Low
7000656046,0,0.13630462,0,Low
7001969997,0,0.1362348,0,Low
7001102386,0,0.1362318,0,Low
7001747526,0,0.1361982,0,Low
7002372063,0,0.13616246,0,Low
7001457753,0,0.13614841,0,Low
7001413285,0,0.13613306,0,Low
7000850318,0,0.13612725,0,Low
7002323295,0,0.13606206,0,Low
7000557941,0,0.13601285,0,Low
7000170803,0,0.13600813,0,Low
7002159088,0,0.13597797,0,Low
7001074922,0,0.1359303,0,Low
7001895319,0,0.13591579,0,Low
7000249611,0,0.13585189,0,Low
7001413758,0,0.13576603,0,Low
7001420575,0,0.1356943,0,Low
7000255492,0,0.13567352,0,Low
7000013575,0,0.13556457,0,Low
7001138311,0,0.13554433,0,Low
7001372938,0,0.13552403,0,Low
7001058453,0,0.13548209,0,Low
7002253370,0,0.1354597,0,Low
7000040732,0,0.13544887,0,Low
7000597370,0,0.13539255,0,Low
7002078553,0,0.13537522,0,Low
7001221513,0,0.13532968,0,Low
7000007130,0,0.1353254,0,Low
7000287711,0,0.1353197,0,Low
7001752685,0,0.13527371,0,Low
7000383189,0,0.13520557,0,Low
7000881838,0,0.13515687,0,Low
7002113013,0,0.13513239,0,Low
7001831233,0,0.13513097,0,Low
7002327788,0,0.13506526,0,Low
7001587688,0,0.1350241,0,Low
7000599488,0,0.13501793,0,Low
7000675579,0,0.13497059,0,Low
7000911219,0,0.13495468,0,Low
7001753194,0,0.13490245,0,Low
7001207112,0,0.13488178,0,Low
7002408705,0,0.13487121,0,Low
7001147071,0,0.13485554,0,Low
7001268530,0,0.13480714,0,Low
7002277355,0,0.13477834,0,Low
7000972310,0,0.13471638,0,Low
7002048468,0,0.13471045,0,Low
7000754829,0,0.13468117,0,Low
7000993727,0,0.13461855,0,Low
7002201975,0,0.13459499,0,Low
7000635264,0,0.13458651,0,Low
7000099871,0,0.13455835,0,Low
7001168143,0,0.1345347,0,Low
7002369958,0,0.13448015,0,Low
7001172259,0,0.13446237,0,Low
7001254141,0,0.13434002,0,Low
7002098201,0,0.1343012,0,Low
7000937219,0,0.13429609,0,Low
7000516484,0,0.13420984,0,Low
7000869861,0,0.13420528,0,Low
7000390291,0,0.13415727,0,Low
7000812076,0,0.1341386,0,Low
7001859910,0,0.13412501,0,Low
7001758711,0,0.13410395,0,Low
7000694022,0,0.13409474,0,Low
7000694450,0,0.13409267,0,Low
7001334790,0,0.13402048,0,Low
7001646656,0,0.13399059,0,Low
7002269512,0,0.13395992,0,Low
7002170501,0,0.13390514,0,Low
7001663524,0,0.13390222,0,Low
7001314203,0,0.13389793,0,Low
7000152360,0,0.13389312,0,Low
7002275454,0,0.13388996,0,Low
7000717304,0,0.13387507,0,Low
7000188695,0,0.13378762,0,Low
7000509620,0,0.1337248,0,Low
7001996772,0,0.13368404,0,Low
7001867302,0,0.13356987,0,Low
7001127147,0,0.13355942,0,Low
7001293360,0,0.13354138,0,Low
7001570428,0,0.1334735,0,Low
7000029926,0,0.13342077,0,Low
7000199799,0,0.13341786,0,Low
7001414958,0,0.13338935,0,Low
7001684383,0,0.13337654,0,Low
7001358655,0,0.13333085,0,Low
7002256583,0,0.13331664,0,Low
7001805211,0,0.13328913,0,Low
7000247926,0,0.1332747,0,Low
7001292049,0,0.13324533,0,Low
7000506959,0,0.13320291,0,Low
7000155403,0,0.13319351,0,Low
7001537284,0,0.13318923,0,Low
7002037395,0,0.13314967,0,Low
7000224580,0,0.13313888,0,Low
7000946530,0,0.13309528,0,Low
7000981276,0,0.13302606,0,Low
7000093178,0,0.13301282,0,Low
7000464986,0,0.1329147,0,Low
7001126174,0,0.13289395,0,Low
7000731132,0,0.13287094,0,Low
7001922174,0,0.1328355,0,Low
7000032313,0,0.13281216,0,Low
7001042273,0,0.13279904,0,Low
7001513628,0,0.1327575,0,Low
7001642736,0,0.1326825,0,Low
7002383040,0,0.13263887,0,Low
7001899560,0,0.13253005,0,Low
7001161360,0,0.13251546,0,Low
7000344866,0,0.13250084,0,Low
7001621173,0,0.13249908,0,Low
7001162686,0,0.13248326,0,Low
7002049603,0,0.13245556,0,Low
7001936249,0,0.13242988,0,Low
7001757930,0,0.13242853,0,Low
7002214779,0,0.13239127,0,Low
7002185476,0,0.13236333,0,Low
7002294484,0,0.13234289,0,Low
7001063016,0,0.13233642,0,Low
7001499468,0,0.13226089,0,Low
7001417621,0,0.13225742,0,Low
7000406976,0,0.1322288,0,Low
7000172596,0,0.13218923,0,Low
7002380298,0,0.13218217,0,Low
7002149890,0,0.13212933,0,Low
7001611844,0,0.1321208,0,Low
7001177292,0,0.1321198,0,Low
7000933737,0,0.13208988,0,Low
7001889071,0,0.13193922,0,Low
7000914437,0,0.1318845,0,Low
7001657557,0,0.1318689,0,Low
7002196705,0,0.13186577,0,Low
7001447815,0,0.13184227,0,Low
7000820999,0,0.13175999,0,Low
7000958888,0,0.13173665,0,Low
7000980277,0,0.13168044,0,Low
7001033182,0,0.13162838,0,Low
7002313856,0,0.13162598,0,Low
7000998732,0,0.13157284,0,Low
7000659313,0,0.13146032,0,Low
7001976531,0,0.13145047,0,Low
7000051498,0,0.13141331,0,Low
7000189079,0,0.1313774,0,Low
7000616662,0,0.13136525,0,Low
7000411000,0,0.13136292,0,Low
7000126606,0,0.13132219,0,Low
7001014684,0,0.13132043,0,Low
7002376873,0,0.13126384,0,Low
7001240289,0,0.13125704,0,Low
7000779320,0,0.13114683,0,Low
7001406649,0,0.13113257,0,Low
7000436853,0,0.13113205,0,Low
7001687885,0,0.13098317,0,Low
7000649781,0,0.13096307,0,Low
7001484683,0,0.13095675,0,Low
7001174994,0,0.13093586,0,Low
7001758968,0,0.13093348,0,Low
7000984586,0,0.13092862,0,Low
7001715506,0,0.13092555,0,Low
7002133055,0,0.1308669,0,Low
7001137585,0,0.13077015,0,Low
7001737483,0,0.13075303,0,Low
7001364480,0,0.13070498,0,Low
7001832469,0,0.1306518,0,Low
7000745017,0,0.13064136,0,Low
7000037763,0,0.13059482,0,Low
7001847129,0,0.13058141,0,Low
7000399957,0,0.1305691,0,Low
7002367049,0,0.13053903,0,Low
7001954024,0,0.13053134,0,Low
7002268281,0,0.13050276,0,Low
7001140150,0,0.1304769,0,Low
7000848637,0,0.13045555,0,Low
7001997014,0,0.13044937,0,Low
7000646969,0,0.13043205,0,Low
7000728340,0,0.13037376,0,Low
7000158675,0,0.13031434,0,Low
7001919163,0,0.13028438,0,Low
7001438565,0,0.1302589,0,Low
7000980958,0,0.1302582,0,Low
7002137780,0,0.13024653,0,Low
7001320183,0,0.13023427,0,Low
7000920574,0,0.1301835,0,Low
7000688981,0,0.13017656,0,Low
7001670871,0,0.13017464,0,Low
7001478089,0,0.13017161,0,Low
7001697175,0,0.1301584,0,Low
7000661878,0,0.13010946,0,Low
7000895251,0,0.13007304,0,Low
7000626730,0,0.13005958,0,Low
7001735804,0,0.13003618,0,Low
7001055220,0,0.1300325,0,Low
7002309995,0,0.12998632,0,Low
7000814815,0,0.12993047,0,Low
7000023886,0,0.12986907,0,Low
7001667593,0,0.12980166,0,Low
7001955064,0,0.12978712,0,Low
7000353575,0,0.1297752,0,Low
7002123712,0,0.12974505,0,Low
7000639006,0,0.12967765,0,Low
7002251551,0,0.1296328,0,Low
7000645610,0,0.12962796,0,Low
7001225454,0,0.12961957,0,Low
7002374549,0,0.1296057,0,Low
7002405465,0,0.1295897,0,Low
7001905120,0,0.1294896,0,Low
7000974696,0,0.12948948,0,Low
7000688801,0,0.12945291,0,Low
7002165684,0,0.12940897,0,Low
7001299566,0,0.1293922,0,Low
7000345502,0,0.12934707,0,Low
7000461521,0,0.1293376,0,Low
7001782267,0,0.12929212,0,Low
7000998401,0,0.12921585,0,Low
7000906691,0,0.12908618,0,Low
7000413950,0,0.12904954,0,Low
7002391569,0,0.12896352,0,Low
7000840590,0,0.12892807,0,Low
7000704880,0,0.12889427,0,Low
7001313603,0,0.12886712,0,Low
7000785941,0,0.12886253,0,Low
7000195147,0,0.12878706,0,Low
7001918978,0,0.12877725,0,Low
7001588829,0,0.1287248,0,Low
7001782354,0,0.12871315,0,Low
7001056381,0,0.1285933,0,Low
7001641594,0,0.12856306,0,Low
7001979023,0,0.12849149,0,Low
7001075122,0,0.12836991,0,Low
7000417039,0,0.12831399,0,Low
7002272909,0,0.1282312,0,Low
7000838809,0,0.12821034,0,Low
7001182267,0,0.12820135,0,Low
7000423917,0,0.1281962,0,Low
7002245024,0,0.12816235,0,Low
7002201954,0,0.12808776,0,Low
7000418592,0,0.1280868,0,Low
7002061097,0,0.12805629,0,Low
7000430766,0,0.1280041,0,Low
7001568457,0,0.12792876,0,Low
7000304912,0,0.12791069,0,Low
7001668442,0,0.1279101,0,Low
7000739233,0,0.12787665,0,Low
7000952351,0,0.12785813,0,Low
7001237980,0,0.12783995,0,Low
7000931451,0,0.12782362,0,Low
7000969340,0,0.12781605,0,Low
7000313603,0,0.1278144,0,Low
7002156265,0,0.12778264,0,Low
7001336205,0,0.127763,0,Low
7000090626,0,0.12775138,0,Low
7001276056,0,0.12773582,0,Low
7001074961,1,0.12771039,0,Low
7000135875,0,0.1276799,0,Low
7001705071,0,0.12753487,0,Low
7001613130,0,0.12753166,0,Low
7002276705,0,0.12751558,0,Low
7001575473,0,0.12750302,0,Low
7002268181,0,0.1274585,0,Low
7001803341,0,0.1274583,0,Low
7000744686,0,0.12745072,0,Low
7002274414,0,0.12743814,0,Low
7000075501,0,0.12739381,0,Low
7000444862,0,0.1273584,0,Low
7001680149,0,0.12732473,0,Low
7001073286,0,0.1273191,0,Low
7001825431,0,0.12729517,0,Low
7000353127,0,0.12727836,0,Low
7001126062,0,0.12722653,0,Low
7002324228,0,0.12722301,0,Low
7000717572,0,0.12718356,0,Low
7000194105,0,0.12707497,0,Low
7001177734,0,0.12702358,0,Low
7000685933,0,0.1270066,0,Low
7001757333,0,0.12696874,0,Low
7001560768,0,0.12695418,0,Low
7000002937,0,0.12691063,0,Low
7001300040,0,0.12685649,0,Low
7000702767,0,0.12683539,0,Low
7001358342,0,0.12681033,0,Low
7002053838,0,0.12678137,0,Low
7002092931,0,0.1267794,0,Low
7001002447,0,0.12670577,0,Low
7000029876,0,0.12665845,0,Low
7001857505,0,0.12662937,0,Low
7001646650,0,0.12658827,0,Low
7000346365,0,0.12654011,0,Low
7000177858,0,0.12651257,0,Low
7002333536,0,0.12643158,0,Low
7001199360,0,0.12640758,0,Low
7001572123,0,0.12638544,0,Low
7002273352,0,0.12638365,0,Low
7002196759,0,0.12636806,0,Low
7000962876,0,0.12636462,0,Low
7000678009,0,0.12621018,0,Low
7000777133,0,0.12614754,0,Low
7000947282,0,0.12611717,0,Low
7000152099,0,0.1261025,0,Low
7001218173,0,0.12609857,0,Low
7000371763,0,0.12605524,0,Low
7002175790,0,0.12604667,0,Low
7000358301,0,0.12597582,0,Low
7000435980,0,0.12593292,0,Low
7001495924,0,0.1259293,0,Low
7001334221,0,0.12592246,0,Low
7001767599,0,0.12577598,0,Low
7000940686,0,0.1257143,0,Low
7002068507,0,0.12569967,0,Low
7001492172,0,0.1255961,0,Low
7000739255,0,0.12559444,0,Low
7000498259,0,0.12547721,0,Low
7000230421,0,0.12544781,0,Low
7001236915,0,0.12543134,0,Low
7000587982,0,0.12533964,0,Low
7001735999,0,0.12530446,0,Low
7000825193,0,0.12526238,0,Low
7001386124,0,0.1252535,0,Low
7002001915,0,0.12524995,0,Low
7002176718,0,0.12523666,0,Low
7000075190,0,0.12522817,0,Low
7000979782,0,0.12522748,0,Low
7002246213,0,0.1252059,0,Low
7000996973,0,0.125203,0,Low
7000037942,0,0.12517715,0,Low
7001608138,0,0.1251702,0,Low
7000270308,0,0.12511742,0,Low
7001445282,0,0.12510088,0,Low
7001022930,0,0.12507182,0,Low
7002117385,0,0.12503721,0,Low
7001503068,0,0.12501098,0,Low
7001558032,0,0.12500715,0,Low
7000028539,1,0.12500712,0,Low
7000933614,0,0.12499747,0,Low
7001656325,0,0.12496121,0,Low
7001556386,0,0.12487942,0,Low
7000086578,0,0.12484984,0,Low
7002272022,0,0.12484849,0,Low
7001484197,0,0.124823965,0,Low
7001490988,0,0.124797,0,Low
7000514730,0,0.12472873,0,Low
7000665272,0,0.12465279,0,Low
7000262727,0,0.12464068,0,Low
7000732343,0,0.12463385,0,Low
7001786140,0,0.12455213,0,Low
7001630195,0,0.12454308,0,Low
7000026154,0,0.12454006,0,Low
7000423784,0,0.12444427,0,Low
7001962722,0,0.12437941,0,Low
7001975669,0,0.12432754,0,Low
7000202940,0,0.12430976,0,Low
7000721003,0,0.12424262,0,Low
7000816878,0,0.1241758,0,Low
7000500745,0,0.12417473,0,Low
7001562696,0,0.12417242,0,Low
7001211190,0,0.12417198,0,Low
7002400767,0,0.1241254,0,Low
7001606779,0,0.12409418,0,Low
7000242102,0,0.124066524,0,Low
7002069973,0,0.1240662,0,Low
7001460365,0,0.12405226,0,Low
7001794818,0,0.124032855,0,Low
7002194935,0,0.124032214,0,Low
7000387900,0,0.12401223,0,Low
7000230123,0,0.12400009,0,Low
7000602722,0,0.12398968,0,Low
7001725736,0,0.12389996,0,Low
7002204956,0,0.12389096,0,Low
7001399433,0,0.123791106,0,Low
7000928854,0,0.12378912,0,Low
7000144138,0,0.123756655,0,Low
7001661391,0,0.123752914,0,Low
7000254042,0,0.12373749,0,Low
7000387830,0,0.12364709,0,Low
7002311379,0,0.12364233,0,Low
7000963899,0,0.123617,0,Low
7002020873,0,0.12356211,0,Low
7001629884,0,0.123505145,0,Low
7001326011,0,0.12347904,0,Low
7000705017,0,0.1234785,0,Low
7001962232,0,0.1234575,0,Low
7000911069,0,0.12345591,0,Low
7002151092,0,0.12344321,0,Low
7001987914,0,0.123421535,0,Low
7001249172,0,0.12338485,0,Low
7001582177,0,0.12335773,0,Low
7001508488,0,0.123348564,0,Low
7001360790,0,0.12327275,0,Low
7001724649,0,0.12325916,0,Low
7002230470,0,0.12325403,0,Low
7000509905,0,0.123215646,0,Low
7000704953,0,0.123158626,0,Low
7000605737,0,0.123130225,0,Low
7000618267,0,0.12312301,0,Low
7001609445,0,0.123121835,0,Low
7001638413,0,0.12310232,0,Low
7001606140,0,0.12307262,0,Low
7000317374,0,0.12302491,0,Low
7001351303,0,0.12301989,0,Low
7000357473,0,0.12300993,0,Low
7000600975,0,0.122949176,0,Low
7000827313,0,0.122815356,0,Low
7001839077,0,0.12280829,0,Low
7002015288,0,0.12278281,0,Low
7000182370,0,0.12277611,0,Low
7001357404,0,0.12266882,0,Low
7000385212,0,0.12265038,0,Low
7000785755,0,0.122596994,0,Low
7000311538,0,0.12256105,0,Low
7002338815,0,0.122546405,0,Low
7001878512,0,0.122497424,0,Low
7001219398,0,0.122491315,0,Low
7002298019,0,0.12245016,0,Low
7000956985,0,0.12242366,0,Low
7002255465,0,0.122404866,0,Low
7001632708,0,0.12229618,0,Low
7001637665,1,0.122286454,0,Low
7000594702,0,0.12227909,0,Low
7001049934,0,0.12224956,0,Low
7002309326,0,0.12221379,0,Low
7001696847,0,0.12219844,0,Low
7000700408,0,0.122171275,0,Low
7001969155,0,0.12216929,0,Low
7000933227,0,0.12211736,0,Low
7002207789,0,0.12205273,0,Low
7002219380,0,0.12202571,0,Low
7002360914,0,0.12199721,0,Low
7000830165,0,0.12197477,0,Low
7000216600,0,0.121961124,0,Low
7001734295,0,0.1219604,0,Low
7001304051,0,0.12194419,0,Low
7001419644,0,0.12192579,0,Low
7000649440,0,0.12189218,0,Low
7002243416,0,0.121787496,0,Low
7001739533,0,0.12177017,0,Low
7000512006,0,0.12165767,0,Low
7001822480,0,0.12162629,0,Low
7001919383,0,0.12154548,0,Low
7001821851,0,0.12147049,0,Low
7001073204,0,0.12146383,0,Low
7000322047,0,0.12144345,0,Low
7000298452,0,0.12143014,0,Low
7001080717,0,0.12142159,0,Low
7000534832,0,0.121322244,0,Low
7000141902,0,0.12126254,0,Low
7000894620,0,0.12125838,0,Low
7001641298,0,0.121233314,0,Low
7001700288,0,0.12115299,0,Low
7000025953,0,0.1210843,0,Low
7001268665,0,0.12107316,0,Low
7000741196,0,0.12096934,0,Low
7000592612,0,0.12095106,0,Low
7001683344,0,0.12093725,0,Low
7000892381,0,0.12092638,0,Low
7001579310,0,0.120874956,0,Low
7000210268,0,0.12085439,0,Low
7000011121,0,0.1208239,0,Low
7000511584,0,0.120759085,0,Low
7000533887,0,0.12075803,0,Low
7002035031,0,0.12075536,0,Low
7001755893,0,0.12073345,0,Low
7000762807,0,0.12062594,0,Low
7001458688,0,0.12062421,0,Low
7001707963,0,0.120593734,0,Low
7001496602,0,0.120553605,0,Low
7001545793,0,0.12054133,0,Low
7000198682,0,0.12041395,0,Low
7001340624,0,0.12040846,0,Low
7002302474,0,0.12039729,0,Low
7001407471,0,0.120344326,0,Low
7000405915,0,0.120314345,0,Low
7000223340,0,0.120290995,0,Low
7001666626,0,0.12028553,0,Low
7001230516,0,0.12023498,0,Low
7001552971,0,0.12019336,0,Low
7001520267,0,0.1201535,0,Low
7001139360,0,0.1201173,0,Low
7000671878,0,0.12005305,0,Low
7000225218,0,0.120036714,0,Low
7000049858,0,0.119988486,0,Low
7001601251,0,0.11996125,0,Low
7000601145,0,0.119958036,0,Low
7000834493,0,0.11993164,0,Low
7001362956,0,0.11992441,0,Low
7001413484,0,0.119910516,0,Low
7002058039,0,0.119886525,0,Low
7000317423,0,0.11988199,0,Low
7000358095,0,0.11983964,0,Low
7001238508,0,0.11983411,0,Low
7000379539,0,0.11981488,0,Low
7000179483,0,0.11980849,0,Low
7001914630,0,0.119799554,0,Low
7000966753,0,0.11979093,0,Low
7002047844,0,0.11976889,0,Low
7002003761,0,0.11974231,0,Low
7000438824,0,0.119740754,0,Low
7002051508,0,0.1197243,0,Low
7002333964,0,0.11967551,0,Low
7001746715,0,0.11951179,0,Low
7000717448,0,0.11950878,0,Low
7002217127,0,0.119425096,0,Low
7001143820,0,0.119415656,0,Low
7001905948,0,0.11937292,0,Low
7000349703,0,0.119341545,0,Low
7001093447,0,0.119286306,0,Low
7000880252,0,0.11927846,0,Low
7001414838,0,0.11927456,0,Low
7001226011,0,0.11921822,0,Low
7002177612,0,0.11916863,0,Low
7000337973,0,0.11911459,0,Low
7002070563,0,0.1190991,0,Low
7001438036,0,0.11906059,0,Low
7001111336,0,0.11898111,0,Low
7000727206,0,0.118963644,0,Low
7000674153,0,0.1189458,0,Low
7000112962,0,0.118897036,0,Low
7000526756,0,0.11884655,0,Low
7001417018,0,0.11883389,0,Low
7001923324,0,0.11878532,0,Low
7001511254,0,0.11877406,0,Low
7000811034,0,0.11869136,0,Low
7002094199,0,0.11867103,0,Low
7002196196,0,0.1186493,0,Low
7001551191,0,0.11862474,0,Low
7001032887,0,0.118624546,0,Low
7002200696,0,0.11860668,0,Low
7001373522,0,0.118597314,0,Low
7002082901,0,0.118572205,0,Low
7001167935,0,0.11854926,0,Low
7000732147,0,0.11848813,0,Low
7002359092,0,0.11844727,0,Low
7002220087,0,0.11843243,0,Low
7000602963,0,0.1184222,0,Low
7001378657,0,0.11837146,0,Low
7002382175,0,0.11832671,0,Low
7000261543,0,0.11831827,0,Low
7000496096,0,0.118276544,0,Low
7001332856,0,0.11821625,0,Low
7001389390,0,0.11818864,0,Low
7001090640,0,0.118123494,0,Low
7000674046,0,0.118056506,0,Low
7001937082,0,0.11803906,0,Low
7000531847,0,0.1180332,0,Low
7001430947,0,0.11800724,0,Low
7001694119,0,0.11800461,0,Low
7001416076,0,0.117983766,0,Low
7001014800,0,0.117964864,0,Low
7001474952,0,0.11792594,0,Low
7001673890,0,0.11791739,0,Low
7001120384,0,0.11790901,0,Low
7001833059,0,0.11787774,0,Low
7001106281,0,0.11786073,0,Low
7002187296,0,0.11783416,0,Low
7002010301,0,0.117823854,0,Low
7000415988,0,0.11781678,0,Low
7002008570,0,0.11779073,0,Low
7000024535,0,0.117767036,0,Low
7001774293,0,0.11773647,0,Low
7001223678,0,0.11771349,0,Low
7001602716,0,0.11766599,0,Low
7001748107,0,0.11766132,0,Low
7000245752,0,0.117642865,0,Low
7001355468,0,0.11764114,0,Low
7000909157,0,0.11756003,0,Low
7000726468,0,0.11751184,0,Low
7000463839,0,0.11751011,0,Low
7001700261,0,0.11750338,0,Low
7000853072,0,0.117501214,0,Low
7000287141,0,0.117491245,0,Low
7000112438,0,0.117452845,0,Low
7000283961,0,0.11743472,0,Low
7000376596,0,0.11739094,0,Low
7001443573,0,0.117386945,0,Low
7000631626,0,0.11732807,0,Low
7002108088,0,0.11730037,0,Low
7000732997,0,0.117296785,0,Low
7001189533,0,0.11727539,0,Low
7001278030,0,0.117232025,0,Low
7001246846,0,0.11721012,0,Low
7000513039,0,0.11720268,0,Low
7000249646,0,0.11718887,0,Low
7001156989,0,0.11714226,0,Low
7000256647,0,0.11713857,0,Low
7001469461,0,0.11711808,0,Low
7001912188,0,0.11710723,0,Low
7000257291,0,0.117089786,0,Low
7002155433,0,0.11707467,0,Low
7000048675,0,0.11704966,0,Low
7001582451,0,0.117036514,0,Low
7002060612,0,0.11703544,0,Low
7000288324,0,0.11703374,0,Low
7001042042,0,0.117016114,0,Low
7001592980,0,0.11691849,0,Low
7001238200,0,0.11691635,0,Low
7001368845,0,0.11691085,0,Low
7001643840,0,0.11686762,0,Low
7001558322,1,0.11674909,0,Low
7000841253,0,0.11674739,0,Low
7001144740,0,0.11670009,0,Low
7000436895,0,0.1166932,0,Low
7002087599,0,0.11662614,0,Low
7002127573,0,0.11661576,0,Low
7002202962,0,0.1165789,0,Low
7001037177,0,0.116572484,0,Low
7001160198,0,0.11649244,0,Low
7000104164,0,0.11648463,0,Low
7001057870,0,0.116456546,0,Low
7000792898,0,0.11644735,0,Low
7001016086,0,0.11641176,0,Low
7001334429,0,0.11640257,0,Low
7001834164,0,0.11636436,0,Low
7001384234,0,0.11624653,0,Low
7000913887,0,0.11621679,0,Low
7001983023,0,0.11617762,0,Low
7000658045,0,0.116134904,0,Low
7001260166,0,0.116132,0,Low
7000624038,0,0.11611853,0,Low
7001992666,0,0.116066344,0,Low
7001659062,0,0.116055444,0,Low
7000156212,0,0.11605146,0,Low
7002101232,0,0.11604844,0,Low
7000148329,0,0.11602973,0,Low
7000177111,0,0.11601516,0,Low
7001267657,0,0.11600183,0,Low
7000857635,0,0.115997285,0,Low
7000910925,0,0.115917854,0,Low
7002317742,0,0.115868926,0,Low
7000217034,0,0.115789786,0,Low
7001281130,0,0.11572723,0,Low
7001548201,0,0.11572307,0,Low
7000142181,0,0.11571748,0,Low
7000565049,0,0.115613036,0,Low
7000944990,0,0.11559389,0,Low
7001853201,0,0.11559297,0,Low
7000800277,0,0.1155501,0,Low
7001990695,0,0.11551344,0,Low
7001578309,0,0.11550033,0,Low
7001702555,0,0.11545498,0,Low
7001340039,0,0.11542204,0,Low
7001438750,0,0.11535576,0,Low
7000740083,0,0.1152354,0,Low
7000782206,0,0.115229346,0,Low
7000169258,0,0.11522274,0,Low
7000377488,0,0.11521182,0,Low
7002403238,0,0.11512446,0,Low
7001940585,0,0.1151127,0,Low
7000991537,0,0.11509197,0,Low
7002372784,0,0.115013905,0,Low
7001692681,0,0.11500606,0,Low
7001153662,0,0.11498948,0,Low
7002232968,0,0.11495809,0,Low
7001666562,0,0.11486853,0,Low
7001022586,0,0.114827335,0,Low
7000560018,0,0.114823826,0,Low
7000582116,0,0.11479315,0,Low
7001987517,0,0.11477556,0,Low
7000822528,0,0.11472768,0,Low
7001842427,0,0.114712805,0,Low
7001342186,0,0.11449701,0,Low
7001526949,0,0.114476226,0,Low
7001773698,0,0.114473715,0,Low
7000766538,0,0.11442454,0,Low
7001125829,0,0.11439808,0,Low
7002096139,0,0.11438966,0,Low
7000671207,0,0.11435603,0,Low
7000236903,0,0.11435059,0,Low
7002235391,0,0.114341296,0,Low
7001146221,0,0.11425122,0,Low
7000146030,0,0.114246756,0,Low
7000090564,0,0.11423564,0,Low
7001768728,0,0.11422868,0,Low
7001221844,0,0.11422508,0,Low
7001086371,0,0.11421001,0,Low
7001914609,0,0.11420914,0,Low
7001937149,0,0.114204705,0,Low
7001415425,0,0.1141823,0,Low
7000086765,0,0.114175834,0,Low
7000036435,0,0.11413994,0,Low
7000044778,0,0.11413425,0,Low
7000152542,0,0.11409895,0,Low
7001104796,0,0.11405354,0,Low
7001307304,0,0.113948055,0,Low
7000791885,0,0.11392921,0,Low
7001705265,0,0.11386423,0,Low
7002235383,0,0.113848664,0,Low
7000338592,0,0.11383036,0,Low
7000867776,0,0.11382011,0,Low
7001820978,0,0.11379415,0,Low
7001128592,0,0.11372756,0,Low
7000588333,0,0.113712974,0,Low
7002065103,0,0.11370814,0,Low
7001968114,0,0.11349714,0,Low
7000113444,0,0.11349205,0,Low
7001045649,0,0.113477655,0,Low
7001355777,0,0.11343214,0,Low
7001313863,0,0.1133998,0,Low
7000018672,0,0.11336283,0,Low
7000000296,0,0.1133369,0,Low
7001582799,0,0.1133363,0,Low
7002410282,0,0.113308035,0,Low
7001922432,0,0.113251604,0,Low
7001358695,0,0.113208294,0,Low
7002156136,0,0.11320707,0,Low
7000571437,0,0.113193005,0,Low
7001014099,0,0.11316768,0,Low
7000727563,0,0.11301795,0,Low
7000625055,0,0.11297748,0,Low
7000636026,0,0.11297108,0,Low
7001808468,0,0.11289187,0,Low
7001498055,0,0.11287901,0,Low
7000442416,0,0.112857066,0,Low
7001435066,0,0.11283766,0,Low
7002144634,0,0.112801515,0,Low
7000607732,0,0.112747245,0,Low
7001380093,0,0.11270208,0,Low
7000385906,0,0.11267715,0,Low
7002064499,0,0.11267117,0,Low
7000267132,0,0.112657174,0,Low
7000710757,0,0.11262829,0,Low
7000136260,0,0.11254393,0,Low
7001232047,0,0.11254047,0,Low
7002297272,0,0.11253182,0,Low
7000348855,0,0.112526774,0,Low
7001283630,0,0.11251656,0,Low
7000949113,0,0.11250691,0,Low
7000405187,0,0.11249642,0,Low
7000487592,1,0.1124302,0,Low
7000065780,0,0.11237186,0,Low
7000955082,0,0.11236485,0,Low
7000761234,0,0.11235676,0,Low
7000348257,0,0.11227477,0,Low
7001893226,0,0.11226903,0,Low
7002406859,0,0.112267286,0,Low
7001208735,0,0.11226594,0,Low
7001323223,0,0.11224364,0,Low
7000356019,0,0.11224175,0,Low
7000452115,0,0.11215466,0,Low
7001419767,0,0.112107866,0,Low
7000030798,0,0.11207091,0,Low
7002249960,0,0.11205713,0,Low
7001771517,0,0.11204595,0,Low
7001580247,0,0.11203295,0,Low
7001812732,0,0.112030484,0,Low
7001851053,0,0.11201739,0,Low
7001203299,0,0.11199942,0,Low
7001405237,0,0.111943774,0,Low
7000810102,0,0.11193061,0,Low
7000430824,0,0.11192965,0,Low
7001834862,0,0.11191432,0,Low
7000060567,0,0.11190941,0,Low
7001308591,0,0.111899875,0,Low
7001818850,0,0.11184579,0,Low
7000249223,0,0.111803025,0,Low
7001085407,0,0.11173331,0,Low
7000377504,0,0.11168814,0,Low
7000517818,0,0.111668125,0,Low
7001200588,0,0.11160264,0,Low
7002311565,0,0.111599125,0,Low
7000176799,0,0.11156298,0,Low
7000053701,0,0.11153251,0,Low
7002006297,0,0.1115267,0,Low
7000004331,0,0.111514695,0,Low
7000547675,0,0.111487016,0,Low
7002002444,0,0.1114562,0,Low
7001782407,0,0.1114485,0,Low
7001600631,0,0.111444764,0,Low
7001159410,0,0.111442365,0,Low
7002207730,0,0.11143561,0,Low
7000625967,0,0.11141521,0,Low
7000448603,0,0.11131274,0,Low
7001962350,0,0.11131188,0,Low
7001627349,0,0.1113106,0,Low
7000241684,0,0.11129796,0,Low
7001855255,0,0.11126724,0,Low
7000363569,0,0.11121894,0,Low
7001685701,0,0.11118434,0,Low
7000664188,0,0.11112409,0,Low
7001366936,0,0.11112322,0,Low
7001433847,0,0.11110767,0,Low
7000946945,0,0.11106835,0,Low
7001186462,0,0.110979356,0,Low
7002140588,0,0.11092642,0,Low
7002266373,0,0.11087379,0,Low
7001921957,0,0.11080282,0,Low
7001948105,0,0.11080257,0,Low
7000724215,0,0.110796034,0,Low
7000712081,0,0.11078267,0,Low
7000404148,0,0.11076573,0,Low
7001658976,0,0.110761605,0,Low
7001027524,0,0.11075449,0,Low
7001699916,0,0.11075246,0,Low
7000124570,0,0.11068197,0,Low
7002308922,0,0.11064418,0,Low
7000701096,0,0.11060751,0,Low
7000376649,0,0.110583924,0,Low
7002291380,0,0.11057982,0,Low
7002250017,0,0.11054807,0,Low
7002401705,0,0.11052308,0,Low
7001621418,0,0.11049707,0,Low
7002037271,1,0.11045687,0,Low
7001485004,0,0.110450305,0,Low
7001405412,0,0.11043569,0,Low
7001209628,0,0.11038874,0,Low
7001132744,0,0.110387266,0,Low
7002363688,0,0.11037963,0,Low
7000845018,0,0.11035807,0,Low
7001119274,0,0.1103432,0,Low
7000609849,0,0.1103426,0,Low
7001663207,0,0.11034023,0,Low
7002032600,0,0.11033967,0,Low
7001480757,0,0.110300824,0,Low
7002291758,0,0.11028047,0,Low
7001165842,0,0.11023241,0,Low
7000372900,0,0.110229656,0,Low
7001880330,0,0.110221915,0,Low
7001190859,0,0.11021344,0,Low
7000569336,0,0.110166684,0,Low
7000580028,0,0.11014605,0,Low
7001052020,0,0.110087365,0,Low
7001494206,0,0.110082604,0,Low
7000697564,0,0.11007335,0,Low
7001507743,0,0.11004815,0,Low
7001712053,0,0.110028096,0,Low
7000776327,0,0.11001071,0,Low
7001740275,0,0.11000859,0,Low
7000933099,0,0.10995981,0,Low
7001113757,0,0.10995535,0,Low
7000768000,0,0.10984581,0,Low
7000808234,0,0.10983657,0,Low
7001482617,0,0.10978749,0,Low
7002131091,0,0.10977501,0,Low
7000844844,0,0.10973643,0,Low
7001407491,0,0.10973288,0,Low
7001269605,0,0.10972051,0,Low
7001287835,0,0.10969344,0,Low
7001718170,0,0.10966673,0,Low
7000679149,0,0.10965027,0,Low
7000091814,0,0.10964909,0,Low
7000216495,0,0.109635025,0,Low
7001419309,0,0.10955045,0,Low
7000957896,0,0.109548405,0,Low
7001331376,0,0.10954189,0,Low
7000438059,0,0.109535806,0,Low
7001065541,0,0.10952899,0,Low
7002360793,0,0.109514154,0,Low
7001253488,0,0.10944106,0,Low
7001476065,0,0.109428234,0,Low
7001935708,0,0.10940251,0,Low
7000440408,0,0.1093533,0,Low
7000175219,0,0.1092876,0,Low
7002092759,0,0.109265454,0,Low
7002071040,0,0.109248936,0,Low
7002247058,0,0.10920711,0,Low
7001255115,0,0.10919301,0,Low
7002371800,0,0.109186426,0,Low
7002258353,0,0.109183155,0,Low
7002210757,0,0.109174766,0,Low
7000486985,0,0.10915457,0,Low
7001967377,0,0.10915078,0,Low
7000761311,0,0.10912494,0,Low
7000065836,0,0.10910373,0,Low
7001498719,0,0.10909174,0,Low
7000436204,0,0.10906981,0,Low
7001076860,0,0.10906436,0,Low
7000963253,0,0.109032795,0,Low
7000871700,0,0.10896864,0,Low
7002339740,0,0.10894475,0,Low
7001697847,0,0.108894415,0,Low
7000988258,0,0.108884215,0,Low
7000210816,0,0.10885921,0,Low
7000241397,0,0.10882981,0,Low
7002393524,0,0.108826004,0,Low
7002260249,0,0.10881908,0,Low
7000831103,0,0.108785406,0,Low
7001087981,0,0.1087415,0,Low
7000605832,0,0.108711645,0,Low
7002339367,0,0.10868996,0,Low
7000411874,0,0.10867427,0,Low
7002361365,0,0.10860854,0,Low
7000730468,0,0.10856663,0,Low
7001377016,0,0.10854843,0,Low
7001653417,0,0.10851645,0,Low
7000595903,0,0.10843462,0,Low
7001015850,0,0.10843013,0,Low
7002048151,0,0.10842926,0,Low
7001384172,1,0.10841174,0,Low
7002050715,0,0.10841026,0,Low
7001315681,0,0.108403005,0,Low
7002092209,0,0.10834815,0,Low
7000484377,0,0.108341604,0,Low
7001365323,0,0.10830064,0,Low
7000627690,0,0.10829246,0,Low
7002323666,0,0.10828968,0,Low
7001448696,0,0.10828687,0,Low
7001022343,0,0.108273044,0,Low
7000222005,0,0.10819859,0,Low
7001761432,0,0.108191736,0,Low
7001246454,0,0.10816593,0,Low
7002260489,0,0.10814595,0,Low
7001411605,0,0.1081324,0,Low
7000554214,0,0.10810084,0,Low
7000201257,0,0.108082265,0,Low
7000228106,0,0.10807507,0,Low
7000308299,0,0.10805973,0,Low
7001432503,0,0.10803863,0,Low
7001986336,0,0.10802682,0,Low
7002091498,0,0.1080179,0,Low
7001140334,0,0.10798255,0,Low
7000277291,0,0.10797817,0,Low
7001854249,0,0.10796205,0,Low
7002163619,0,0.10793058,0,Low
7001822620,0,0.10790861,0,Low
7000645455,0,0.10789456,0,Low
7000798559,0,0.1078925,0,Low
7001912930,0,0.10788652,0,Low
7002194996,0,0.10781229,0,Low
7000101825,0,0.107726164,0,Low
7002195770,0,0.10770064,0,Low
7000083569,0,0.10766252,0,Low
7001423326,0,0.10765776,0,Low
7002023976,0,0.10765146,0,Low
7000260564,0,0.10763273,0,Low
7002261430,0,0.10757441,0,Low
7001342519,0,0.10756844,0,Low
7001464106,0,0.10756542,0,Low
7001710155,0,0.10749936,0,Low
7000588148,0,0.1074779,0,Low
7002111487,1,0.10746631,0,Low
7000838033,0,0.107442275,0,Low
7001069856,0,0.107434824,0,Low
7000079411,0,0.107432954,0,Low
7001309346,0,0.10737793,0,Low
7001189762,0,0.10737007,0,Low
7000406659,0,0.10735755,0,Low
7001613858,0,0.10721978,0,Low
7000544995,0,0.1071866,0,Low
7001466043,0,0.10714563,0,Low
7000261149,0,0.10710675,0,Low
7000764109,0,0.107083336,0,Low
7001160541,0,0.10701302,0,Low
7000409675,0,0.1069975,0,Low
7000837994,0,0.10698597,0,Low
7000758881,0,0.10697203,0,Low
7001824626,0,0.10692105,0,Low
7000905852,0,0.10690144,0,Low
7002032852,0,0.1068249,0,Low
7001969924,0,0.10680829,0,Low
7000333297,0,0.1067205,0,Low
7000458665,0,0.10663784,0,Low
7002017269,0,0.106526144,0,Low
7001795711,0,0.10649683,0,Low
7001504816,0,0.1064817,0,Low
7001130339,0,0.10646049,0,Low
7001106936,0,0.106452554,0,Low
7001705997,0,0.10644917,0,Low
7000699758,0,0.10637586,0,Low
7000736614,0,0.10634024,0,Low
7001250813,0,0.10632965,0,Low
7001538257,0,0.10631527,0,Low
7000134636,0,0.10631093,0,Low
7001530110,0,0.10631033,0,Low
7001875836,0,0.10629251,0,Low
7000350528,1,0.10628607,0,Low
7000942450,0,0.10628028,0,Low
7000103132,0,0.10624029,0,Low
7002320708,0,0.106231995,0,Low
7001572822,0,0.10621041,0,Low
7001706655,0,0.106197275,0,Low
7000800273,0,0.10617128,0,Low
7001268078,0,0.10615655,0,Low
7001090627,0,0.10613013,0,Low
7001136413,0,0.10611589,0,Low
7000593026,0,0.106101215,0,Low
7001168146,0,0.10606072,0,Low
7001039274,0,0.10596945,0,Low
7001408011,0,0.105925314,0,Low
7002245548,0,0.105924174,0,Low
7000049413,0,0.10589602,0,Low
7000597503,0,0.105878994,0,Low
7000380261,0,0.10587577,0,Low
7001394913,0,0.10581428,0,Low
7000884466,0,0.105803475,0,Low
7001746395,0,0.105769984,0,Low
7000629889,0,0.10571885,0,Low
7000649955,0,0.10568249,0,Low
7001743977,1,0.10567552,0,Low
7001298258,0,0.10565783,0,Low
7002062811,0,0.10564435,0,Low
7001239467,0,0.105635755,0,Low
7001751932,0,0.10560739,0,Low
7000506489,0,0.1054876,0,Low
7000566702,0,0.10547172,0,Low
7000518710,0,0.105447814,0,Low
7001412263,0,0.10544745,0,Low
7001159394,0,0.10540799,0,Low
7000510485,0,0.10539439,0,Low
7001289637,0,0.1053812,0,Low
7002227191,0,0.10535231,0,Low
7001953708,0,0.10533713,0,Low
7002333032,0,0.105268106,0,Low
7001123676,0,0.10524484,0,Low
7001210400,0,0.105236664,0,Low
7001824605,0,0.10520602,0,Low
7001228774,0,0.10520478,0,Low
7000134146,0,0.10520343,0,Low
7002325704,0,0.10515015,0,Low
7001567076,0,0.105142504,0,Low
7000200787,0,0.105117925,0,Low
7002198540,0,0.10510767,0,Low
7001548952,0,0.10509375,0,Low
7002175060,0,0.105045475,0,Low
7000054349,0,0.10500375,0,Low
7002083561,0,0.10497548,0,Low
7001373260,0,0.10496912,0,Low
7001964484,0,0.10496417,0,Low
7000906256,0,0.10488929,0,Low
7002173149,0,0.10486317,0,Low
7002199639,0,0.10481546,0,Low
7000548185,0,0.10481359,0,Low
7002183253,0,0.10479887,0,Low
7001676918,0,0.10477035,0,Low
7002182376,0,0.104751766,0,Low
7001237853,0,0.104687214,0,Low
7001129077,0,0.104629755,0,Low
7000627516,0,0.10459248,0,Low
7001331508,0,0.1045815,0,Low
7002160874,0,0.104580335,0,Low
7001247500,0,0.10457754,0,Low
7000057322,0,0.104576245,0,Low
7001791861,0,0.104543455,0,Low
7002003945,0,0.10453808,0,Low
7002249089,0,0.104505874,0,Low
7000767614,0,0.104440026,0,Low
7001832591,0,0.10443281,0,Low
7001924185,0,0.10442373,0,Low
7001923973,0,0.10438779,0,Low
7000753918,0,0.1043744,0,Low
7000926969,0,0.104363926,0,Low
7000345862,0,0.10436263,0,Low
7001434141,0,0.10431905,0,Low
7000053185,0,0.10431854,0,Low
7001549002,0,0.104281455,0,Low
7002031319,0,0.10418359,0,Low
7002145494,0,0.10417686,0,Low
7000800821,0,0.10405878,0,Low
7001858502,0,0.10402938,0,Low
7000780231,0,0.10400727,0,Low
7001820449,0,0.10399401,0,Low
7001549830,0,0.10394632,0,Low
7000651979,0,0.10391147,0,Low
7001373283,0,0.10387328,0,Low
7000901838,0,0.10381154,0,Low
7002302604,0,0.1037877,0,Low
7000631934,0,0.10378264,0,Low
7000533291,0,0.10376829,0,Low
7000823938,0,0.10372774,0,Low
7000238615,0,0.103655376,0,Low
7000185086,0,0.103654094,0,Low
7000040590,0,0.10358905,0,Low
7000629960,0,0.10354483,0,Low
7001003170,0,0.103531525,0,Low
7000926266,0,0.103517964,0,Low
7000074547,0,0.1034896,0,Low
7000269470,0,0.10344178,0,Low
7002375905,0,0.103398256,0,Low
7000764860,0,0.10338172,0,Low
7002134602,0,0.103341185,0,Low
7000270492,0,0.10332381,0,Low
7002206354,0,0.10330908,0,Low
7001491558,0,0.10330493,0,Low
7000124581,0,0.10328973,0,Low
7001548387,0,0.10325858,0,Low
7000157824,0,0.10314697,0,Low
7001371937,0,0.10310342,0,Low
7000348408,0,0.10309621,0,Low
7000232002,0,0.10308966,0,Low
7000210980,0,0.103083044,0,Low
7001457793,0,0.10304179,0,Low
7002222346,0,0.103041016,0,Low
7000340702,0,0.10297478,0,Low
7000901735,0,0.10297399,0,Low
7000742620,0,0.10297,0,Low
7001833600,0,0.10296842,0,Low
7000502627,0,0.102964826,0,Low
7001926933,0,0.10296357,0,Low
7002359834,0,0.1029362,0,Low
7001287708,0,0.10279046,0,Low
7002078487,0,0.10273963,0,Low
7002292745,0,0.10273688,0,Low
7001912028,0,0.10265926,0,Low
7002281934,0,0.10264513,0,Low
7000995264,0,0.10263557,0,Low
7000689393,0,0.10262365,0,Low
7000032949,0,0.102508254,0,Low
7002173734,0,0.102505706,0,Low
7000196128,0,0.102475055,0,Low
7001529089,0,0.102474116,0,Low
7001567181,0,0.10247176,0,Low
7000590283,0,0.102455914,0,Low
7002055464,0,0.10245035,0,Low
7000004764,0,0.10239833,0,Low
7002169363,0,0.10239546,0,Low
7000192596,1,0.10239283,0,Low
7001507555,0,0.10238476,0,Low
7002036887,0,0.1023652,0,Low
7002322360,0,0.102337025,0,Low
7001209519,0,0.10232783,0,Low
7000487481,0,0.102325074,0,Low
7001710980,0,0.102217615,0,Low
7000935403,0,0.10221024,0,Low
7000409825,0,0.10219426,0,Low
7001340276,0,0.10218349,0,Low
7001669816,0,0.102154255,0,Low
7001516607,0,0.10213486,0,Low
7000816197,0,0.102122545,0,Low
7000151337,0,0.1020827,0,Low
7000330930,0,0.10205451,0,Low
7000501140,0,0.101972505,0,Low
7001710457,0,0.10195831,0,Low
7002054241,0,0.10194189,0,Low
7001468824,0,0.101938225,0,Low
7001703645,0,0.101887956,0,Low
7001393407,0,0.10187436,0,Low
7001051562,0,0.10186587,0,Low
7000061845,0,0.10183634,0,Low
7001139041,0,0.10181815,0,Low
7001622907,0,0.10178013,0,Low
7001674209,0,0.10176207,0,Low
7000627191,0,0.101717226,0,Low
7001578958,0,0.10170847,0,Low
7001412259,0,0.10169534,0,Low
7001595522,0,0.10159347,0,Low
7001669794,0,0.10152731,0,Low
7001612059,0,0.101503566,0,Low
7001934608,0,0.1014715,0,Low
7001130093,0,0.10145883,0,Low
7000874791,0,0.101449415,0,Low
7001806855,0,0.10143303,0,Low
7001905693,0,0.10143172,0,Low
7000482965,0,0.101426445,0,Low
7001356307,0,0.101418234,0,Low
7002338927,0,0.10141085,0,Low
7001464150,0,0.10137806,0,Low
7001701270,0,0.10134803,0,Low
7001783091,0,0.10133529,0,Low
7000419624,0,0.10132107,0,Low
7001484930,0,0.10131799,0,Low
7002239063,0,0.10130613,0,Low
7002344555,0,0.101252854,0,Low
7001348513,0,0.1012194,0,Low
7001663133,0,0.10120822,0,Low
7000168003,0,0.101193644,0,Low
7001391499,0,0.10115546,0,Low
7000024566,0,0.101133175,0,Low
7000618834,0,0.101126716,0,Low
7001883511,0,0.10109633,0,Low
7000160080,0,0.10109296,0,Low
7002079995,0,0.10101542,0,Low
7002241429,0,0.10099888,0,Low
7001869869,0,0.10099151,0,Low
7002203034,0,0.10097977,0,Low
7002390716,0,0.10097401,0,Low
7000448970,0,0.1009441,0,Low
7001958614,0,0.10093125,0,Low
7002124957,0,0.10092526,0,Low
7001788213,0,0.1009126,0,Low
7001282203,0,0.100904204,0,Low
7001962848,0,0.100889266,0,Low
7001928053,0,0.10079959,0,Low
7002365800,0,0.100777976,0,Low
7001268826,0,0.10074035,0,Low
7000381714,0,0.100722946,0,Low
7001542270,0,0.100695,0,Low
7000482258,0,0.10068343,0,Low
7002171878,0,0.10066163,0,Low
7001541906,0,0.10064414,0,Low
7000074651,0,0.10060826,0,Low
7001204172,0,0.10058621,0,Low
7000838880,0,0.10057854,0,Low
7000829603,0,0.10057155,0,Low
7001030461,0,0.10049198,0,Low
7000558270,0,0.100474305,0,Low
7000333602,0,0.10046737,0,Low
7000754969,0,0.10044566,0,Low
7000156598,0,0.10041272,0,Low
7001325872,0,0.100409314,0,Low
7001624405,0,0.100404166,0,Low
7001216508,0,0.100368194,0,Low
7001205500,0,0.10036724,0,Low
7001940154,0,0.100343026,0,Low
7000248017,0,0.10029824,0,Low
7001346985,0,0.10028585,0,Low
7002319759,0,0.10024583,0,Low
7001981438,0,0.10023837,0,Low
7000650812,0,0.10023785,0,Low
7000269411,0,0.10023656,0,Low
7000066738,0,0.10022333,0,Low
7001482439,0,0.100202315,0,Low
7002376971,0,0.100165315,0,Low
7000390524,0,0.10014181,0,Low
7000120284,0,0.10008743,0,Low
7002077333,0,0.10005329,0,Low
7001897085,0,0.10003746,0,Low
7000149370,0,0.099987574,0,Low
7001001917,0,0.09994632,0,Low
7002007238,0,0.09993495,0,Low
7002317715,0,0.099905856,0,Low
7002270467,0,0.099896185,0,Low
7000528622,0,0.099878676,0,Low
7001680443,0,0.09986843,0,Low
7001532164,0,0.0998536,0,Low
7001020785,0,0.09984737,0,Low
7001242065,0,0.09983573,0,Low
7002205236,0,0.09980711,0,Low
7002133588,0,0.09980205,0,Low
7000528600,0,0.09979764,0,Low
7001065659,0,0.09979646,0,Low
7001598947,0,0.099770926,0,Low
7001499492,0,0.09976316,0,Low
7000455158,0,0.099747874,0,Low
7001390433,0,0.099690594,0,Low
7000398150,0,0.09961609,0,Low
7000718395,0,0.0995885,0,Low
7002256467,0,0.099580444,0,Low
7000175860,0,0.09957905,0,Low
7001093435,0,0.09957191,0,Low
7000969583,0,0.099505834,0,Low
7002166568,0,0.099491805,0,Low
7000888618,0,0.09946976,0,Low
7001744621,0,0.099430114,0,Low
7001033660,0,0.09942544,0,Low
7001633519,0,0.099409476,0,Low
7001697665,0,0.09937774,0,Low
7000004384,0,0.09937503,0,Low
7002091581,0,0.09935974,0,Low
7001233064,0,0.099339314,0,Low
7000815372,0,0.09933293,0,Low
7001868417,0,0.099320605,0,Low
7002024030,0,0.099275894,0,Low
7001452560,0,0.09925543,0,Low
7001250975,0,0.09924614,0,Low
7001505121,0,0.09923969,0,Low
7000323934,0,0.09922397,0,Low
7002409305,0,0.09918626,0,Low
7000954143,0,0.09918021,0,Low
7001831073,0,0.09917595,0,Low
7001825408,0,0.09917103,0,Low
7001798628,1,0.09911014,0,Low
7001239079,0,0.09910146,0,Low
7001927979,0,0.098925926,0,Low
7000053609,0,0.09890774,0,Low
7000729619,0,0.098816484,0,Low
7000731640,0,0.098792285,0,Low
7000160631,0,0.098776065,0,Low
7000582000,0,0.098765224,0,Low
7000767605,0,0.09874672,0,Low
7002196144,0,0.09874407,0,Low
7001773487,0,0.09869812,0,Low
7002182108,0,0.098695785,0,Low
7000727476,0,0.098654225,0,Low
7000943035,0,0.09864123,0,Low
7001054588,0,0.09862856,0,Low
7001857522,0,0.09861985,0,Low
7000698197,0,0.098568864,0,Low
7001559389,0,0.098557234,0,Low
7001577164,0,0.098548174,0,Low
7000709357,0,0.09849652,0,Low
7000474903,1,0.09843191,0,Low
7000116925,0,0.09835742,0,Low
7001427152,0,0.098333165,0,Low
7001414200,0,0.09832657,0,Low
7000243955,0,0.09831143,0,Low
7000676921,0,0.09830421,0,Low
7001966544,0,0.09826713,0,Low
7000774835,0,0.098258466,0,Low
7001424457,0,0.098242156,0,Low
7000703780,0,0.098234974,0,Low
7001467684,0,0.09820822,0,Low
7001680109,0,0.098097,0,Low
7000317246,0,0.09806247,0,Low
7000267842,0,0.0980587,0,Low
7001211634,0,0.09804444,0,Low
7000271583,0,0.09802636,0,Low
7001393119,0,0.098007575,0,Low
7001905401,0,0.09799183,0,Low
7000353539,0,0.09797744,0,Low
7002051134,0,0.097955465,0,Low
7000078848,0,0.097859696,0,Low
7001711658,0,0.097845405,0,Low
7000140686,0,0.097832374,0,Low
7000761054,0,0.09783177,0,Low
7000103661,0,0.097783566,0,Low
7000244525,0,0.09777777,0,Low
7002133355,0,0.097766116,0,Low
7001494365,0,0.09776052,0,Low
7002187311,0,0.0977302,0,Low
7000630941,0,0.09769779,0,Low
7000919238,0,0.097690955,0,Low
7000043597,0,0.09768398,0,Low
7000118978,0,0.09767301,0,Low
7001814104,0,0.09764248,0,Low
7001329258,0,0.09762971,0,Low
7001830266,0,0.097611435,0,Low
7001266775,0,0.09757279,0,Low
7001414982,0,0.09751441,0,Low
7001151221,0,0.09749255,0,Low
7000083729,0,0.09748465,0,Low
7001177501,0,0.09740109,0,Low
7001832704,0,0.0973988,0,Low
7001170172,0,0.09737612,0,Low
7000298762,0,0.09737302,0,Low
7000676191,0,0.09736366,0,Low
7002331865,0,0.09734334,0,Low
7000500538,0,0.09732019,0,Low
7002048600,0,0.097308666,0,Low
7001438289,0,0.09729319,0,Low
7002023040,0,0.097287856,0,Low
7000066006,0,0.09727046,0,Low
7001253262,0,0.09724552,0,Low
7000996842,0,0.09722638,0,Low
7001022669,0,0.097226016,0,Low
7000436406,0,0.09719706,0,Low
7001928496,0,0.097162254,0,Low
7001620477,0,0.09715397,0,Low
7000935603,0,0.097152784,0,Low
7000986598,0,0.09714916,0,Low
7000942645,0,0.09711826,0,Low
7002077501,0,0.09710563,0,Low
7000421333,0,0.097080655,0,Low
7001724954,0,0.09708057,0,Low
7001923406,0,0.09699286,0,Low
7000789964,0,0.09697828,0,Low
7002394453,0,0.09697149,0,Low
7000147258,0,0.09696874,0,Low
7001753207,0,0.09695139,0,Low
7002082707,0,0.096929476,0,Low
7002260237,0,0.09692672,0,Low
7001464723,0,0.09692395,0,Low
7001196812,0,0.09692083,0,Low
7002188492,0,0.096863315,0,Low
7001659773,0,0.096856624,0,Low
7000336498,0,0.09680377,0,Low
7000984799,0,0.096711814,0,Low
7000321254,0,0.09668532,0,Low
7000715011,0,0.096636735,0,Low
7000452614,0,0.096615195,0,Low
7000690908,0,0.09659569,0,Low
7000710489,0,0.09659485,0,Low
7001297217,0,0.096559994,0,Low
7002125655,0,0.096557215,0,Low
7002271818,0,0.096471354,0,Low
7001167163,0,0.096461274,0,Low
7001499336,0,0.09643973,0,Low
7000599593,0,0.09643864,0,Low
7000456101,0,0.09641254,0,Low
7001738222,0,0.0963829,0,Low
7001511912,0,0.09638261,0,Low
7001178419,0,0.096340254,0,Low
7000582485,0,0.0962857,0,Low
7001874976,0,0.09627014,0,Low
7002289437,0,0.09624283,0,Low
7000163732,0,0.096237995,0,Low
7000837256,0,0.096176304,0,Low
7001777127,0,0.09616993,0,Low
7000313601,0,0.09615496,0,Low
7001054047,0,0.096140996,0,Low
7001698764,0,0.096116245,0,Low
7000826846,0,0.096046895,0,Low
7002109072,0,0.09603327,0,Low
7002025033,0,0.096033,0,Low
7001395480,0,0.096000455,0,Low
7001024217,0,0.09598495,0,Low
7001699165,0,0.09596739,0,Low
7001766379,0,0.095958956,0,Low
7000792930,0,0.09593788,0,Low
7000447431,0,0.09587952,0,Low
7002382135,0,0.09587905,0,Low
7000867527,0,0.095806226,0,Low
7001295969,0,0.09577649,0,Low
7000713337,0,0.095738925,0,Low
7002012285,0,0.0957313,0,Low
7000195575,0,0.09571172,0,Low
7001270725,0,0.095699176,0,Low
7001134940,0,0.09568575,0,Low
7000222913,0,0.09565068,0,Low
7000918710,0,0.09563111,0,Low
7002057516,0,0.095605984,0,Low
7001862470,0,0.09557418,0,Low
7000475237,0,0.095549054,0,Low
7000334213,0,0.09553871,0,Low
7001749385,0,0.09548221,0,Low
7000100129,0,0.095480815,0,Low
7000822889,0,0.09547494,0,Low
7002174800,0,0.095417604,0,Low
7000361195,0,0.09540908,0,Low
7002136226,0,0.09539005,0,Low
7000497076,0,0.09538435,0,Low
7001490190,0,0.09537606,0,Low
7000338585,0,0.09534971,0,Low
7001407337,0,0.09534745,0,Low
7001647813,0,0.09532555,0,Low
7000438439,0,0.09531375,0,Low
7001525657,0,0.09526089,0,Low
7001575867,0,0.09520737,0,Low
7002272057,0,0.09520536,0,Low
7000394717,0,0.095201164,0,Low
7000785104,0,0.095183074,0,Low
7002231057,0,0.095173754,0,Low
7001418721,0,0.09516386,0,Low
7002038741,0,0.09516004,0,Low
7002305491,0,0.09508961,0,Low
7002253512,0,0.09507078,0,Low
7002282641,0,0.09503893,0,Low
7000289923,0,0.095037,0,Low
7000453318,0,0.094933055,0,Low
7000791626,0,0.094925076,0,Low
7001164613,0,0.094852775,0,Low
7001169008,0,0.09484152,0,Low
7002218136,0,0.094837226,0,Low
7001405268,0,0.094827704,0,Low
7001868951,0,0.09478018,0,Low
7001104457,0,0.09463755,0,Low
7000193645,0,0.094541684,0,Low
7000785303,0,0.094533175,0,Low
7002362077,0,0.094532095,0,Low
7001918616,0,0.09453005,0,Low
7000952770,0,0.094473846,0,Low
7000528043,0,0.09446563,0,Low
7001369481,0,0.094435714,0,Low
7001699658,0,0.094413005,0,Low
7000893262,0,0.094398305,0,Low
7001490932,0,0.09438331,0,Low
7001381328,0,0.09432744,0,Low
7001074312,0,0.09432606,0,Low
7001569478,0,0.094312675,0,Low
7002095460,0,0.09431136,0,Low
7000487399,0,0.09430854,0,Low
7002311692,0,0.09422559,0,Low
7000239679,0,0.09420606,0,Low
7000050446,0,0.094180115,0,Low
7000226180,0,0.09416739,0,Low
7000977620,0,0.094147764,0,Low
7002179406,0,0.094122715,0,Low
7001474620,0,0.09411231,0,Low
7001771124,0,0.09409292,0,Low
7001304067,0,0.0940876,0,Low
7000036754,0,0.09405044,0,Low
7000433151,0,0.09403683,0,Low
7000667635,0,0.09402049,0,Low
7001631464,0,0.09401535,0,Low
7002170071,0,0.09401395,0,Low
7001867175,0,0.0939946,0,Low
7001532463,0,0.093895145,0,Low
7000077452,0,0.093887985,0,Low
7001435082,0,0.09387172,0,Low
7002237928,0,0.09386047,0,Low
7001915230,0,0.09385382,0,Low
7001954633,0,0.093846574,0,Low
7000348080,0,0.09381961,0,Low
7001285306,0,0.093817316,0,Low
7001261958,0,0.09379057,0,Low
7001759972,0,0.09375795,0,Low
7001525180,0,0.09370248,0,Low
7000045707,1,0.093679704,0,Low
7000363213,0,0.09365408,0,Low
7000169327,0,0.0936348,0,Low
7002322167,0,0.09362951,0,Low
7001365342,0,0.093570106,0,Low
7000286492,0,0.09355769,0,Low
7001956608,1,0.09352221,0,Low
7000919224,0,0.09352069,0,Low
7002033456,0,0.093510896,0,Low
7000121126,0,0.0934912,0,Low
7001471299,0,0.093466766,0,Low
7000220228,0,0.09346091,0,Low
7000728286,0,0.093455955,0,Low
7000920774,0,0.09343273,0,Low
7002129999,1,0.09340626,0,Low
7002266857,0,0.09338934,0,Low
7001489488,0,0.093339935,0,Low
7001943830,0,0.09333618,0,Low
7001914828,0,0.09326283,0,Low
7000571195,0,0.09321151,0,Low
7002084924,0,0.09320988,0,Low
7000008453,0,0.09319931,0,Low
7001144111,0,0.09319854,0,Low
7001799961,0,0.093186244,0,Low
7000500004,0,0.09316529,0,Low
7001072473,0,0.09315551,0,Low
7002349879,0,0.09313845,0,Low
7000426154,0,0.09313464,0,Low
7001562954,0,0.09311022,0,Low
7002121820,0,0.093109675,0,Low
7000528267,0,0.09310389,0,Low
7000102554,0,0.09309725,0,Low
7001406288,0,0.09307036,0,Low
7002385880,0,0.0930636,0,Low
7002120945,0,0.09306149,0,Low
7000163961,0,0.093039535,0,Low
7000537964,0,0.09303362,0,Low
7002278624,0,0.093030095,0,Low
7002165299,1,0.093022436,0,Low
7000317324,0,0.09302149,0,Low
7000962963,0,0.092966855,0,Low
7000995100,0,0.09296084,0,Low
7000080777,0,0.09295477,0,Low
7000979488,0,0.09293316,0,Low
7002022473,0,0.09288818,0,Low
7001101720,0,0.09288209,0,Low
7000987459,0,0.09285646,0,Low
7000085547,0,0.092828445,0,Low
7001617919,0,0.092778966,0,Low
7001988384,0,0.09277008,0,Low
7001902037,0,0.092766844,0,Low
7000846765,0,0.09272552,0,Low
7001200445,0,0.09272172,0,Low
7001648719,0,0.09270791,0,Low
7000153790,0,0.0926811,0,Low
7000366343,0,0.09267495,0,Low
7001960055,0,0.09266911,0,Low
7001507262,0,0.0926621,0,Low
7000018790,0,0.092661634,0,Low
7001821697,0,0.092644855,0,Low
7001998718,0,0.09263624,0,Low
7001140268,0,0.09258281,0,Low
7000068606,0,0.09257366,0,Low
7000952039,0,0.09256138,0,Low
7001994417,0,0.09252292,0,Low
7001988358,0,0.09251263,0,Low
7001566761,0,0.09250768,0,Low
7000639133,0,0.09247702,0,Low
7000987797,0,0.09247016,0,Low
7001095052,0,0.09246775,0,Low
7000351527,0,0.09239176,0,Low
7001531088,0,0.092373446,0,Low
7001618287,0,0.092369795,0,Low
7000037820,0,0.092312016,0,Low
7000567660,0,0.09226037,0,Low
7001355543,0,0.09225652,0,Low
7002004590,0,0.09224464,0,Low
7001026869,0,0.09223973,0,Low
7001929080,0,0.092239305,0,Low
7002157526,0,0.092216894,0,Low
7000958501,0,0.09219301,0,Low
7000070406,0,0.09211611,0,Low
7002028498,0,0.09209502,0,Low
7001365225,0,0.092064224,0,Low
7001400449,0,0.09205504,0,Low
7001553925,0,0.09202243,0,Low
7001326545,0,0.09198864,0,Low
7001959065,0,0.091976374,0,Low
7001870337,0,0.09194693,0,Low
7002310923,0,0.09191875,0,Low
7002143599,0,0.09190557,0,Low
7001190100,0,0.09186232,0,Low
7002303428,0,0.091838464,0,Low
7000630971,0,0.091821015,0,Low
7000823924,0,0.091710106,0,Low
7001847309,0,0.09169536,0,Low
7001769533,0,0.091685034,0,Low
7000798439,0,0.09164053,0,Low
7000621958,0,0.091623254,0,Low
7000709670,0,0.09161851,0,Low
7000849470,0,0.0915473,0,Low
7001522709,0,0.09153844,0,Low
7000269357,0,0.09152334,0,Low
7001464203,0,0.09152071,0,Low
7001430617,0,0.091496766,0,Low
7001347745,0,0.09147299,0,Low
7000478171,0,0.09147225,0,Low
7000263586,0,0.091455,0,Low
7000843207,0,0.09143441,0,Low
7001666547,0,0.09141111,0,Low
7000683303,0,0.09137492,0,Low
7000353384,0,0.09137236,0,Low
7000647332,0,0.09132659,0,Low
7001145167,0,0.09131828,0,Low
7001992031,0,0.0912771,0,Low
7000920371,0,0.09127552,0,Low
7000042094,0,0.09127354,0,Low
7001461623,0,0.09120915,0,Low
7001905842,0,0.091194525,0,Low
7002307057,0,0.09117797,0,Low
7000323476,0,0.09111757,0,Low
7000676067,0,0.0910789,0,Low
7000723292,0,0.09105207,0,Low
7002079128,0,0.09100385,0,Low
7000714959,0,0.09099717,0,Low
7000308885,0,0.09097262,0,Low
7000392325,0,0.09094567,0,Low
7001716859,0,0.090938665,0,Low
7002072677,0,0.0909191,0,Low
7000375019,0,0.09088757,0,Low
7000278266,0,0.090874106,0,Low
7000681322,0,0.09082514,0,Low
7000176635,0,0.090714164,0,Low
7000067744,0,0.09067292,0,Low
7000471513,0,0.09065971,0,Low
7001921367,0,0.09062844,0,Low
7002271633,0,0.09059993,0,Low
7000764823,0,0.090586126,0,Low
7000543673,0,0.09051902,0,Low
7001896777,0,0.09042924,0,Low
7001981355,0,0.09042547,0,Low
7001760838,0,0.0903923,0,Low
7000087468,0,0.090374954,0,Low
7001232020,0,0.0903744,0,Low
7000042416,0,0.09031398,0,Low
7002060831,0,0.090310924,0,Low
7001188366,0,0.090309195,0,Low
7001172026,0,0.090291135,0,Low
7000879030,0,0.09026888,0,Low
7001422388,0,0.09026045,0,Low
7002379512,0,0.09024501,0,Low
7000777089,0,0.09023008,0,Low
7000935644,0,0.09017059,0,Low
7001532492,0,0.09016244,0,Low
7000147713,0,0.090161115,0,Low
7002048590,0,0.09012607,0,Low
7001420690,0,0.09009737,0,Low
7000357007,0,0.08997353,0,Low
7000644652,0,0.089972906,0,Low
7000368695,0,0.08994207,0,Low
7001289766,0,0.08993857,0,Low
7001452797,0,0.08991254,0,Low
7000659819,0,0.089897834,0,Low
7000106077,0,0.08987868,0,Low
7000169072,0,0.08983003,0,Low
7001201777,0,0.089822024,0,Low
7000513424,0,0.08979995,0,Low
7002173478,0,0.08973922,0,Low
7002151902,0,0.08970779,0,Low
7000966952,0,0.08967223,0,Low
7000374556,0,0.08965917,0,Low
7001521708,0,0.08961269,0,Low
7000509387,0,0.08960047,0,Low
7000551786,0,0.0895979,0,Low
7001141953,0,0.0895889,0,Low
7001830160,0,0.08956606,0,Low
7000617518,0,0.08956425,0,Low
7002350420,0,0.089477055,0,Low
7000441492,0,0.08946901,0,Low
7000465846,0,0.08942513,0,Low
7000948867,0,0.08940595,0,Low
7001306159,0,0.08939027,0,Low
7000564159,0,0.08935106,0,Low
7000521660,0,0.089350455,0,Low
7001831435,0,0.089341335,0,Low
7001595158,0,0.08933815,0,Low
7000769978,0,0.089328766,0,Low
7002149820,0,0.089317866,0,Low
7000298996,0,0.08930563,0,Low
7000732237,0,0.08926905,0,Low
7000050146,0,0.08926829,0,Low
7001367236,0,0.089251116,0,Low
7001923802,0,0.08922918,0,Low
7001027785,0,0.089204505,0,Low
7000697035,0,0.0891746,0,Low
7000650323,0,0.089156166,0,Low
7001736722,0,0.08914209,0,Low
7001846671,0,0.08914025,0,Low
7002155633,0,0.08911412,0,Low
7001145922,0,0.089113265,0,Low
7002043231,0,0.08910647,0,Low
7001404560,0,0.08909091,0,Low
7001402769,0,0.08903564,0,Low
7000476575,0,0.08902519,0,Low
7000400686,0,0.089018114,0,Low
7000826062,0,0.08901054,0,Low
7001082894,0,0.08893828,0,Low
7001191249,0,0.088931955,0,Low
7001261234,0,0.08892076,0,Low
7001331323,0,0.08887897,0,Low
7000093173,0,0.088839285,0,Low
7001297659,0,0.08883623,0,Low
7002216310,0,0.08882386,0,Low
7001700643,0,0.088821314,0,Low
7000976904,0,0.08881134,0,Low
7000693578,0,0.08877412,0,Low
7000704884,0,0.088737376,0,Low
7000517382,0,0.08872028,0,Low
7001713785,0,0.08869306,0,Low
7000640215,0,0.088638954,0,Low
7001478755,0,0.08862913,0,Low
7001093476,0,0.088624254,0,Low
7000435248,0,0.08860174,0,Low
7000618788,0,0.08859599,0,Low
7001408000,0,0.08857277,0,Low
7000833338,0,0.08857075,0,Low
7002082214,0,0.08855405,0,Low
7001965015,0,0.08852238,0,Low
7000049781,0,0.088494934,0,Low
7000658683,0,0.08848553,0,Low
7001406065,0,0.08847325,0,Low
7002391712,0,0.08845213,0,Low
7000943484,0,0.08842491,0,Low
7000096891,0,0.088368215,0,Low
7001034332,0,0.088358924,0,Low
7000775303,0,0.08833354,0,Low
7001852272,0,0.08833084,0,Low
7000052043,0,0.08831702,0,Low
7001834008,0,0.08831073,0,Low
7000727287,0,0.088297084,0,Low
7001734436,0,0.08828735,0,Low
7001575479,0,0.0882719,0,Low
7001430346,0,0.08826613,0,Low
7001021302,0,0.08825677,0,Low
7000992220,0,0.088237315,0,Low
7001077244,0,0.08815873,0,Low
7001057150,0,0.08815657,0,Low
7002002826,0,0.08811587,0,Low
7001931231,0,0.08811262,0,Low
7002378106,0,0.08809532,0,Low
7001741573,0,0.088085264,0,Low
7001694806,0,0.088077016,0,Low
7000871633,0,0.088046476,0,Low
7000590881,0,0.08803013,0,Low
7000573889,0,0.0880147,0,Low
7002248293,0,0.08798789,0,Low
7001177544,0,0.08794708,0,Low
7000838261,0,0.087899834,0,Low
7001895240,0,0.0878971,0,Low
7001323055,0,0.08788066,0,Low
7000032233,0,0.08783373,0,Low
7001796448,0,0.08772421,0,Low
7001361674,0,0.08771776,0,Low
7000665722,0,0.08771597,0,Low
7001391780,0,0.08771148,0,Low
7001074762,0,0.08767883,0,Low
7000083502,0,0.08762527,0,Low
7000682194,0,0.08762184,0,Low
7000692028,0,0.0875003,0,Low
7001207150,0,0.08745235,0,Low
7002012795,0,0.087441,0,Low
7001021665,0,0.08742757,0,Low
7000510710,0,0.08739852,0,Low
7001908718,0,0.08736152,0,Low
7000478543,0,0.087359585,0,Low
7000402047,0,0.087346666,0,Low
7000714198,0,0.087331034,0,Low
7001469654,0,0.087327674,0,Low
7002336948,0,0.08731624,0,Low
7000233309,0,0.087275185,0,Low
7000403457,0,0.087268844,0,Low
7000257139,0,0.087231725,0,Low
7002073269,0,0.08720515,0,Low
7000005189,0,0.08718817,0,Low
7000940394,0,0.087182246,0,Low
7001931389,0,0.08715349,0,Low
7001879226,0,0.08715229,0,Low
7002250549,0,0.08714393,0,Low
7000171045,0,0.08712794,0,Low
7001548341,0,0.08712686,0,Low
7001212165,0,0.08709172,0,Low
7000609153,0,0.08707168,0,Low
7000101984,0,0.08706447,0,Low
7000619003,0,0.08705329,0,Low
7000820491,0,0.0870116,0,Low
7000332434,0,0.08699837,0,Low
7001440649,0,0.08694906,0,Low
7002183033,0,0.08691543,0,Low
7000845333,0,0.08689647,0,Low
7000316762,0,0.0868709,0,Low
7002323799,0,0.086859114,0,Low
7000816235,0,0.08681942,0,Low
7000364900,0,0.086811475,0,Low
7000826153,0,0.08681019,0,Low
7002044962,0,0.08678124,0,Low
7001681564,0,0.08676706,0,Low
7000091152,0,0.08676647,0,Low
7001514063,0,0.086762875,0,Low
7002306559,0,0.086737,0,Low
7000602618,0,0.0867277,0,Low
7001873577,0,0.08672693,0,Low
7002148588,1,0.08671543,0,Low
7000197936,0,0.08670711,0,Low
7000209766,0,0.0867045,0,Low
7001021478,0,0.08669423,0,Low
7001429082,0,0.08668391,0,Low
7001759047,0,0.086653784,0,Low
7001093067,0,0.086653054,0,Low
7000913488,0,0.08664414,0,Low
7001705534,0,0.08662039,0,Low
7000192462,0,0.08661465,0,Low
7000163456,0,0.08658903,0,Low
7001622875,0,0.0865762,0,Low
7001472958,0,0.08656957,0,Low
7001233671,0,0.08650477,0,Low
7001530161,0,0.08647311,0,Low
7000534252,0,0.08645458,0,Low
7002078057,0,0.086446084,0,Low
7002064791,0,0.086445145,0,Low
7001036681,0,0.08644507,0,Low
7001783624,0,0.08644179,0,Low
7001624562,0,0.08642323,0,Low
7002002780,0,0.08635557,0,Low
7000921886,0,0.08629599,0,Low
7001928884,0,0.08628529,0,Low
7002368493,0,0.08627232,0,Low
7000507022,0,0.08625774,0,Low
7001937967,0,0.086219616,0,Low
7001249135,0,0.086200215,0,Low
7002153381,0,0.086187504,0,Low
7001075900,0,0.08618445,0,Low
7001341596,0,0.086158514,0,Low
7001102385,0,0.086144626,0,Low
7000353640,0,0.08613342,0,Low
7000171757,0,0.086130925,0,Low
7001531758,0,0.08605066,0,Low
7001787155,0,0.08603262,0,Low
7002152692,0,0.08600826,0,Low
7000213008,0,0.08600763,0,Low
7000973142,0,0.085998416,0,Low
7001536170,0,0.08597001,0,Low
7001763767,0,0.085964315,0,Low
7001019015,0,0.08591914,0,Low
7000893334,0,0.08591455,0,Low
7000826182,0,0.08591447,0,Low
7002403314,0,0.08590147,0,Low
7001283816,0,0.08587954,0,Low
7001394636,0,0.08587829,0,Low
7002405086,0,0.085863076,0,Low
7001925893,0,0.08585549,0,Low
7001636397,0,0.08583473,0,Low
7000583992,0,0.08580618,0,Low
7002216188,0,0.08574336,0,Low
7000060364,0,0.08573206,0,Low
7002203248,0,0.08566016,0,Low
7001565111,0,0.0856494,0,Low
7000111521,0,0.08563786,0,Low
7001740625,0,0.08562274,0,Low
7000394339,0,0.08560895,0,Low
7001809974,0,0.085584186,0,Low
7000285575,0,0.085503906,0,Low
7000841893,0,0.08546026,0,Low
7001548690,0,0.08543841,0,Low
7002237691,0,0.08542695,0,Low
7000695188,0,0.08537959,0,Low
7002081545,0,0.08537023,0,Low
7001531626,0,0.08534814,0,Low
7001367188,0,0.08534727,0,Low
7002227305,0,0.085326806,0,Low
7000315475,0,0.085277885,0,Low
7000920722,0,0.08525763,0,Low
7000497429,0,0.085224,0,Low
7000454783,0,0.08519376,0,Low
7002018152,0,0.085188724,0,Low
7000348921,0,0.085179344,0,Low
7000969985,0,0.08516729,0,Low
7001540189,0,0.08513898,0,Low
7001084249,0,0.0851343,0,Low
7000323091,0,0.08511481,0,Low
7002209662,0,0.08510944,0,Low
7002334418,0,0.0850813,0,Low
7001452932,0,0.085071795,0,Low
7001805534,0,0.08506946,0,Low
7000229613,0,0.085041,0,Low
7002181134,0,0.085038714,0,Low
7000435192,0,0.08502167,0,Low
7001929478,0,0.0850108,0,Low
7001652296,0,0.08498692,0,Low
7001647819,0,0.084985174,0,Low
7002017139,0,0.084968716,0,Low
7000925684,0,0.084958665,0,Low
7000699010,0,0.0849466,0,Low
7000727322,0,0.08494577,0,Low
7002115078,0,0.08492941,0,Low
7001195440,0,0.08484023,0,Low
7001406625,0,0.08481658,0,Low
7000723376,0,0.084802695,0,Low
7001062411,0,0.08479387,0,Low
7000273453,0,0.0847935,0,Low
7002313523,0,0.08476657,0,Low
7000382315,0,0.08476457,0,Low
7000439300,0,0.08473345,0,Low
7002210458,0,0.084731296,0,Low
7000970092,0,0.08472912,0,Low
7002391429,0,0.084707715,0,Low
7001161473,0,0.08470514,0,Low
7000713540,0,0.08470033,0,Low
7001767628,0,0.084684566,0,Low
7002333048,0,0.08466881,0,Low
7000248569,0,0.08466681,0,Low
7001849748,0,0.08465388,0,Low
7000189089,0,0.084640004,0,Low
7001000835,0,0.08463812,0,Low
7001500115,0,0.084579304,0,Low
7001198964,0,0.084526345,0,Low
7000365860,0,0.08450349,0,Low
7002009766,0,0.08449832,0,Low
7000974811,0,0.0844915,0,Low
7001763570,0,0.08446377,0,Low
7000872547,0,0.084455766,0,Low
7000650123,0,0.08443661,0,Low
7001818409,0,0.08438171,0,Low
7001705042,0,0.084337965,0,Low
7000639030,0,0.08431963,0,Low
7001921880,0,0.084288135,0,Low
7000557387,0,0.08428398,0,Low
7000891970,0,0.08426367,0,Low
7001594551,0,0.084178306,0,Low
7000013757,0,0.08417501,0,Low
7000065713,0,0.08414368,0,Low
7002052677,0,0.084136635,0,Low
7000596452,0,0.084113866,0,Low
7001385974,0,0.0841012,0,Low
7001710278,0,0.08406541,0,Low
7001050975,0,0.08406504,0,Low
7001289753,0,0.084058195,0,Low
7000637974,0,0.0839717,0,Low
7001599463,0,0.083957896,0,Low
7001261681,0,0.083903156,0,Low
7001310619,0,0.08388747,0,Low
7000431109,0,0.08384981,0,Low
7002183676,0,0.0838434,0,Low
7001571808,0,0.08383536,0,Low
7002300275,0,0.08380348,0,Low
7001811294,0,0.08379446,0,Low
7001871009,0,0.083762325,0,Low
7000371179,0,0.08373885,0,Low
7000361835,0,0.08372805,0,Low
7002397605,0,0.08369686,0,Low
7001459518,0,0.08362914,0,Low
7001070422,0,0.08362523,0,Low
7000871549,0,0.08362033,0,Low
7000787048,0,0.0836063,0,Low
7001272236,0,0.08359976,0,Low
7000340383,0,0.08357969,0,Low
7000750107,0,0.08356623,0,Low
7000895260,0,0.08351263,0,Low
7001311067,0,0.08350301,0,Low
7001504392,0,0.08350073,0,Low
7000521889,0,0.0834738,0,Low
7001576288,0,0.08343159,0,Low
7000005111,0,0.08337435,0,Low
7001821182,1,0.08337273,0,Low
7001943785,0,0.083342254,0,Low
7002375508,0,0.08333708,0,Low
7002144734,0,0.08331603,0,Low
7001043380,0,0.08329478,0,Low
7002195603,0,0.083289325,0,Low
7001916593,0,0.08326641,0,Low
7000218671,0,0.08325782,0,Low
7001828672,0,0.083245955,0,Low
7002342579,0,0.08323926,0,Low
7000795469,0,0.08323678,0,Low
7001865793,0,0.08322614,0,Low
7001014227,0,0.08322508,0,Low
7001198850,0,0.08321908,0,Low
7001056015,0,0.08321641,0,Low
7001277866,0,0.08317113,0,Low
7000262033,0,0.08316702,0,Low
7000432767,0,0.0831325,0,Low
7001840561,0,0.083116256,0,Low
7000194603,0,0.083107896,0,Low
7001980710,0,0.08307064,0,Low
7001312399,0,0.08297305,0,Low
7002141547,0,0.082967006,0,Low
7002103447,0,0.082950436,0,Low
7001027858,0,0.08295041,0,Low
7002031209,0,0.08294336,0,Low
7002016547,0,0.08294126,0,Low
7001052715,0,0.08293328,0,Low
7002061100,0,0.0829282,0,Low
7002375798,0,0.082905605,0,Low
7001886990,0,0.082876064,0,Low
7000355184,0,0.08287532,0,Low
7000079072,0,0.082845315,0,Low
7000586965,0,0.08279424,0,Low
7001026801,0,0.08279186,0,Low
7001433491,0,0.08277064,0,Low
7000398471,0,0.08276331,0,Low
7000037058,0,0.08271147,0,Low
7002254708,0,0.082703166,0,Low
7000852602,0,0.08268118,0,Low
7001482719,0,0.08267002,0,Low
7000490872,0,0.082656935,0,Low
7001983713,0,0.082624525,0,Low
7001677873,0,0.0826193,0,Low
7000887654,0,0.08259111,0,Low
7001193677,0,0.08255907,0,Low
7001943303,0,0.082547985,0,Low
7001087419,0,0.082534336,0,Low
7002179850,0,0.08251305,0,Low
7001332943,0,0.08249858,0,Low
7000437269,0,0.08246781,0,Low
7000283570,0,0.082467526,0,Low
7000364839,0,0.08244797,0,Low
7001033193,0,0.08241544,0,Low
7001989826,0,0.08240607,0,Low
7000018375,0,0.08238222,0,Low
7001689383,0,0.082365245,0,Low
7000473022,0,0.082355924,0,Low
7000296960,0,0.082329944,0,Low
7001955262,0,0.08227574,0,Low
7000159517,0,0.08227466,0,Low
7000608037,0,0.08224815,0,Low
7002382466,0,0.08221817,0,Low
7000883200,0,0.08218506,0,Low
7001542577,1,0.08216702,0,Low
7001298595,0,0.08211386,0,Low
7000403974,0,0.08210163,0,Low
7001395187,0,0.082097806,0,Low
7001060897,0,0.08206184,0,Low
7001688051,0,0.082050584,0,Low
7001000185,0,0.082028985,0,Low
7001030368,0,0.08199913,0,Low
7001634158,0,0.08197286,0,Low
7000181400,0,0.0819646,0,Low
7002117646,0,0.08196135,0,Low
7001766961,0,0.08195406,0,Low
7001677989,0,0.08194587,0,Low
7000647504,0,0.08191199,0,Low
7001199457,0,0.08189626,0,Low
7002310255,0,0.0818883,0,Low
7000188712,0,0.08185791,0,Low
7002382071,0,0.0818566,0,Low
7001417880,0,0.08183322,0,Low
7000639577,0,0.08179334,0,Low
7000718969,0,0.08176655,0,Low
7001235670,0,0.08174524,0,Low
7001480300,0,0.08171909,0,Low
7002174330,0,0.08171704,0,Low
7000373590,0,0.08171535,0,Low
7001444224,0,0.08167629,0,Low
7001521304,0,0.081666596,0,Low
7000475434,0,0.08166306,0,Low
7000591936,0,0.08165782,0,Low
7001335840,1,0.08165737,0,Low
7000102177,0,0.08165535,0,Low
7002149786,0,0.08164519,0,Low
7001353917,0,0.081644446,0,Low
7001917282,0,0.08161585,0,Low
7000822724,0,0.08160868,0,Low
7000740539,0,0.08159312,0,Low
7000230150,0,0.08157981,0,Low
7000362642,0,0.08153811,0,Low
7000656971,0,0.08151863,0,Low
7000768621,0,0.08150769,0,Low
7002309255,0,0.08150107,0,Low
7001311563,0,0.08149054,0,Low
7001745677,0,0.08147987,0,Low
7001859142,0,0.08141398,0,Low
7002045044,0,0.08139679,0,Low
7001002459,0,0.08137239,0,Low
7001771079,0,0.081361055,0,Low
7001544197,0,0.08135673,0,Low
7001579629,0,0.08135024,0,Low
7001427184,0,0.08133519,0,Low
7000636247,0,0.08132471,0,Low
7001693337,0,0.08130769,0,Low
7001128559,0,0.08130355,0,Low
7001092205,0,0.08127323,0,Low
7000623765,0,0.081268035,0,Low
7001021433,0,0.081264876,0,Low
7000528853,0,0.081258826,0,Low
7000919886,0,0.08125301,0,Low
7001589402,0,0.08123477,0,Low
7002247990,1,0.081201516,0,Low
7001489752,0,0.08118183,0,Low
7001331079,0,0.0811738,0,Low
7001686339,0,0.081157774,0,Low
7001610582,0,0.08110662,0,Low
7000190381,0,0.08108499,0,Low
7000066240,0,0.08099857,0,Low
7001509637,0,0.08099564,0,Low
7000317391,0,0.080995485,0,Low
7001970809,0,0.08097788,0,Low
7001783996,0,0.080960445,0,Low
7001163071,0,0.08093816,0,Low
7001882231,0,0.08092501,0,Low
7000669740,0,0.08091644,0,Low
7002138869,0,0.08091538,0,Low
7001616400,0,0.08091162,0,Low
7000832090,0,0.080909915,0,Low
7000985186,0,0.08089614,0,Low
7000729058,0,0.080863915,0,Low
7000456368,0,0.08086368,0,Low
7000159124,0,0.080825314,0,Low
7002317676,0,0.08082413,0,Low
7000799186,0,0.080823675,0,Low
7000635475,0,0.08080718,0,Low
7000687281,0,0.080802985,0,Low
7000124565,0,0.08079859,0,Low
7000913399,0,0.08078333,0,Low
7001491970,0,0.080753885,0,Low
7000911744,0,0.08072422,0,Low
7001973856,0,0.080714084,0,Low
7000212087,0,0.08070509,0,Low
7001986884,0,0.080638364,0,Low
7001202423,0,0.08061842,0,Low
7002057490,0,0.08061639,0,Low
7000653588,0,0.08057992,0,Low
7001462623,0,0.08056157,0,Low
7000315936,0,0.08055905,0,Low
7001606042,0,0.08054067,0,Low
7000888316,0,0.080537595,0,Low
7002172846,0,0.080533095,0,Low
7002108495,0,0.08052123,0,Low
7001564909,0,0.08050763,0,Low
7001867431,0,0.080499806,0,Low
7000826160,0,0.08049488,0,Low
7001518535,0,0.08045339,0,Low
7000721071,0,0.08044965,0,Low
7001465956,0,0.08043399,0,Low
7000025191,0,0.08039534,0,Low
7002019517,0,0.08038113,0,Low
7001091811,0,0.08033575,0,Low
7001165371,0,0.0802863,0,Low
7001516084,0,0.08028311,0,Low
7000378222,0,0.080253504,0,Low
7001363299,0,0.08022634,0,Low
7001972044,0,0.08017704,0,Low
7000235459,0,0.08015507,0,Low
7001434790,0,0.080149144,0,Low
7002282440,0,0.08006391,0,Low
7000652828,0,0.08003284,0,Low
7000084198,0,0.08003094,0,Low
7001145489,0,0.079981714,0,Low
7000179999,0,0.079966664,0,Low
7000800621,0,0.07995423,0,Low
7001678283,0,0.07993222,0,Low
7000826351,0,0.079919,0,Low
7000620632,0,0.079889536,0,Low
7001243120,0,0.079885066,0,Low
7000988914,0,0.07988189,0,Low
7001930475,0,0.07988155,0,Low
7001253307,0,0.07984787,0,Low
7002003478,0,0.079835474,0,Low
7001580657,0,0.07983093,0,Low
7002154279,0,0.079830304,0,Low
7000895997,0,0.07973055,0,Low
7001808356,0,0.07972569,0,Low
7001307493,0,0.079717375,0,Low
7001253577,0,0.07971705,0,Low
7000523776,0,0.07970442,0,Low
7000807023,0,0.07970199,0,Low
7001943111,0,0.07968193,0,Low
7001738457,0,0.07963991,0,Low
7000469274,0,0.07963133,0,Low
7000003105,0,0.079580374,0,Low
7000822986,0,0.07957189,0,Low
7002274508,0,0.07955863,0,Low
7002139554,0,0.07955006,0,Low
7000615466,0,0.0794631,0,Low
7000002561,0,0.07943745,0,Low
7002357392,0,0.079388544,0,Low
7000133841,0,0.07936476,0,Low
7002380050,0,0.07931822,0,Low
7002053969,0,0.07931204,0,Low
7002232154,0,0.079290055,0,Low
7000847241,0,0.07926368,0,Low
7001216139,0,0.07925533,0,Low
7000953962,0,0.07923989,0,Low
7000931848,0,0.079238795,0,Low
7001603270,0,0.07922919,0,Low
7002389092,0,0.07922546,0,Low
7000244543,0,0.07921257,0,Low
7000568763,0,0.07919848,0,Low
7002314874,0,0.07918385,0,Low
7002190047,0,0.07918055,0,Low
7001904758,0,0.07917781,0,Low
7002324370,0,0.0791706,0,Low
7001454444,0,0.079125576,0,Low
7000323145,0,0.07912538,0,Low
7000895033,0,0.079107806,0,Low
7000425262,0,0.07910485,0,Low
7000323749,0,0.07893691,0,Low
7000471489,0,0.07890457,0,Low
7001799406,0,0.078864045,0,Low
7002019793,0,0.078846626,0,Low
7000813797,0,0.078829885,0,Low
7001490841,0,0.07882881,0,Low
7000913874,0,0.07882774,0,Low
7002041442,0,0.078824446,0,Low
7001784286,0,0.07881742,0,Low
7001630651,0,0.07881072,0,Low
7001605867,0,0.07880295,0,Low
7001248003,0,0.0787975,0,Low
7001675403,0,0.07877788,0,Low
7000730518,0,0.07875717,0,Low
7000338529,0,0.07868793,0,Low
7001980351,0,0.07867718,0,Low
7001138401,0,0.078642435,0,Low
7001019010,0,0.07863561,0,Low
7001783108,0,0.078597456,0,Low
7001821538,0,0.07856623,0,Low
7002056579,0,0.07856581,0,Low
7000547852,0,0.0785613,0,Low
7002024088,0,0.07851323,0,Low
7000483358,0,0.07850282,0,Low
7000537899,0,0.07850212,0,Low
7002109518,0,0.078486614,0,Low
7000540259,0,0.07838581,0,Low
7000511521,0,0.078335084,0,Low
7001166455,0,0.07830753,0,Low
7002212336,0,0.07829162,0,Low
7000569385,0,0.07828247,0,Low
7001835766,0,0.07825016,0,Low
7001152127,0,0.078247584,0,Low
7000930579,0,0.07824485,0,Low
7001911179,0,0.07823254,0,Low
7001517620,0,0.078194186,0,Low
7002108454,0,0.07817245,0,Low
7000284453,0,0.078161865,0,Low
7000866805,0,0.07816018,0,Low
7001213536,0,0.078157626,0,Low
7002235564,0,0.07813727,0,Low
7000891149,0,0.07809947,0,Low
7001158701,0,0.07809868,0,Low
7002278004,0,0.07807473,0,Low
7001036829,0,0.0780732,0,Low
7000448813,0,0.078062706,0,Low
7000306717,0,0.078047,0,Low
7001946277,0,0.078033954,0,Low
7001844369,0,0.07802917,0,Low
7000628650,0,0.077971585,0,Low
7002118645,0,0.077970095,0,Low
7000634948,0,0.07794857,0,Low
7000735439,0,0.07794527,0,Low
7001737211,0,0.077925116,0,Low
7001561992,0,0.07788347,0,Low
7000795455,0,0.07788194,0,Low
7000878354,0,0.077835314,0,Low
7000541827,0,0.07780511,0,Low
7001215630,0,0.077799395,0,Low
7001789598,0,0.077764,0,Low
7000045558,0,0.07775667,0,Low
7000792016,0,0.07774574,0,Low
7002202659,0,0.07773847,0,Low
7001749120,0,0.077733375,0,Low
7002047617,0,0.07772711,0,Low
7000110933,0,0.07771937,0,Low
7001247084,0,0.077691786,0,Low
7000449572,0,0.07768798,0,Low
7001344827,0,0.0776608,0,Low
7001412798,0,0.07764967,0,Low
7000818663,0,0.07764243,0,Low
7002094248,0,0.07763513,0,Low
7000381247,0,0.0775911,0,Low
7001125276,0,0.077583216,0,Low
7000590716,0,0.07757812,0,Low
7000351516,0,0.07757626,0,Low
7001317349,0,0.07757148,0,Low
7001695694,0,0.07755795,0,Low
7000881339,0,0.07755393,0,Low
7002098914,0,0.07747843,0,Low
7000854167,0,0.07747307,0,Low
7001159444,0,0.07745221,0,Low
7000303346,0,0.0774478,0,Low
7001959721,0,0.077432476,0,Low
7001965043,0,0.077416316,0,Low
7001493192,0,0.07737126,0,Low
7001242318,0,0.07732163,0,Low
7000340992,0,0.07732129,0,Low
7000547743,0,0.07730257,0,Low
7002013813,0,0.07729814,0,Low
7001607806,0,0.07729128,0,Low
7001278999,0,0.077271044,0,Low
7001806484,0,0.0772662,0,Low
7001901535,0,0.07724524,0,Low
7001303659,0,0.07723643,0,Low
7002281231,0,0.07722737,0,Low
7001346727,0,0.07722222,0,Low
7001998913,0,0.07722018,0,Low
7000457469,0,0.07717938,0,Low
7001647535,0,0.07714993,0,Low
7000780440,0,0.07714409,0,Low
7001565793,0,0.07711997,0,Low
7000997580,0,0.077118,0,Low
7001473693,0,0.07708721,0,Low
7000017825,0,0.07707395,0,Low
7001473713,0,0.07705618,0,Low
7000196716,0,0.07703732,0,Low
7001632743,0,0.077031165,0,Low
7001161551,0,0.077009,0,Low
7002063501,0,0.07698764,0,Low
7001380735,0,0.07687227,0,Low
7000522485,0,0.0768652,0,Low
7002042805,0,0.07685421,0,Low
7001003129,0,0.0768447,0,Low
7002277538,0,0.07683241,0,Low
7001245025,0,0.07682587,0,Low
7002160668,0,0.07681673,0,Low
7000658969,0,0.07681022,0,Low
7001316442,0,0.07678687,0,Low
7001646346,0,0.076784156,0,Low
7000811510,0,0.07676985,0,Low
7001429734,0,0.07675039,0,Low
7001485844,0,0.07671453,0,Low
7000749463,0,0.076639466,0,Low
7002078512,0,0.076615795,0,Low
7001623748,0,0.07657631,0,Low
7001690545,0,0.07647988,0,Low
7001281984,0,0.07643776,0,Low
7002359164,0,0.07642649,0,Low
7001641344,0,0.07642638,0,Low
7000399802,0,0.07641955,0,Low
7001752739,0,0.076411165,0,Low
7000250617,0,0.076378375,0,Low
7000731636,0,0.07637762,0,Low
7000818918,0,0.076359056,0,Low
7001974223,0,0.076320454,0,Low
7001176761,0,0.076317,0,Low
7002368398,0,0.07626329,0,Low
7001617690,0,0.07622815,0,Low
7001440967,0,0.076222785,0,Low
7000301752,0,0.07621632,0,Low
7000008331,0,0.07620922,0,Low
7001593831,0,0.076199785,0,Low
7001948001,0,0.07619433,0,Low
7001795858,0,0.07619023,0,Low
7002143116,0,0.07618681,0,Low
7001934373,0,0.076158024,0,Low
7001845131,0,0.07614583,0,Low
7001768493,0,0.076072365,0,Low
7000491007,0,0.076046124,0,Low
7001157425,0,0.076041214,0,Low
7002277055,0,0.07602881,0,Low
7000815841,0,0.07600074,0,Low
7000344700,0,0.07599942,0,Low
7001523698,0,0.075980686,0,Low
7001059395,0,0.0759789,0,Low
7001664793,0,0.075935,0,Low
7000898506,0,0.07593169,0,Low
7002126561,0,0.07589019,0,Low
7002229348,0,0.075889476,0,Low
7000777910,0,0.07579698,0,Low
7000607247,0,0.07577152,0,Low
7001139270,0,0.07570797,0,Low
7001408852,0,0.07570694,0,Low
7000793191,0,0.07569828,0,Low
7001680911,0,0.07568138,0,Low
7001973512,0,0.07567848,0,Low
7001856463,0,0.07563465,0,Low
7001602830,0,0.07560102,0,Low
7000094553,0,0.075594485,0,Low
7001423078,0,0.07559086,0,Low
7001933072,0,0.07558677,0,Low
7001981733,0,0.075581625,0,Low
7002374898,0,0.07557948,0,Low
7000295966,0,0.0755694,0,Low
7001654175,0,0.075553074,0,Low
7000432979,0,0.07554742,0,Low
7001021501,0,0.07550009,0,Low
7001969043,0,0.07547949,0,Low
7001555691,0,0.07545755,0,Low
7001124541,0,0.075453706,0,Low
7000676004,0,0.07540035,0,Low
7000066496,0,0.0753781,0,Low
7000921364,0,0.07533039,0,Low
7001194013,0,0.07532237,0,Low
7000850259,0,0.07526374,0,Low
7000770675,0,0.07525725,0,Low
7000550973,0,0.07525285,0,Low
7000873581,0,0.07525131,0,Low
7000115732,0,0.07523803,0,Low
7000532138,0,0.07521797,0,Low
7001028836,0,0.07520568,0,Low
7000252236,0,0.07517168,0,Low
7000828289,0,0.07515667,0,Low
7001985402,0,0.075148955,0,Low
7000693320,0,0.07508219,0,Low
7000578980,0,0.07505996,0,Low
7001654865,0,0.0749845,0,Low
7000004570,0,0.0749802,0,Low
7002208011,0,0.07494981,0,Low
7002410609,0,0.074938074,0,Low
7001332730,0,0.07492923,0,Low
7000554372,0,0.07490167,0,Low
7002141545,0,0.07489605,0,Low
7000611244,0,0.074891,0,Low
7001938518,0,0.07488457,0,Low
7001095346,0,0.07487125,0,Low
7001986344,0,0.074865386,0,Low
7001473771,0,0.07486206,0,Low
7001575382,0,0.07482992,0,Low
7001829490,0,0.07480429,0,Low
7002089849,0,0.0747985,0,Low
7000714172,1,0.07477633,0,Low
7001829863,0,0.074763596,0,Low
7001867036,0,0.07476091,0,Low
7000579670,0,0.07475007,0,Low
7000673339,0,0.07474181,0,Low
7000674028,0,0.07473938,0,Low
7001489402,0,0.07473876,0,Low
7001881072,0,0.07473426,0,Low
7001717986,0,0.074724086,0,Low
7000942222,0,0.07467457,0,Low
7000042499,0,0.07466775,0,Low
7001803303,0,0.074664615,0,Low
7001353769,0,0.074663535,0,Low
7001054210,0,0.07465291,0,Low
7000718790,0,0.07461892,0,Low
7000934656,0,0.074583106,0,Low
7002215524,0,0.074579336,0,Low
7002203935,0,0.074569546,0,Low
7001590893,0,0.07453122,0,Low
7002277524,0,0.074515894,0,Low
7001392276,0,0.074510224,0,Low
7001369558,0,0.07447324,0,Low
7002308901,0,0.07446224,0,Low
7000548042,0,0.074456416,0,Low
7001747361,0,0.07445436,0,Low
7002260926,0,0.07444397,0,Low
7000660755,0,0.07443026,0,Low
7001348146,0,0.07440324,0,Low
7001720043,0,0.07440032,0,Low
7001143886,0,0.074393906,0,Low
7000954519,0,0.074342415,0,Low
7001314695,0,0.07432224,0,Low
7001680238,0,0.074204735,0,Low
7001225837,0,0.07419802,0,Low
7002400487,0,0.07419696,0,Low
7002389286,0,0.07419579,0,Low
7000801972,0,0.07413702,0,Low
7002364442,0,0.07413695,0,Low
7000424227,0,0.07413253,0,Low
7002097031,0,0.074119285,0,Low
7001403700,0,0.07408519,0,Low
7000936178,0,0.074069954,0,Low
7000518121,0,0.07406547,0,Low
7000186681,0,0.074018046,0,Low
7001131453,0,0.074014276,0,Low
7000424764,0,0.07400854,0,Low
7001066411,0,0.074001156,0,Low
7001165096,0,0.07396847,0,Low
7001898977,0,0.073899224,0,Low
7002230819,0,0.07388842,0,Low
7001388686,0,0.073878475,0,Low
7000535714,0,0.07386213,0,Low
7000803451,0,0.07385319,0,Low
7000531272,0,0.0738348,0,Low
7000432352,0,0.07383465,0,Low
7000532095,0,0.0736882,0,Low
7001554521,0,0.073660694,0,Low
7002366664,0,0.073654905,0,Low
7000912708,0,0.073647246,0,Low
7000580956,0,0.07364492,0,Low
7000990114,0,0.073642045,0,Low
7001041038,0,0.07361693,0,Low
7001376383,0,0.0736047,0,Low
7001556967,0,0.07358187,0,Low
7000196189,0,0.07356593,0,Low
7001225225,0,0.07356439,0,Low
7001454921,0,0.073552474,0,Low
7000212114,0,0.07353111,0,Low
7001266309,0,0.073497646,0,Low
7002017835,0,0.07347644,0,Low
7002406785,0,0.07347093,0,Low
7000728817,0,0.07345681,0,Low
7002346268,0,0.07340501,0,Low
7002122832,0,0.07340339,0,Low
7000083654,0,0.07339514,0,Low
7002262989,0,0.07338414,0,Low
7002400012,0,0.07337652,0,Low
7002229905,0,0.07332705,0,Low
7001320170,0,0.073315054,0,Low
7000388831,0,0.07329384,0,Low
7000219972,0,0.07328734,0,Low
7002005274,0,0.07328466,0,Low
7002215772,0,0.073230095,0,Low
7002235392,0,0.07318194,0,Low
7000079605,0,0.07317589,0,Low
7001906879,0,0.073169634,0,Low
7001850477,0,0.073168226,0,Low
7000300073,0,0.073163584,0,Low
7002219576,0,0.07314031,0,Low
7000645021,0,0.07313273,0,Low
7001946584,0,0.07310951,0,Low
7002225648,0,0.07310656,0,Low
7002210062,0,0.073102355,0,Low
7000300365,0,0.07310173,0,Low
7000908436,1,0.0730793,0,Low
7001142041,0,0.07307204,0,Low
7000212599,0,0.07306545,0,Low
7001494705,0,0.07305798,0,Low
7002100836,0,0.073049,0,Low
7000959503,0,0.07304423,0,Low
7002000832,0,0.07297218,0,Low
7000416127,0,0.07296875,0,Low
7001896750,0,0.07296414,0,Low
7000901153,0,0.0729594,0,Low
7000683940,0,0.07294897,0,Low
7001539240,0,0.07294152,0,Low
7000111193,0,0.072917774,0,Low
7002231487,0,0.07290203,0,Low
7001529662,0,0.07289918,0,Low
7002330081,0,0.07289307,0,Low
7001724718,0,0.072869696,0,Low
7001054785,0,0.07286085,0,Low
7001023227,0,0.07283636,0,Low
7001275291,0,0.07279042,0,Low
7001395917,0,0.07269197,0,Low
7000267489,0,0.072671704,0,Low
7001028166,0,0.07264486,0,Low
7000492082,0,0.0726223,0,Low
7000208671,0,0.07261443,0,Low
7000816744,0,0.072611846,0,Low
7000920711,0,0.0725874,0,Low
7002013771,0,0.07258589,0,Low
7002257522,0,0.072574094,0,Low
7000656896,0,0.07256896,0,Low
7000650325,0,0.07252124,0,Low
7002008592,0,0.072383195,0,Low
7002106561,0,0.072374895,0,Low
7001825496,0,0.072350524,0,Low
7001872996,0,0.072312,0,Low
7001186245,0,0.0723017,0,Low
7000397040,0,0.07228483,0,Low
7000276794,0,0.07226104,0,Low
7001517574,0,0.07222806,0,Low
7000784824,0,0.07222603,0,Low
7001648869,0,0.07221387,0,Low
7000272043,0,0.07219021,0,Low
7001300982,0,0.07217996,0,Low
7000946860,0,0.0721681,0,Low
7001187556,0,0.07214309,0,Low
7002215256,0,0.072111875,0,Low
7001258164,0,0.072101615,0,Low
7002046390,0,0.07206789,0,Low
7001380400,0,0.07204176,0,Low
7001288515,0,0.07202238,0,Low
7000607693,1,0.071981944,0,Low
7002123812,0,0.071960516,0,Low
7001846113,0,0.07195846,0,Low
7000349416,0,0.07195803,0,Low
7000459896,0,0.07193377,0,Low
7000400633,0,0.07190412,0,Low
7001921424,0,0.07188047,0,Low
7002181534,0,0.07186931,0,Low
7001543044,0,0.07184664,0,Low
7000266015,0,0.071825005,0,Low
7000503552,0,0.071808204,0,Low
7000217094,0,0.071803935,0,Low
7000414873,0,0.07179462,0,Low
7001071906,0,0.07179097,0,Low
7000605213,0,0.071782164,0,Low
7001642352,0,0.07177766,0,Low
7001379120,0,0.07177658,0,Low
7001487700,0,0.07174964,0,Low
7001513094,0,0.071687944,0,Low
7000125865,0,0.07167105,0,Low
7000571046,0,0.07165458,0,Low
7001807753,0,0.07162585,0,Low
7001697761,0,0.071575195,0,Low
7000165176,0,0.07157442,0,Low
7001182566,0,0.07156487,0,Low
7000931427,0,0.07156276,0,Low
7001532338,0,0.071537085,0,Low
7000451426,0,0.071493864,0,Low
7001491502,0,0.07149069,0,Low
7000917190,0,0.07148336,0,Low
7001601702,0,0.07144716,0,Low
7000449056,0,0.071442775,0,Low
7000228743,0,0.07143552,0,Low
7001199293,0,0.07143329,0,Low
7000796090,0,0.07142739,0,Low
7000575049,0,0.07138593,0,Low
7001579774,0,0.07138499,0,Low
7000126060,0,0.0713657,0,Low
7000730309,0,0.07135975,0,Low
7002276425,0,0.0713568,0,Low
7002035563,0,0.071345665,0,Low
7000235321,0,0.0713076,0,Low
7000651901,0,0.07127698,0,Low
7000926334,0,0.07126573,0,Low
7002299771,0,0.07125951,0,Low
7000902883,0,0.07118045,0,Low
7001929432,0,0.07116346,0,Low
7001743001,0,0.07112698,0,Low
7000878047,0,0.07109595,0,Low
7001945318,0,0.07109185,0,Low
7001826930,0,0.07107925,0,Low
7001867106,0,0.071075656,0,Low
7000775645,0,0.071067594,0,Low
7001253591,0,0.07106622,0,Low
7001994009,0,0.071065724,0,Low
7000572677,0,0.07105008,0,Low
7000624744,0,0.07103743,0,Low
7001720072,0,0.071012475,0,Low
7000574812,0,0.0710001,0,Low
7002382499,0,0.07099003,0,Low
7001129437,0,0.07098708,0,Low
7000491139,0,0.07097628,0,Low
7000237046,0,0.07097315,0,Low
7000407121,0,0.070971265,0,Low
7000121913,0,0.07095715,0,Low
7001872890,0,0.07095577,0,Low
7000650711,0,0.07094231,0,Low
7001822194,0,0.07091203,0,Low
7001220357,0,0.070906654,0,Low
7000124750,0,0.07087603,0,Low
7000973140,0,0.07086658,0,Low
7001773730,0,0.07086545,0,Low
7001919464,0,0.07084489,0,Low
7002213185,0,0.07082107,0,Low
7000953213,0,0.07081462,0,Low
7000376527,0,0.07080725,0,Low
7000537848,0,0.07078816,0,Low
7002274382,0,0.070783675,0,Low
7000615792,0,0.07076514,0,Low
7002032756,0,0.07075565,0,Low
7002254230,0,0.07074719,0,Low
7000065525,0,0.070743255,0,Low
7001813634,0,0.07074302,0,Low
7001787999,0,0.070719495,0,Low
7000246024,0,0.07071475,0,Low
7000633369,0,0.07069929,0,Low
7000912140,0,0.070684895,0,Low
7002083725,0,0.07066801,0,Low
7000409980,0,0.07063752,0,Low
7000273921,0,0.07062691,0,Low
7002169794,0,0.07059516,0,Low
7002281608,0,0.07057342,0,Low
7001628417,0,0.07052427,0,Low
7000902889,0,0.07046261,0,Low
7002244142,0,0.07043784,0,Low
7002026654,0,0.07043205,0,Low
7000300061,0,0.07042403,0,Low
7002158510,0,0.07042317,0,Low
7001924597,0,0.07041527,0,Low
7002312977,0,0.07041355,0,Low
7000566663,0,0.07040998,0,Low
7000664487,0,0.070407644,0,Low
7000953702,0,0.07040351,0,Low
7000236361,0,0.070392855,0,Low
7001382969,0,0.070385054,0,Low
7000992793,0,0.070355915,0,Low
7000304488,0,0.07033039,0,Low
7000171821,0,0.07031688,0,Low
7000242651,0,0.070298426,0,Low
7001571022,0,0.07029743,0,Low
7002158085,0,0.07025694,0,Low
7002293857,0,0.07022265,0,Low
7001702152,0,0.07022146,0,Low
7001518391,0,0.070163995,0,Low
7000527031,0,0.070116825,0,Low
7001070664,0,0.07011133,0,Low
7000369929,0,0.070091896,0,Low
7001502063,0,0.07008864,0,Low
7000233574,0,0.0700825,0,Low
7000035338,0,0.07004817,0,Low
7000106608,0,0.07003873,0,Low
7000057500,0,0.07001899,0,Low
7000213504,0,0.07000387,0,Low
7000933434,0,0.06999028,0,Low
7001282232,0,0.069956064,0,Low
7000084438,0,0.06994339,0,Low
7000626351,0,0.06993067,0,Low
7002195429,0,0.06992823,0,Low
7000175955,0,0.06991345,0,Low
7000039875,0,0.06990137,0,Low
7001957795,0,0.069891565,0,Low
7000908248,0,0.069887824,0,Low
7000364321,0,0.06987456,0,Low
7002340581,0,0.06987228,0,Low
7001574275,0,0.06986196,0,Low
7001373890,0,0.0698586,0,Low
7001771650,0,0.06983278,0,Low
7000954966,0,0.06982762,0,Low
7000910573,0,0.0698183,0,Low
7001391507,0,0.069804385,0,Low
7000981424,0,0.06978518,0,Low
7000801433,0,0.06977847,0,Low
7002238227,0,0.06977744,0,Low
7002193702,0,0.06977215,0,Low
7001835605,0,0.06976607,0,Low
7002073819,0,0.06973027,0,Low
7001589983,0,0.0696886,0,Low
7002199813,0,0.0696601,0,Low
7000896516,0,0.06961756,0,Low
7001680462,0,0.069615014,0,Low
7001286778,0,0.069601856,0,Low
7001918452,0,0.069590785,0,Low
7002224393,0,0.06958848,0,Low
7001578308,0,0.06958476,0,Low
7001853333,0,0.06957151,0,Low
7000333130,0,0.069557145,0,Low
7000087430,0,0.06955262,0,Low
7001443798,0,0.06954895,0,Low
7001704231,0,0.069533944,0,Low
7000054236,0,0.069532335,0,Low
7001983615,0,0.06950764,0,Low
7001006726,0,0.069449395,0,Low
7001000595,0,0.06944276,0,Low
7000625662,0,0.06942071,0,Low
7001319342,0,0.069420345,0,Low
7000152866,0,0.06941504,0,Low
7002040635,0,0.069382586,0,Low
7001051193,0,0.06934537,0,Low
7000412117,0,0.06926396,0,Low
7002230526,0,0.069249354,0,Low
7000633931,0,0.06923756,0,Low
7000986545,0,0.06923107,0,Low
7000237205,0,0.06919693,0,Low
7000746387,0,0.069180235,0,Low
7001792805,0,0.06917963,0,Low
7000038724,0,0.069178715,0,Low
7002332032,0,0.06917573,0,Low
7002259287,0,0.06916215,0,Low
7002105573,0,0.06912851,0,Low
7000924636,0,0.0691131,0,Low
7000056099,0,0.069089174,0,Low
7001839369,0,0.069072634,0,Low
7002294222,0,0.069070876,0,Low
7000826660,0,0.069032416,0,Low
7001215348,0,0.06901176,0,Low
7002298453,0,0.06898367,0,Low
7002360859,0,0.06897167,0,Low
7001502458,0,0.06896805,0,Low
7001774417,0,0.06894211,0,Low
7001371196,0,0.06892938,0,Low
7002270507,0,0.06891183,0,Low
7000459808,0,0.0688988,0,Low
7001952443,0,0.06887623,0,Low
7001027723,0,0.06886504,0,Low
7000985811,0,0.0688623,0,Low
7002248866,0,0.06884629,0,Low
7000545698,0,0.068845905,0,Low
7001697399,0,0.06884465,0,Low
7000807670,0,0.06883338,0,Low
7000700178,0,0.06882805,0,Low
7001307906,0,0.068827435,0,Low
7002181403,0,0.06878469,0,Low
7001432833,0,0.068776995,0,Low
7001166641,0,0.06874848,0,Low
7002120304,0,0.06874378,0,Low
7001167817,0,0.06874,0,Low
7002400831,0,0.068736635,0,Low
7001770166,0,0.068733126,0,Low
7002075955,0,0.06873141,0,Low
7002398683,0,0.06871759,0,Low
7001478500,0,0.06870479,0,Low
7000429669,0,0.068696246,0,Low
7000358921,0,0.068694845,0,Low
7000916950,0,0.06867764,0,Low
7002164799,0,0.06866962,0,Low
7001691457,0,0.06864926,0,Low
7000111952,0,0.0686368,0,Low
7002094798,0,0.068625994,0,Low
7000327040,0,0.06861193,0,Low
7002392091,0,0.068559304,0,Low
7001430688,0,0.0685506,0,Low
7000392967,0,0.068533644,0,Low
7000302404,0,0.06853259,0,Low
7000731202,0,0.06852794,0,Low
7000909456,0,0.06852613,0,Low
7000668633,0,0.068520814,0,Low
7000083306,0,0.06850864,0,Low
7000743504,0,0.068494506,0,Low
7000309267,0,0.06848012,0,Low
7001755321,0,0.06847156,0,Low
7002387455,0,0.06846315,0,Low
7001018984,0,0.06846195,0,Low
7002352176,0,0.06845986,0,Low
7000978182,0,0.06845904,0,Low
7001245891,0,0.068446346,0,Low
7001471104,0,0.06844545,0,Low
7002302180,0,0.068344444,0,Low
7000455558,0,0.06829116,0,Low
7000910469,0,0.06828739,0,Low
7000726981,0,0.06828294,0,Low
7000385005,0,0.06828026,0,Low
7001931951,0,0.06827087,0,Low
7000884564,0,0.06826749,0,Low
7001054822,0,0.06825309,0,Low
7002097445,0,0.06824528,0,Low
7000870467,0,0.06822294,0,Low
7001841858,0,0.06817658,0,Low
7001154222,0,0.068112575,0,Low
7001440717,0,0.068107255,0,Low
7002226949,0,0.06810464,0,Low
7000540980,0,0.06809395,0,Low
7002083162,0,0.068078525,0,Low
7000769636,0,0.06803778,0,Low
7000961333,0,0.06802078,0,Low
7002006761,0,0.06801335,0,Low
7000583205,0,0.06800895,0,Low
7002246595,0,0.06799784,0,Low
7000532885,0,0.06799432,0,Low
7001814109,0,0.06798876,0,Low
7000847940,0,0.067890525,0,Low
7001719796,0,0.06787046,0,Low
7001504815,0,0.067867175,0,Low
7000668296,0,0.06786298,0,Low
7002091427,0,0.06783915,0,Low
7000211146,0,0.0678157,0,Low
7002016467,0,0.06781071,0,Low
7000466967,0,0.0677835,0,Low
7001047788,0,0.06778251,0,Low
7000754504,0,0.06770938,0,Low
7002148107,0,0.06770139,0,Low
7002142429,0,0.0676948,0,Low
7000996304,0,0.0676863,0,Low
7001419115,0,0.06768489,0,Low
7001910287,0,0.067682974,0,Low
7001117657,0,0.06766124,0,Low
7001382622,0,0.06764656,0,Low
7001665581,0,0.067625694,0,Low
7001254271,0,0.067609064,0,Low
7001661361,0,0.06754654,0,Low
7000368055,0,0.067538105,0,Low
7000966857,0,0.06753441,0,Low
7000932658,0,0.06752824,0,Low
7000896253,0,0.06749346,0,Low
7002146136,0,0.06748294,0,Low
7001008464,0,0.06747718,0,Low
7000232726,0,0.067452796,0,Low
7000490505,0,0.06743907,0,Low
7001091501,0,0.06741785,0,Low
7002268672,0,0.06740014,0,Low
7000664692,0,0.06735065,0,Low
7002108455,0,0.06734546,0,Low
7000478817,0,0.06730932,0,Low
7001789652,0,0.06730714,0,Low
7000440486,0,0.067296155,0,Low
7001579573,0,0.06728951,0,Low
7000783176,0,0.067255236,0,Low
7002105417,0,0.067254096,0,Low
7001232104,0,0.067217894,0,Low
7000934384,0,0.06720377,0,Low
7001458611,0,0.06718268,0,Low
7000250108,0,0.06714705,0,Low
7000241266,0,0.06714067,0,Low
7002036830,0,0.06713087,0,Low
7001513804,0,0.067108,0,Low
7001321461,0,0.06710215,0,Low
7001712943,0,0.06709709,0,Low
7001502342,0,0.0670839,0,Low
7001875272,0,0.06708209,0,Low
7000840211,0,0.067067504,0,Low
7001783577,0,0.067063436,0,Low
7000672383,0,0.06704974,0,Low
7000178521,0,0.067049086,0,Low
7001970569,0,0.067032576,0,Low
7000195296,0,0.06700329,0,Low
7001201779,0,0.06699696,0,Low
7000256778,1,0.06695879,0,Low
7000776702,0,0.066952,0,Low
7000287405,0,0.06692548,0,Low
7001892424,0,0.06692253,0,Low
7002352849,0,0.066914596,0,Low
7000666374,0,0.06691211,0,Low
7002324031,0,0.06690824,0,Low
7000493093,1,0.066897474,0,Low
7000788533,0,0.06685679,0,Low
7001104975,0,0.066830404,0,Low
7001044037,0,0.06682637,0,Low
7000980778,0,0.06680421,0,Low
7000049868,0,0.06679806,0,Low
7001779653,0,0.066790596,0,Low
7000256225,0,0.066783525,0,Low
7001016278,0,0.06676598,0,Low
7001118682,0,0.06674749,0,Low
7001402636,0,0.06674652,0,Low
7000646243,0,0.0667204,0,Low
7001136613,0,0.06671213,0,Low
7000879297,0,0.0667078,0,Low
7000250151,0,0.06664216,0,Low
7000225415,0,0.06660047,0,Low
7000702212,0,0.06659214,0,Low
7001694744,0,0.06654832,0,Low
7001753279,0,0.06648861,0,Low
7001038547,0,0.0663898,0,Low
7001319304,0,0.06637696,0,Low
7001310248,0,0.06637641,0,Low
7001878649,0,0.06635644,0,Low
7001428738,0,0.0663521,0,Low
7000600893,0,0.06633687,0,Low
7002110313,0,0.066326104,0,Low
7002130933,0,0.06632266,0,Low
7001012523,0,0.06631291,0,Low
7002222029,0,0.06627177,0,Low
7001559053,0,0.06619117,0,Low
7002201068,0,0.066175476,0,Low
7000419856,0,0.066162005,0,Low
7002064527,0,0.066158324,0,Low
7001557017,0,0.06612961,0,Low
7000728051,0,0.06612674,0,Low
7000154183,0,0.06610844,0,Low
7001814180,0,0.06609318,0,Low
7000603886,0,0.06607153,0,Low
7000303046,0,0.06604218,0,Low
7001836577,0,0.06603375,0,Low
7001511174,0,0.06599353,0,Low
7001986297,0,0.06597522,0,Low
7001334965,0,0.06597337,0,Low
7000097820,0,0.06596213,0,Low
7000359948,0,0.06593013,0,Low
7002051986,0,0.06589219,0,Low
7000691493,0,0.06586466,0,Low
7002407071,0,0.06586378,0,Low
7000154032,0,0.06585575,0,Low
7001818443,0,0.065828614,0,Low
7001664595,0,0.06582622,0,Low
7001635840,0,0.06579114,0,Low
7000280279,0,0.0657731,0,Low
7001552995,0,0.065753266,0,Low
7001000357,0,0.065743014,0,Low
7002227295,0,0.06573376,0,Low
7002047162,0,0.06573341,0,Low
7000743805,0,0.06573177,0,Low
7000899217,0,0.06569537,0,Low
7002074726,0,0.06569317,0,Low
7000933551,0,0.06569294,0,Low
7000664724,0,0.06567902,0,Low
7001481582,0,0.06565224,0,Low
7002330226,0,0.06564473,0,Low
7000706259,0,0.065612525,0,Low
7001788361,0,0.065601476,0,Low
7001441683,0,0.06558667,0,Low
7000617587,0,0.065523736,0,Low
7001772995,0,0.06552335,0,Low
7002231166,0,0.06550255,0,Low
7000828624,0,0.065478936,0,Low
7001212981,0,0.06544599,0,Low
7000692241,0,0.0654361,0,Low
7002227566,0,0.065413944,0,Low
7000104356,0,0.065408476,0,Low
7000397989,0,0.065398216,0,Low
7000546592,0,0.0653856,0,Low
7000110174,0,0.0653767,0,Low
7000536311,0,0.06536972,0,Low
7002307230,0,0.065303996,0,Low
7000993692,0,0.06529573,0,Low
7002107325,0,0.06528413,0,Low
7001956834,0,0.06528285,0,Low
7001007877,0,0.06527628,0,Low
7000755673,0,0.06524915,0,Low
7001760282,0,0.06524722,0,Low
7001265479,0,0.06524617,0,Low
7001085304,0,0.065227926,0,Low
7001822173,0,0.065191895,0,Low
7001768062,1,0.06518599,0,Low
7000285380,0,0.06518582,0,Low
7001041902,0,0.06517502,0,Low
7000751282,0,0.06515319,0,Low
7000759491,0,0.06514725,0,Low
7001814588,0,0.065143585,0,Low
7001091158,1,0.06508009,0,Low
7001858416,0,0.065023646,0,Low
7002320866,0,0.0650215,0,Low
7000798055,0,0.06501706,0,Low
7000182189,0,0.06501535,0,Low
7002123121,0,0.0649906,0,Low
7000091749,0,0.06498462,0,Low
7000497975,0,0.06498455,0,Low
7000085712,0,0.064971425,0,Low
7000534059,0,0.06495623,0,Low
7000594184,0,0.06494663,0,Low
7000349778,0,0.06494474,0,Low
7001624595,0,0.06493097,0,Low
7000889725,0,0.06492751,0,Low
7001767280,0,0.064919986,0,Low
7000244248,0,0.06490881,0,Low
7000986955,0,0.064884,0,Low
7002304204,0,0.0648807,0,Low
7001518370,0,0.064853,0,Low
7002301667,0,0.06482893,0,Low
7001395726,0,0.06481208,0,Low
7002062551,1,0.06480042,0,Low
7002405142,0,0.06479374,0,Low
7000041056,0,0.06479207,0,Low
7000481408,0,0.06479052,0,Low
7001385005,0,0.06476461,0,Low
7000320046,0,0.06475834,0,Low
7002176228,0,0.0647572,0,Low
7000070050,0,0.06474727,0,Low
7000783989,0,0.064727694,0,Low
7001705607,0,0.06471362,0,Low
7000224341,0,0.064701095,0,Low
7002369691,0,0.064659745,0,Low
7000930637,0,0.064653836,0,Low
7001015603,0,0.06465117,0,Low
7000282333,0,0.064625405,0,Low
7002386767,0,0.06461467,0,Low
7001711298,0,0.06461107,0,Low
7001878814,0,0.06460607,0,Low
7000886157,0,0.06459957,0,Low
7000662333,0,0.06456894,0,Low
7001238433,0,0.06456806,0,Low
7001376284,0,0.06454547,0,Low
7000484672,0,0.064539306,0,Low
7001040154,0,0.064530395,0,Low
7000973063,0,0.064493045,0,Low
7001277930,0,0.06444875,0,Low
7002158897,0,0.064410165,0,Low
7001846703,0,0.06438936,0,Low
7002030721,0,0.06435449,0,Low
7001112648,0,0.064349286,0,Low
7001052322,0,0.06434617,0,Low
7001319266,0,0.06434566,0,Low
7000320114,0,0.06434177,0,Low
7002249054,0,0.06433376,0,Low
7000610729,0,0.06432905,0,Low
7001056302,0,0.064321004,0,Low
7002166448,0,0.06430563,0,Low
7001039569,0,0.06430163,0,Low
7000544104,0,0.06429133,0,Low
7002313628,0,0.064264275,0,Low
7001102124,0,0.06425239,0,Low
7000769381,0,0.064245336,0,Low
7002191960,0,0.06424248,0,Low
7001861734,0,0.0642357,0,Low
7002382422,0,0.06422117,0,Low
7000587740,0,0.06420931,0,Low
7000683709,0,0.06420262,0,Low
7000839045,0,0.06420004,0,Low
7001115828,0,0.06418515,0,Low
7000729951,0,0.064158514,0,Low
7000276323,0,0.06411521,0,Low
7001636080,0,0.06409998,0,Low
7001394383,0,0.06408153,0,Low
7001319181,0,0.06407963,0,Low
7000831647,0,0.064049736,0,Low
7000944060,0,0.064033106,0,Low
7001272774,0,0.0640302,0,Low
7002205912,0,0.06402876,0,Low
7001310082,0,0.06399673,0,Low
7000851727,0,0.06396305,0,Low
7002095026,0,0.06395921,0,Low
7000362914,0,0.063928075,0,Low
7001971996,0,0.06392253,0,Low
7001956582,0,0.063902095,0,Low
7000747509,0,0.06389528,0,Low
7000122345,0,0.06389495,0,Low
7001037352,0,0.0638861,0,Low
7000275435,0,0.06388526,0,Low
7001454905,0,0.063870214,0,Low
7000952310,0,0.06386276,0,Low
7000347301,0,0.06386227,0,Low
7000108625,0,0.06383248,0,Low
7001013535,0,0.06380977,0,Low
7001754552,0,0.06380936,0,Low
7000516311,0,0.063802734,0,Low
7000659532,0,0.06378637,0,Low
7000971704,0,0.06378004,0,Low
7002351694,0,0.0637783,0,Low
7001120863,0,0.06375612,0,Low
7000138139,0,0.06374067,0,Low
7000287810,0,0.06373279,0,Low
7001325474,0,0.06370999,0,Low
7000887827,0,0.063707344,0,Low
7001550545,0,0.06368365,0,Low
7001092279,0,0.06368114,0,Low
7000351408,0,0.06368019,0,Low
7000363007,0,0.06360734,0,Low
7000600543,0,0.06360722,0,Low
7002395886,0,0.06360639,0,Low
7001127188,0,0.06358712,0,Low
7001124086,0,0.06357818,0,Low
7001911118,0,0.06357409,0,Low
7001613535,0,0.06354768,0,Low
7000448584,0,0.06352787,0,Low
7001598186,0,0.06351273,0,Low
7000722937,0,0.06350726,0,Low
7000996230,0,0.063466996,0,Low
7000438964,0,0.06341228,0,Low
7000737169,0,0.063408636,0,Low
7001108984,0,0.06338915,0,Low
7001279690,0,0.06338773,0,Low
7001336734,0,0.06338732,0,Low
7001744582,0,0.063386865,0,Low
7001279019,0,0.063379474,0,Low
7000889796,0,0.06337686,0,Low
7002310997,0,0.06336855,0,Low
7002406248,0,0.063363485,0,Low
7001525276,0,0.0633355,0,Low
7001786023,0,0.06333447,0,Low
7001555051,0,0.0633166,0,Low
7002036961,0,0.063263364,0,Low
7000628669,0,0.06325743,0,Low
7002326069,0,0.063253716,0,Low
7001658391,0,0.06324744,0,Low
7001449588,0,0.063228264,0,Low
7000125126,0,0.06322792,0,Low
7000178868,0,0.06321016,0,Low
7002287655,0,0.06320596,0,Low
7001562350,0,0.06319763,0,Low
7000256540,0,0.06316046,0,Low
7000987652,0,0.06313751,0,Low
7001446518,0,0.0631247,0,Low
7002322281,0,0.06310141,0,Low
7000079864,0,0.063090466,0,Low
7001665689,0,0.06308426,0,Low
7001277265,0,0.06306112,0,Low
7001135994,0,0.0630557,0,Low
7000391935,0,0.06305227,0,Low
7000751204,0,0.06304048,0,Low
7001516365,0,0.06301646,0,Low
7000674734,0,0.06300859,0,Low
7000760018,0,0.06296677,0,Low
7001334569,0,0.06296279,0,Low
7002180311,0,0.06295514,0,Low
7001078069,0,0.06295027,0,Low
7000575457,0,0.06293992,0,Low
7000127699,0,0.06293898,0,Low
7000640859,0,0.062930934,0,Low
7001096327,0,0.06292817,0,Low
7000818620,0,0.062915765,0,Low
7001595421,0,0.062871225,0,Low
7000390709,0,0.06285552,0,Low
7000845680,0,0.06284561,0,Low
7001304209,0,0.062841095,0,Low
7000690630,0,0.062817246,0,Low
7000779882,0,0.062806144,0,Low
7002306013,0,0.06280373,0,Low
7000352391,0,0.06279701,0,Low
7001169161,0,0.062783636,0,Low
7001110600,0,0.06277251,0,Low
7000388433,0,0.06274699,0,Low
7002378415,0,0.06274162,0,Low
7001189828,0,0.06274068,0,Low
7000750841,0,0.062702864,0,Low
7001551423,0,0.06267765,0,Low
7002221530,0,0.06258871,0,Low
7000268054,0,0.0625778,0,Low
7000350613,0,0.06256568,0,Low
7001271018,0,0.06256235,0,Low
7000527361,0,0.06251265,0,Low
7002393552,0,0.06247315,0,Low
7002126430,0,0.06246838,0,Low
7000884978,0,0.062460307,0,Low
7000076516,0,0.06242724,0,Low
7000289685,0,0.06242657,0,Low
7001575323,0,0.062419444,0,Low
7001614767,0,0.062417652,0,Low
7002188019,0,0.06240554,0,Low
7001516024,0,0.062403828,0,Low
7001895347,0,0.062393326,0,Low
7000322812,0,0.062392615,0,Low
7002393526,0,0.062384848,0,Low
7000151811,0,0.062383395,0,Low
7001741728,0,0.062341906,0,Low
7000226567,0,0.06227244,0,Low
7000104207,0,0.062270798,0,Low
7000156798,0,0.062261097,0,Low
7000544732,0,0.062260453,0,Low
7001648997,0,0.0622527,0,Low
7000948622,0,0.06224362,0,Low
7000293245,0,0.062226485,0,Low
7002283628,0,0.062200926,0,Low
7001854045,0,0.06218257,0,Low
7000148411,0,0.06217956,0,Low
7000023383,0,0.062178236,0,Low
7001652824,0,0.06217045,0,Low
7002333057,0,0.06211983,0,Low
7000895275,0,0.062119704,0,Low
7001998410,0,0.062117547,0,Low
7001824728,0,0.062099986,0,Low
7001269021,0,0.0620977,0,Low
7002026531,0,0.06208599,0,Low
7002277455,0,0.062040586,0,Low
7001684060,0,0.062028907,0,Low
7001333533,0,0.06200385,0,Low
7001900721,0,0.061988402,0,Low
7001238791,0,0.06198646,0,Low
7001564783,0,0.061968315,0,Low
7001219716,0,0.06195676,0,Low
7000275333,0,0.06195388,0,Low
7001509448,0,0.061939456,0,Low
7002189430,0,0.0619339,0,Low
7000467254,0,0.06189884,0,Low
7001549645,0,0.06189295,0,Low
7001507029,0,0.061834604,0,Low
7000741644,0,0.06178963,0,Low
7002003914,0,0.061772726,0,Low
7002184373,0,0.061770864,0,Low
7002095454,0,0.061761726,0,Low
7000348349,0,0.061760556,0,Low
7001246619,0,0.061753504,0,Low
7001012410,0,0.061714064,0,Low
7002075167,0,0.06167802,0,Low
7001267589,0,0.06166942,0,Low
7001927571,0,0.061640028,0,Low
7002335827,0,0.06161937,0,Low
7002185426,0,0.061614368,0,Low
7002350658,0,0.06159219,0,Low
7000179241,0,0.06153086,0,Low
7002139185,0,0.061524194,0,Low
7000716913,0,0.061523765,0,Low
7001379987,0,0.061521854,0,Low
7001584914,0,0.061476983,0,Low
7000314915,0,0.061476838,0,Low
7001585300,0,0.061474487,0,Low
7000377743,0,0.06144305,0,Low
7001038835,0,0.061429635,0,Low
7000637744,0,0.061415423,0,Low
7001928268,0,0.06136278,0,Low
7000845087,0,0.0613545,0,Low
7000167200,0,0.061339058,0,Low
7002345512,0,0.061328992,0,Low
7001815257,0,0.061315242,0,Low
7001868187,0,0.06131418,0,Low
7000448538,0,0.06130056,0,Low
7001260137,0,0.06129791,0,Low
7002253533,0,0.061294485,0,Low
7001603539,0,0.061287776,0,Low
7000284553,0,0.061281428,0,Low
7000252932,0,0.061257273,0,Low
7000332198,0,0.061242845,0,Low
7002407593,0,0.061242074,0,Low
7001516311,0,0.061235372,0,Low
7000440831,0,0.061180808,0,Low
7001843275,0,0.06117513,0,Low
7001510510,0,0.061138563,0,Low
7001867240,0,0.061117418,0,Low
7001358421,0,0.06111642,0,Low
7001710941,0,0.061089423,0,Low
7000069899,0,0.061076976,0,Low
7002265405,0,0.061051864,0,Low
7000078364,0,0.0610409,0,Low
7000351176,0,0.06104056,0,Low
7001480513,0,0.06104032,0,Low
7001323440,0,0.06103489,0,Low
7001538673,0,0.061000958,0,Low
7002112366,0,0.060970157,0,Low
7001887237,0,0.060966358,0,Low
7000568326,0,0.060935322,0,Low
7000235446,0,0.06092245,0,Low
7001485021,0,0.060911097,0,Low
7000790877,0,0.060909837,0,Low
7000284672,0,0.06088936,0,Low
7002034152,0,0.060844697,0,Low
7000776266,0,0.06083547,0,Low
7001264072,0,0.06080948,0,Low
7001417485,0,0.060774952,0,Low
7000423200,0,0.06077406,0,Low
7000785319,0,0.060753416,0,Low
7001570371,0,0.060750965,0,Low
7000240089,0,0.060745772,0,Low
7000895765,0,0.060735833,0,Low
7000447729,0,0.06073406,0,Low
7001790961,0,0.06072977,0,Low
7001564281,0,0.060719922,0,Low
7000769550,0,0.06070092,0,Low
7002067018,0,0.06069324,0,Low
7001562521,0,0.060683604,0,Low
7001484297,0,0.060679767,0,Low
7001694581,0,0.06065903,0,Low
7000308208,0,0.060647655,0,Low
7000598981,0,0.06063383,0,Low
7000086404,0,0.06063125,0,Low
7001184657,0,0.06062937,0,Low
7002079778,0,0.06061976,0,Low
7001603454,0,0.060555317,0,Low
7000363509,0,0.060552526,0,Low
7001735697,0,0.060546555,0,Low
7001586409,0,0.060528982,0,Low
7001202708,0,0.06051484,0,Low
7001873306,0,0.06050864,0,Low
7000965508,0,0.0604974,0,Low
7001180318,0,0.060474247,0,Low
7001756945,0,0.06045623,0,Low
7000601528,0,0.060434777,0,Low
7001632042,0,0.060428742,0,Low
7001289905,0,0.060416333,0,Low
7000915445,0,0.060414527,0,Low
7001127543,0,0.060387984,0,Low
7002166394,0,0.060380913,0,Low
7000797960,0,0.060353767,0,Low
7001302556,0,0.060353518,0,Low
7002093599,0,0.060351975,0,Low
7002145067,0,0.0603191,0,Low
7001419449,0,0.06031075,0,Low
7001673251,0,0.06029732,0,Low
7000166723,0,0.06029043,0,Low
7002206531,0,0.06027442,0,Low
7001928089,0,0.060272735,0,Low
7000014364,0,0.06026918,0,Low
7001520331,0,0.06024063,0,Low
7000382872,0,0.060195174,0,Low
7001651742,0,0.06018743,0,Low
7002332879,0,0.060171563,0,Low
7001507272,0,0.060162634,0,Low
7001891390,0,0.060152322,0,Low
7000471669,0,0.06012651,0,Low
7001864028,0,0.06012062,0,Low
7001320216,0,0.06010786,0,Low
7001198304,0,0.06009267,0,Low
7000478662,0,0.060083084,0,Low
7000067348,0,0.060064774,0,Low
7000391670,0,0.060047157,0,Low
7000750893,0,0.060039688,0,Low
7001461064,0,0.060038075,0,Low
7002264063,0,0.06002922,0,Low
7000087994,0,0.06002583,0,Low
7002336900,0,0.06001944,0,Low
7002037114,0,0.060019158,0,Low
7002207193,0,0.06000728,0,Low
7002031701,0,0.059987582,0,Low
7001937679,0,0.059975643,0,Low
7001506948,0,0.059975315,0,Low
7001761296,0,0.059969462,0,Low
7001641555,0,0.059944525,0,Low
7000548212,0,0.059920266,0,Low
7001177876,0,0.059902724,0,Low
7000302925,0,0.05988905,0,Low
7000698442,0,0.05988613,0,Low
7000228551,0,0.059876435,0,Low
7002341024,0,0.05987199,0,Low
7001902888,0,0.059845433,0,Low
7000805383,0,0.05984505,0,Low
7001614870,0,0.05982407,0,Low
7001928840,0,0.059808567,0,Low
7002265378,0,0.059786223,0,Low
7000518439,0,0.059773292,0,Low
7001366743,0,0.059764564,0,Low
7002007241,0,0.05970016,0,Low
7001458898,1,0.059681036,0,Low
7001799095,0,0.059667695,0,Low
7002314800,0,0.059657443,0,Low
7000562675,0,0.0596248,0,Low
7002111651,0,0.05962412,0,Low
7001197241,0,0.05962347,0,Low
7000705705,0,0.059602633,0,Low
7001233471,0,0.05958586,0,Low
7001338428,0,0.059572536,0,Low
7000039085,0,0.059568495,0,Low
7000819259,0,0.059544336,0,Low
7000910748,0,0.059515372,0,Low
7000363008,0,0.05939334,0,Low
7002250737,0,0.05936997,0,Low
7001940850,0,0.05936837,0,Low
7000432240,0,0.05935681,0,Low
7001304990,0,0.05934916,0,Low
7001675394,0,0.059334707,0,Low
7001540184,0,0.059331644,0,Low
7000158662,0,0.05932102,0,Low
7000459321,0,0.059310973,0,Low
7000209974,0,0.059309874,0,Low
7001618904,0,0.0592938,0,Low
7001446642,0,0.05928184,0,Low
7002120300,0,0.059279587,0,Low
7000548400,0,0.05927775,0,Low
7002303724,0,0.05925097,0,Low
7001817358,0,0.059236616,0,Low
7000414303,0,0.059223466,0,Low
7000847396,0,0.059219286,0,Low
7001334453,0,0.059212178,0,Low
7001765844,0,0.059212003,0,Low
7001442239,0,0.059199963,0,Low
7001125315,0,0.05918838,0,Low
7001556617,0,0.059148803,0,Low
7002199097,0,0.05912031,0,Low
7001490508,0,0.059103154,0,Low
7001904836,0,0.05908163,0,Low
7000232521,0,0.059079465,0,Low
7001064359,0,0.059078325,0,Low
7002157413,0,0.05907127,0,Low
7000963737,0,0.059070896,0,Low
7001290023,0,0.05905814,0,Low
7002030185,0,0.059017338,0,Low
7000199755,0,0.05897512,0,Low
7002378493,0,0.058953602,0,Low
7001542864,0,0.058938418,0,Low
7001380687,0,0.05890176,0,Low
7000558601,0,0.058889046,0,Low
7000584048,0,0.058883853,0,Low
7000006408,0,0.05887475,0,Low
7000645641,0,0.058874443,0,Low
7000744947,0,0.058868594,0,Low
7000750118,0,0.058866553,0,Low
7001837277,0,0.05883479,0,Low
7002365591,0,0.05883091,0,Low
7002357251,0,0.05879861,0,Low
7000126823,0,0.058774646,0,Low
7000608553,0,0.05875597,0,Low
7000335253,0,0.05874177,0,Low
7002064090,0,0.05870535,0,Low
7002092714,0,0.05870154,0,Low
7002229249,0,0.058653824,0,Low
7000771557,0,0.05863357,0,Low
7000131301,0,0.058622967,0,Low
7000205613,0,0.05861678,0,Low
7000189155,0,0.05861033,0,Low
7001138731,0,0.058594067,0,Low
7002146115,0,0.058579598,0,Low
7002232112,0,0.058573566,0,Low
7001703156,0,0.058570333,0,Low
7002398942,0,0.058561645,0,Low
7000526350,0,0.058560528,0,Low
7001967294,0,0.058545187,0,Low
7000283020,0,0.05851588,0,Low
7000199674,0,0.058498263,0,Low
7000959319,0,0.058482863,0,Low
7000505913,0,0.05846539,0,Low
7001815665,0,0.05846425,0,Low
7001450031,0,0.05845867,0,Low
7002211166,0,0.05845613,0,Low
7000903126,0,0.05845301,0,Low
7000942703,0,0.058445685,0,Low
7000899596,0,0.05842813,0,Low
7001643892,0,0.05836222,0,Low
7001882255,0,0.058333892,0,Low
7001771462,0,0.05832783,0,Low
7000982412,0,0.058319476,0,Low
7002355918,0,0.05830983,0,Low
7000718175,0,0.05830752,0,Low
7001180664,0,0.05829447,0,Low
7000013107,0,0.05827755,0,Low
7001866804,0,0.058261905,0,Low
7000330927,0,0.05824031,0,Low
7000897441,0,0.05822395,0,Low
7000233814,0,0.058219,0,Low
7001260878,0,0.058196142,0,Low
7002049038,0,0.058191698,0,Low
7001667230,0,0.058177937,0,Low
7001588448,0,0.058177248,0,Low
7002121827,0,0.058176532,0,Low
7001290220,0,0.05815912,0,Low
7000756349,0,0.058149967,0,Low
7001000299,0,0.058148384,0,Low
7000557415,0,0.058113556,0,Low
7001467211,1,0.058100928,0,Low
7000774858,0,0.058095485,0,Low
7000582380,0,0.058091648,0,Low
7001968667,0,0.058071904,0,Low
7000922080,0,0.05806431,0,Low
7002136680,0,0.05805949,0,Low
7000335945,0,0.05804803,0,Low
7002393944,0,0.058025792,0,Low
7000937251,0,0.057986826,0,Low
7001914101,0,0.05798124,0,Low
7001438189,0,0.057962857,0,Low
7001546757,0,0.057933964,0,Low
7000324814,0,0.057905067,0,Low
7000402635,0,0.057887312,0,Low
7000084005,0,0.057862677,0,Low
7000928694,0,0.057859976,0,Low
7000138273,1,0.05784432,0,Low
7000233664,0,0.057841994,0,Low
7001942609,0,0.057835106,0,Low
7001086127,0,0.057812873,0,Low
7000004087,0,0.057794277,0,Low
7000958747,0,0.057792302,0,Low
7000123425,0,0.057774182,0,Low
7000964093,0,0.057773508,0,Low
7000926083,0,0.05776323,0,Low
7000514714,0,0.057760008,0,Low
7002326357,0,0.057755172,0,Low
7000910021,0,0.05774951,0,Low
7002295487,0,0.057702117,0,Low
7001521362,0,0.057697836,0,Low
7001646242,0,0.05766948,0,Low
7001645790,0,0.057668623,0,Low
7000802894,0,0.057667278,0,Low
7002348986,0,0.057661317,0,Low
7000757846,0,0.057652187,0,Low
7000039723,0,0.057650983,0,Low
7001628505,0,0.057641905,0,Low
7000125682,0,0.057633486,0,Low
7001317378,0,0.057630494,0,Low
7000844316,0,0.0575982,0,Low
7002164845,0,0.05759243,0,Low
7002115494,0,0.057565685,0,Low
7001759749,0,0.05753703,0,Low
7001385117,0,0.057492644,0,Low
7000170902,0,0.05748027,0,Low
7002029246,0,0.057459053,0,Low
7001025154,0,0.057453386,0,Low
7001351548,0,0.057435673,0,Low
7001131710,0,0.057400767,0,Low
7000740860,0,0.05739898,0,Low
7001547793,0,0.057388164,0,Low
7001078053,0,0.057372604,0,Low
7002188035,0,0.057352245,0,Low
7002397969,0,0.057350375,0,Low
7001415128,0,0.057347707,0,Low
7000160154,0,0.0573459,0,Low
7002341630,0,0.057343774,0,Low
7000378391,0,0.05729978,0,Low
7001627787,0,0.0572858,0,Low
7002341354,0,0.057285167,0,Low
7001858952,0,0.057273567,0,Low
7001476832,0,0.057259884,0,Low
7002199529,0,0.057252124,0,Low
7000659545,0,0.057251118,0,Low
7001184383,0,0.057224475,0,Low
7001791818,0,0.057224218,0,Low
7001951283,0,0.057213765,0,Low
7002343494,0,0.05721312,0,Low
7000360560,0,0.057192326,0,Low
7001097566,0,0.057190605,0,Low
7002371768,0,0.057181466,0,Low
7000324045,0,0.057149366,0,Low
7000340224,0,0.05714677,0,Low
7001470115,0,0.057140056,0,Low
7001899710,0,0.05712432,0,Low
7001322123,0,0.057102367,0,Low
7001392189,0,0.057093892,0,Low
7001461693,0,0.057084396,0,Low
7000061232,0,0.05706587,0,Low
7001310983,0,0.057065018,0,Low
7001777162,0,0.05706343,0,Low
7000623160,0,0.057057373,0,Low
7001056866,0,0.05704515,0,Low
7000779190,0,0.057009447,0,Low
7001451970,0,0.057002448,0,Low
7000648196,0,0.0569831,0,Low
7002398789,0,0.056970123,0,Low
7000481701,0,0.056966674,0,Low
7000710195,0,0.056964457,0,Low
7000328242,0,0.056963976,0,Low
7000341195,0,0.05695528,0,Low
7001074397,0,0.056938313,0,Low
7001037544,0,0.056933343,0,Low
7001316775,0,0.056923155,0,Low
7000983718,0,0.056903746,0,Low
7002029589,0,0.05688549,0,Low
7001683588,0,0.05688279,0,Low
7001595416,0,0.056871127,0,Low
7000228357,0,0.0568515,0,Low
7001129304,0,0.05685037,0,Low
7000357361,0,0.056846797,0,Low
7001649260,0,0.056832604,0,Low
7000649347,0,0.056794386,0,Low
7001154412,0,0.05679111,0,Low
7000194274,0,0.056726642,0,Low
7002088816,0,0.05668672,0,Low
7001609363,0,0.05666972,0,Low
7000480008,0,0.056649126,0,Low
7002149996,0,0.056644816,0,Low
7001707224,0,0.056611348,0,Low
7000586187,0,0.056574233,0,Low
7001239608,0,0.056567077,0,Low
7001768123,0,0.056556515,0,Low
7002358395,0,0.056531817,0,Low
7001718461,0,0.056517806,0,Low
7001655110,0,0.056463555,0,Low
7000811372,0,0.056461386,0,Low
7002095310,0,0.056460764,0,Low
7001561863,0,0.056440063,0,Low
7001443959,0,0.056437396,0,Low
7001643534,0,0.056431953,0,Low
7001007871,0,0.05642337,0,Low
7001846299,0,0.05642171,0,Low
7000093645,0,0.0564163,0,Low
7000469040,0,0.056414053,0,Low
7000647574,0,0.056406364,0,Low
7001520339,0,0.056402836,0,Low
7002325162,0,0.056397267,0,Low
7001082441,0,0.056373756,0,Low
7000134493,0,0.056331437,0,Low
7002021441,0,0.056308072,0,Low
7000006298,0,0.05628774,0,Low
7000958464,0,0.056284864,0,Low
7001979988,0,0.056269243,0,Low
7002260955,0,0.056259014,0,Low
7000560602,0,0.05625724,0,Low
7000394237,0,0.056255624,0,Low
7002268459,0,0.056248683,0,Low
7000223233,0,0.056245334,0,Low
7001292630,0,0.056214385,0,Low
7001154258,0,0.056207843,0,Low
7000342062,0,0.056160636,0,Low
7002124817,0,0.056144223,0,Low
7001632906,0,0.056138523,0,Low
7000395940,0,0.05613687,0,Low
7001653896,0,0.056135718,0,Low
7001553250,0,0.056123428,0,Low
7001364433,0,0.056121558,0,Low
7000849906,0,0.05612036,0,Low
7001711160,0,0.056113943,0,Low
7000075162,0,0.05611156,0,Low
7002177003,0,0.05609239,0,Low
7000949855,0,0.05609035,0,Low
7000710112,0,0.056080125,0,Low
7000744922,0,0.056074105,0,Low
7001950144,0,0.056072664,0,Low
7000594787,0,0.05605094,0,Low
7000415706,0,0.05603134,0,Low
7000894569,0,0.056028605,0,Low
7000480966,0,0.05601004,0,Low
7002279475,0,0.055998042,0,Low
7001251506,0,0.055983726,0,Low
7001742616,0,0.055980667,0,Low
7001844283,0,0.055975378,0,Low
7001622919,0,0.05594113,0,Low
7001119484,0,0.05593892,0,Low
7002251461,0,0.055929143,0,Low
7001002133,0,0.055928856,0,Low
7002100859,0,0.055928234,0,Low
7001052318,0,0.05591594,0,Low
7000994592,0,0.055903897,0,Low
7001940699,0,0.05590114,0,Low
7001329020,0,0.05588832,0,Low
7000277094,0,0.05588557,0,Low
7000013631,0,0.055851575,0,Low
7002068449,0,0.055848405,0,Low
7001576164,0,0.055840433,0,Low
7002015508,0,0.05583821,0,Low
7000659776,0,0.05583086,0,Low
7002262624,0,0.05582971,0,Low
7002406768,0,0.055795554,0,Low
7000980944,0,0.055787403,0,Low
7002259674,0,0.055748787,0,Low
7002248049,0,0.055739924,0,Low
7000179778,0,0.055734064,0,Low
7000225324,0,0.05571755,0,Low
7002006750,0,0.05570534,0,Low
7001322282,0,0.055701096,0,Low
7002336736,0,0.05568486,0,Low
7002076380,0,0.05565499,0,Low
7000268498,0,0.0556535,0,Low
7001906592,0,0.05562211,0,Low
7001883368,0,0.055610713,0,Low
7001681070,0,0.05560946,0,Low
7002343825,0,0.055608135,0,Low
7000996305,0,0.055607457,0,Low
7001270930,0,0.055602197,0,Low
7001768480,0,0.055601157,0,Low
7002384150,0,0.055588104,0,Low
7000905986,0,0.055583876,0,Low
7000962974,0,0.055582695,0,Low
7001856835,0,0.055574425,0,Low
7000303121,0,0.055559084,0,Low
7000287235,0,0.05555789,0,Low
7001632613,0,0.055551477,0,Low
7000635453,0,0.055532064,0,Low
7002156885,0,0.05552054,0,Low
7000465399,0,0.05548388,0,Low
7001695257,0,0.05546307,0,Low
7000650205,0,0.055449173,0,Low
7000365206,0,0.05542725,0,Low
7001464622,0,0.055417288,0,Low
7000885269,0,0.05541634,0,Low
7001609828,0,0.055398952,0,Low
7002259820,0,0.055378597,0,Low
7000866917,0,0.055376228,0,Low
7001424924,0,0.055372722,0,Low
7000694165,0,0.055372372,0,Low
7000677657,0,0.05536876,0,Low
7001750872,0,0.05534915,0,Low
7001666384,0,0.055332307,0,Low
7000775617,0,0.055324905,0,Low
7001676364,0,0.055323362,0,Low
7002109767,0,0.055297524,0,Low
7001101745,0,0.055291157,0,Low
7001674372,0,0.055282988,0,Low
7001194357,0,0.05527617,0,Low
7002298200,0,0.055238936,0,Low
7001144660,0,0.05523653,0,Low
7002296183,0,0.055219196,0,Low
7000141521,0,0.055216387,0,Low
7001443973,0,0.055213958,0,Low
7001130353,0,0.055209793,0,Low
7002002188,0,0.05520498,0,Low
7000800952,0,0.055200443,0,Low
7000929628,0,0.055188593,0,Low
7001765730,0,0.055176113,0,Low
7001862389,0,0.055148363,0,Low
7000522169,0,0.055146698,0,Low
7000852982,0,0.055140443,0,Low
7001270262,0,0.055128355,0,Low
7002356735,0,0.055117305,0,Low
7001449224,0,0.055115007,0,Low
7001423515,0,0.055101626,0,Low
7002213888,0,0.05509963,0,Low
7001553312,0,0.05509607,0,Low
7001874126,0,0.055087846,0,Low
7000098314,0,0.055071183,0,Low
7001108365,0,0.05506881,0,Low
7000758046,0,0.05502931,0,Low
7001903324,0,0.055027254,0,Low
7001532444,0,0.05501871,0,Low
7001903583,0,0.05501171,0,Low
7001575845,0,0.054980285,0,Low
7001019398,0,0.054976232,0,Low
7001008565,0,0.054967448,0,Low
7001507868,0,0.054924123,0,Low
7001260952,0,0.05490695,0,Low
7001469795,0,0.05489752,0,Low
7001987866,0,0.05487746,0,Low
7002068142,0,0.054868,0,Low
7001499438,0,0.054860733,0,Low
7001050514,0,0.054841742,0,Low
7001010540,0,0.0548348,0,Low
7001097119,0,0.054834086,0,Low
7001945980,0,0.05482709,0,Low
7002291534,0,0.05482373,0,Low
7001722177,0,0.05479558,0,Low
7001970223,0,0.05478473,0,Low
7001455376,0,0.054782886,0,Low
7001031895,0,0.054772962,0,Low
7000090711,0,0.054767888,0,Low
7000861560,0,0.05475699,0,Low
7001493218,0,0.054751843,0,Low
7000997857,0,0.054750893,0,Low
7002254956,0,0.054749317,0,Low
7001283980,0,0.054731615,0,Low
7001235270,0,0.054702934,0,Low
7001249894,0,0.05469201,0,Low
7000374143,0,0.05468064,0,Low
7001841708,0,0.054663602,0,Low
7002406396,0,0.05464522,0,Low
7000793315,0,0.054627024,0,Low
7001801709,0,0.05461791,0,Low
7000659170,0,0.054603193,0,Low
7002133414,0,0.0545972,0,Low
7001925621,0,0.054561283,0,Low
7000608408,0,0.054550476,0,Low
7001347928,0,0.054548632,0,Low
7001840577,0,0.054535184,0,Low
7002033529,0,0.054525033,0,Low
7000187712,0,0.054507885,0,Low
7000037692,0,0.054501604,0,Low
7002166706,0,0.054492787,0,Low
7000696198,0,0.05448297,0,Low
7000239748,0,0.05444309,0,Low
7001839445,0,0.054441642,0,Low
7001934841,0,0.054408874,0,Low
7000562711,0,0.054399587,0,Low
7002030678,0,0.054385435,0,Low
7001860852,0,0.05438155,0,Low
7001561568,0,0.05437579,0,Low
7000566891,0,0.05436625,0,Low
7002169491,0,0.054349367,0,Low
7000936282,0,0.05432953,0,Low
7000087264,0,0.054328695,0,Low
7001231592,0,0.054325413,0,Low
7002109488,0,0.054313388,0,Low
7002062862,0,0.05431129,0,Low
7000799225,0,0.054298263,0,Low
7000180375,0,0.054259475,0,Low
7002235969,0,0.054259017,0,Low
7000202535,0,0.05424356,0,Low
7000274534,0,0.054242253,0,Low
7000660304,0,0.054241985,0,Low
7001724064,0,0.054240335,0,Low
7000611116,0,0.05423058,0,Low
7001292772,0,0.05420742,0,Low
7001370432,0,0.054204367,0,Low
7000267210,0,0.05417698,0,Low
7001180478,0,0.0541734,0,Low
7000835562,0,0.054165717,0,Low
7001609270,0,0.054154504,0,Low
7001715668,0,0.054152656,0,Low
7000864378,0,0.054124895,0,Low
7001524151,0,0.05412172,0,Low
7002240027,0,0.05409989,0,Low
7001412296,0,0.054098994,0,Low
7001750878,0,0.05407309,0,Low
7001994358,0,0.054070108,0,Low
7000198456,0,0.054067582,0,Low
7001329926,0,0.054065716,0,Low
7001102030,0,0.054046225,0,Low
7001498619,0,0.054045126,0,Low
7000253807,0,0.0540397,0,Low
7000324780,0,0.054011945,0,Low
7000413884,0,0.053998593,0,Low
7000359394,0,0.05396286,0,Low
7000638693,0,0.053953517,0,Low
7000204573,0,0.053948473,0,Low
7000157194,0,0.053946942,0,Low
7000428604,0,0.053928394,0,Low
7001671276,0,0.05392834,0,Low
7000660937,0,0.05391277,0,Low
7000477980,0,0.05389857,0,Low
7001369386,0,0.053880144,0,Low
7000064952,0,0.053841025,0,Low
7002037977,0,0.053840388,0,Low
7000254639,0,0.053833432,0,Low
7000873901,0,0.053804778,0,Low
7000504722,0,0.053804256,0,Low
7001414836,0,0.053793393,0,Low
7001983433,0,0.053791936,0,Low
7000482554,0,0.053771637,0,Low
7001276176,0,0.05376247,0,Low
7001035376,0,0.053759873,0,Low
7000687097,0,0.053756732,0,Low
7000446535,0,0.053750042,0,Low
7000128559,0,0.05374658,0,Low
7001226948,0,0.053745337,0,Low
7000827840,0,0.053743064,0,Low
7002049067,0,0.053737685,0,Low
7001289763,0,0.0536719,0,Low
7000100088,0,0.053630795,0,Low
7001925333,0,0.053605933,0,Low
7000678502,0,0.053564746,0,Low
7000017020,0,0.05354225,0,Low
7002088789,0,0.05352907,0,Low
7001221639,0,0.05350436,0,Low
7001834293,0,0.0534989,0,Low
7000981519,0,0.053475857,0,Low
7001824254,0,0.053456448,0,Low
7002186796,0,0.053430885,0,Low
7001926047,0,0.05341085,0,Low
7001353280,0,0.053406436,0,Low
7000964855,0,0.053398535,0,Low
7000846229,0,0.053323142,0,Low
7000717241,0,0.053310808,0,Low
7000447095,0,0.05330614,0,Low
7002029627,0,0.05329703,0,Low
7000871919,0,0.053282537,0,Low
7002053288,0,0.053281974,0,Low
7001913352,0,0.053277716,0,Low
7001702390,0,0.053266987,0,Low
7001131426,0,0.053265907,0,Low
7002020544,0,0.053259883,0,Low
7000876628,0,0.053224225,0,Low
7001035024,0,0.053213436,0,Low
7000472083,0,0.053209767,0,Low
7000250141,0,0.05320905,0,Low
7000885855,0,0.05317865,0,Low
7001137590,0,0.053174205,0,Low
7000622402,0,0.05317218,0,Low
7001367421,0,0.053157743,0,Low
7001865454,0,0.05315683,0,Low
7000922304,0,0.053148106,0,Low
7000685809,0,0.05314441,0,Low
7002238443,0,0.0531436,0,Low
7001588900,0,0.05314309,0,Low
7000409082,0,0.05313676,0,Low
7001505811,0,0.053130794,0,Low
7002221020,0,0.05312714,0,Low
7001662562,0,0.05311673,0,Low
7001092827,0,0.05311642,0,Low
7000693807,0,0.053114593,0,Low
7001104138,0,0.053101957,0,Low
7000096505,0,0.0531018,0,Low
7002179878,0,0.053101107,0,Low
7001890804,0,0.053091142,0,Low
7000730728,0,0.053085644,0,Low
7000357010,0,0.053082645,0,Low
7000989723,0,0.05307977,0,Low
7001491795,0,0.053073388,0,Low
7000323480,0,0.053068247,0,Low
7000432177,0,0.053062268,0,Low
7002054858,0,0.053060975,0,Low
7001366690,0,0.05304256,0,Low
7000300405,0,0.053039294,0,Low
7001586673,0,0.053035785,0,Low
7001016444,0,0.053024784,0,Low
7001427833,0,0.052999135,0,Low
7002112069,0,0.052987587,0,Low
7000891936,0,0.05298163,0,Low
7002052334,0,0.052973986,0,Low
7000990152,0,0.052972585,0,Low
7000736271,0,0.052965302,0,Low
7001074298,0,0.052965205,0,Low
7001387695,0,0.052954577,0,Low
7000712388,0,0.052949853,0,Low
7001611991,0,0.05294664,0,Low
7000687723,0,0.052910652,0,Low
7000531888,0,0.052905805,0,Low
7001691837,0,0.05290297,0,Low
7000234213,0,0.052870736,0,Low
7002402004,0,0.052801616,0,Low
7001853680,0,0.052778967,0,Low
7001317460,1,0.052768167,0,Low
7000243401,0,0.05275491,0,Low
7001200120,0,0.052734923,0,Low
7001631805,0,0.052731488,0,Low
7000230441,0,0.052724596,0,Low
7001561076,0,0.05271789,0,Low
7000371737,0,0.052708738,0,Low
7002354615,0,0.052704792,0,Low
7002202436,0,0.052702546,0,Low
7000067531,0,0.052690536,0,Low
7000867433,0,0.05267395,0,Low
7001846623,0,0.052663755,0,Low
7002091927,0,0.052659154,0,Low
7001183304,0,0.05265197,0,Low
7001367318,0,0.052637488,0,Low
7000026928,0,0.052628405,0,Low
7001896944,0,0.052622806,0,Low
7001749424,0,0.052615687,0,Low
7001815399,0,0.05259357,0,Low
7000402699,0,0.05258521,0,Low
7001203782,0,0.05258186,0,Low
7001358488,0,0.05257967,0,Low
7001284544,0,0.052570123,0,Low
7001687928,0,0.05255073,0,Low
7002247150,0,0.052453578,0,Low
7000094483,0,0.052450545,0,Low
7001245677,0,0.05244647,0,Low
7001599402,0,0.052438363,0,Low
7001396656,0,0.05243653,0,Low
7002207622,0,0.05243363,0,Low
7001805523,0,0.052427065,0,Low
7001147855,0,0.052421525,0,Low
7000058419,0,0.05240626,0,Low
7000148488,0,0.052377693,0,Low
7002072335,0,0.052368347,0,Low
7002056930,0,0.05236668,0,Low
7002228777,0,0.052361004,0,Low
7001366112,0,0.05235454,0,Low
7001480510,0,0.052351832,0,Low
7001394581,0,0.0523498,0,Low
7001519995,0,0.052345462,0,Low
7002107355,0,0.05230066,0,Low
7001045334,0,0.05229829,0,Low
7001472249,0,0.05227159,0,Low
7001113113,0,0.052268945,0,Low
7001505702,0,0.05225749,0,Low
7001519227,0,0.052240368,0,Low
7000257038,0,0.052236784,0,Low
7000698446,0,0.05223427,0,Low
7001541917,0,0.05222703,0,Low
7001176840,0,0.052210975,0,Low
7000160126,0,0.052207373,0,Low
7001194332,0,0.052201487,0,Low
7001777565,0,0.05218493,0,Low
7002279710,0,0.052178618,0,Low
7000440474,0,0.05217624,0,Low
7001906999,0,0.052167125,0,Low
7000283028,0,0.052162886,0,Low
7000492206,0,0.05215826,0,Low
7000512813,0,0.05214486,0,Low
7001823961,0,0.05214121,0,Low
7002348464,0,0.052139748,0,Low
7001599572,0,0.052080225,0,Low
7001240846,0,0.052075014,0,Low
7002139143,0,0.052064173,0,Low
7000008477,0,0.05206042,0,Low
7001245682,0,0.052004397,0,Low
7002410382,0,0.052002117,0,Low
7000619659,0,0.051988345,0,Low
7001933836,0,0.05197798,0,Low
7001777038,0,0.051973186,0,Low
7001369980,0,0.051952478,0,Low
7001875012,0,0.05195247,0,Low
7001961545,0,0.051949885,0,Low
7001171413,0,0.05194467,0,Low
7001618918,0,0.051901426,0,Low
7000150055,0,0.051900193,0,Low
7000248259,0,0.051887345,0,Low
7001114665,0,0.051880404,0,Low
7002073222,0,0.051874906,0,Low
7002117886,0,0.051871058,0,Low
7001742112,0,0.05186725,0,Low
7001162163,0,0.051855348,0,Low
7000323718,0,0.051852465,0,Low
7001310697,0,0.051819466,0,Low
7000683626,0,0.05181698,0,Low
7001715459,0,0.051814288,0,Low
7002347367,0,0.051804274,0,Low
7000020558,0,0.051801838,0,Low
7002338791,0,0.051794827,0,Low
7000337343,0,0.05178979,0,Low
7000335384,0,0.05177684,0,Low
7001650989,0,0.051750384,0,Low
7000901105,0,0.051730085,0,Low
7001913316,0,0.051713858,0,Low
7000620626,0,0.05170329,0,Low
7001417555,0,0.051697973,0,Low
7000274692,0,0.051697407,0,Low
7000025262,0,0.051693454,0,Low
7001537106,0,0.05168889,0,Low
7002055338,0,0.051684435,0,Low
7000214170,0,0.051675357,0,Low
7000091805,0,0.05167318,0,Low
7000096744,0,0.051667083,0,Low
7000013656,0,0.051666737,0,Low
7000627960,0,0.051655028,0,Low
7000875198,0,0.051638998,0,Low
7001478316,0,0.051618498,0,Low
7000925629,0,0.05160383,0,Low
7000795718,0,0.051592756,0,Low
7002274694,0,0.05157967,0,Low
7001601209,0,0.051576708,0,Low
7000424241,0,0.051570825,0,Low
7000382893,0,0.051566992,0,Low
7000785154,0,0.051549856,0,Low
7001663748,0,0.05154842,0,Low
7002036232,0,0.051547755,0,Low
7001907387,0,0.051541813,0,Low
7000040379,0,0.051529087,0,Low
7000509376,0,0.05152672,0,Low
7000178569,0,0.051523786,0,Low
7001140746,0,0.051516537,0,Low
7001527989,0,0.0515143,0,Low
7000348170,0,0.051504828,0,Low
7001398394,0,0.051490135,0,Low
7000012322,0,0.051475767,0,Low
7001394956,0,0.051460333,0,Low
7000797343,0,0.05145711,0,Low
7001206622,0,0.051452782,0,Low
7001860637,0,0.051441662,0,Low
7000978292,0,0.051413465,0,Low
7000287052,0,0.051412325,0,Low
7002361393,0,0.051369928,0,Low
7000756183,0,0.051323712,0,Low
7000722924,0,0.051319662,0,Low
7000629384,0,0.051317643,0,Low
7002100498,0,0.051311333,0,Low
7000972473,0,0.05128832,0,Low
7001348557,0,0.05127867,0,Low
7001158407,0,0.051272787,0,Low
7001802619,0,0.051268302,0,Low
7000924693,0,0.05125056,0,Low
7000720868,0,0.051225424,0,Low
7000971757,0,0.051217407,0,Low
7001717323,0,0.051212028,0,Low
7001660898,0,0.051190186,0,Low
7001671524,0,0.051184695,0,Low
7002005752,0,0.05117571,0,Low
7000556980,0,0.051158708,0,Low
7000491182,0,0.05112474,0,Low
7002140647,0,0.051110044,0,Low
7001658077,0,0.051102422,0,Low
7002161654,0,0.051102124,0,Low
7000669505,0,0.05108498,0,Low
7001451680,0,0.051070996,0,Low
7001894139,0,0.051054694,0,Low
7001960667,0,0.051052883,0,Low
7000418025,0,0.051052075,0,Low
7000625610,0,0.05104267,0,Low
7002054502,0,0.05102862,0,Low
7000385351,0,0.05102847,0,Low
7001092848,0,0.051014863,0,Low
7000385614,0,0.050978363,0,Low
7000906172,0,0.050978042,0,Low
7000012307,0,0.0509248,0,Low
7001908893,0,0.0509241,0,Low
7000013619,0,0.050898638,0,Low
7001539000,0,0.050893754,0,Low
7000194431,0,0.05088946,0,Low
7001290520,0,0.050888814,0,Low
7001078393,0,0.050877564,0,Low
7000940844,0,0.050871253,0,Low
7000243629,0,0.050864097,0,Low
7000854781,0,0.050858513,0,Low
7002150809,0,0.050854314,0,Low
7001972328,0,0.05084527,0,Low
7001521887,0,0.05083664,0,Low
7000860292,0,0.0508284,0,Low
7002384598,0,0.050809495,0,Low
7002212991,0,0.050805967,0,Low
7000236096,0,0.050777968,0,Low
7002003880,0,0.050774436,0,Low
7001147800,0,0.05077099,0,Low
7000925858,0,0.05077014,0,Low
7001048914,0,0.05076836,0,Low
7000232839,0,0.05075989,0,Low
7001901915,0,0.050753795,0,Low
7001765296,0,0.050751664,0,Low
7002406233,0,0.050749175,0,Low
7001252457,0,0.05073218,0,Low
7001764098,0,0.05073095,0,Low
7000164369,0,0.05072993,0,Low
7000280188,0,0.05069889,0,Low
7001371879,0,0.05069274,0,Low
7000812380,0,0.050691284,0,Low
7001999740,0,0.0506759,0,Low
7002269386,0,0.050663583,0,Low
7000521168,0,0.05066207,0,Low
7000652672,0,0.05066079,0,Low
7001452939,0,0.050642733,0,Low
7000201144,0,0.05062963,0,Low
7001298925,0,0.050628643,0,Low
7001573870,0,0.050614767,0,Low
7000555571,0,0.050609995,0,Low
7001010026,0,0.050597943,0,Low
7002377136,0,0.050577376,0,Low
7002242244,0,0.05057566,0,Low
7000023260,0,0.050569385,0,Low
7000246725,0,0.05055349,0,Low
7000071357,0,0.050552905,0,Low
7002018679,0,0.05054309,0,Low
7001070048,0,0.05052897,0,Low
7002342342,0,0.050521865,0,Low
7001171333,0,0.050500713,0,Low
7000913334,0,0.05046927,0,Low
7002258569,0,0.05046733,0,Low
7001395612,0,0.050467204,0,Low
7001948599,0,0.05045858,0,Low
7001628961,0,0.050444588,0,Low
7000797137,0,0.05043247,0,Low
7002033104,0,0.050413307,0,Low
7000279461,0,0.050404336,0,Low
7000559279,0,0.05040379,0,Low
7001002088,0,0.050401412,0,Low
7000352653,0,0.050360885,0,Low
7001377605,0,0.050354764,0,Low
7000048708,0,0.050334357,0,Low
7000446909,0,0.050329525,0,Low
7002204233,0,0.050315045,0,Low
7001400046,0,0.050270043,0,Low
7000427706,0,0.050268847,0,Low
7000773837,0,0.050250795,0,Low
7002146497,0,0.05024696,0,Low
7000840608,0,0.050240725,0,Low
7002237313,0,0.050239738,0,Low
7000004577,0,0.050199308,0,Low
7000497731,0,0.050187536,0,Low
7002212375,0,0.050185386,0,Low
7000341282,0,0.050183117,0,Low
7001270540,0,0.050177544,0,Low
7000532845,0,0.05017702,0,Low
7000515414,0,0.050169345,0,Low
7001778464,0,0.050151702,0,Low
7002360002,0,0.050118152,0,Low
7001937686,0,0.050114587,0,Low
7002393749,0,0.05009787,0,Low
7002231191,0,0.050088186,0,Low
7001823855,0,0.050086763,0,Low
7002156866,0,0.050071202,0,Low
7000663833,0,0.050069686,0,Low
7001338021,0,0.050066363,0,Low
7000029105,0,0.05006005,0,Low
7000608117,0,0.05005131,0,Low
7000058526,0,0.050039075,0,Low
7001507196,0,0.050016865,0,Low
7002093242,0,0.050016537,0,Low
7000469816,0,0.04999854,0,Low
7002296714,0,0.049986042,0,Low
7001249798,0,0.04998285,0,Low
7000382281,0,0.049980935,0,Low
7001623791,0,0.049975544,0,Low
7001918080,0,0.049969412,0,Low
7002082403,0,0.049955692,0,Low
7001996710,0,0.04995556,0,Low
7000628886,0,0.04994181,0,Low
7000960628,0,0.049871664,0,Low
7001686239,0,0.049869295,0,Low
7000307705,0,0.049868956,0,Low
7001256228,0,0.049855832,0,Low
7000824482,0,0.049800552,0,Low
7002302503,0,0.04979774,0,Low
7000109814,0,0.049796477,0,Low
7002094312,0,0.04978087,0,Low
7002354551,0,0.049780484,0,Low
7000608197,0,0.04977797,0,Low
7001875797,0,0.049756218,0,Low
7002320824,0,0.049744453,0,Low
7001836481,0,0.049738716,0,Low
7000088715,0,0.04971647,0,Low
7000373756,0,0.049706668,0,Low
7000920643,0,0.049690656,0,Low
7001151364,0,0.04968355,0,Low
7002057974,0,0.04966776,0,Low
7000060233,0,0.04965139,0,Low
7000557929,0,0.049644664,0,Low
7001627670,0,0.04962912,0,Low
7001249480,0,0.049625218,0,Low
7001806723,0,0.04960458,0,Low
7001321108,0,0.04959804,0,Low
7000321763,0,0.049591385,0,Low
7000516778,0,0.049587145,0,Low
7001620025,0,0.04957054,0,Low
7001896232,0,0.04953874,0,Low
7001839927,0,0.049520265,0,Low
7001264840,0,0.049504947,0,Low
7001563066,1,0.04949887,0,Low
7001640165,0,0.04949538,0,Low
7001994170,0,0.04948567,0,Low
7000263342,0,0.04948235,0,Low
7000185344,0,0.049459346,0,Low
7001838002,0,0.049442936,0,Low
7001667428,0,0.049437672,0,Low
7000653581,0,0.04943362,0,Low
7001856156,0,0.049423143,0,Low
7002194109,0,0.049412377,0,Low
7001623998,0,0.049401585,0,Low
7000468123,0,0.049372885,0,Low
7000320430,0,0.049342286,0,Low
7000113050,0,0.049321447,0,Low
7000507127,0,0.04930667,0,Low
7002025713,0,0.049298823,0,Low
7002365536,0,0.04929068,0,Low
7002229819,0,0.04924911,0,Low
7001114962,0,0.04922807,0,Low
7002016035,0,0.049218334,0,Low
7001590485,0,0.049214147,0,Low
7001032115,0,0.04920712,0,Low
7000965568,0,0.049188886,0,Low
7002303846,0,0.04914573,0,Low
7001077554,0,0.049137328,0,Low
7001764431,0,0.049131077,0,Low
7001053761,0,0.049126912,0,Low
7002326220,0,0.04910744,0,Low
7000564525,0,0.04910573,0,Low
7001154687,0,0.049105622,0,Low
7001625197,0,0.049094267,0,Low
7001732499,0,0.049088426,0,Low
7001271272,0,0.049079478,0,Low
7001518131,0,0.049074613,0,Low
7001299562,0,0.04907178,0,Low
7001483835,0,0.049028054,0,Low
7000994630,0,0.049027484,0,Low
7001282238,0,0.049012538,0,Low
7000024663,0,0.049009193,0,Low
7001309427,0,0.04900148,0,Low
7001650077,0,0.049000412,0,Low
7000837763,0,0.048990358,0,Low
7002109033,0,0.048967116,0,Low
7002236595,0,0.04895727,0,Low
7001439650,0,0.04895587,0,Low
7001593099,0,0.048940808,0,Low
7001601664,0,0.048938178,0,Low
7000924013,0,0.048932943,0,Low
7001794404,0,0.048915334,0,Low
7000805258,0,0.048913993,0,Low
7001090839,0,0.04889709,0,Low
7001261306,0,0.048896663,0,Low
7000277602,0,0.04887582,0,Low
7001373888,0,0.048860934,0,Low
7001057217,0,0.04885421,0,Low
7002182982,0,0.048840113,0,Low
7000824042,0,0.04882125,0,Low
7002060400,0,0.048818164,0,Low
7001032198,0,0.048816368,0,Low
7001280007,0,0.048814744,0,Low
7001008638,0,0.048811886,0,Low
7001124003,0,0.048798934,0,Low
7001186284,0,0.048782174,0,Low
7002140817,0,0.048753392,0,Low
7002152271,0,0.048749942,0,Low
7000921266,0,0.048748907,0,Low
7001136601,0,0.0487438,0,Low
7000723294,0,0.048740767,0,Low
7000026409,0,0.0487346,0,Low
7002268713,0,0.048691522,0,Low
7001749125,0,0.048679035,0,Low
7001910604,0,0.048674673,0,Low
7002077711,0,0.048669983,0,Low
7001810839,0,0.048661847,0,Low
7000706880,0,0.048660677,0,Low
7000223854,0,0.04865574,0,Low
7000439954,0,0.04865295,0,Low
7000677068,0,0.048647765,0,Low
7001363586,0,0.048647556,0,Low
7001963825,0,0.048637494,0,Low
7000876331,0,0.04863222,0,Low
7001801337,0,0.0486065,0,Low
7001499519,0,0.048603326,0,Low
7001612397,0,0.048602488,0,Low
7000369292,0,0.048596747,0,Low
7000958964,0,0.048562728,0,Low
7002136670,0,0.04853994,0,Low
7001691461,0,0.048518132,0,Low
7000590865,0,0.04851645,0,Low
7001792145,0,0.0485087,0,Low
7001696082,0,0.048497345,0,Low
7000612531,0,0.048489306,0,Low
7001740118,0,0.048486907,0,Low
7000756663,0,0.048481274,0,Low
7001216224,0,0.048470125,0,Low
7001440491,0,0.048468824,0,Low
7000053845,0,0.048466496,0,Low
7000965794,0,0.048463657,0,Low
7001030892,0,0.04845406,0,Low
7000642768,0,0.048431247,0,Low
7000543685,0,0.048422962,0,Low
7001864853,0,0.04842163,0,Low
7001678016,0,0.048400167,0,Low
7000831134,0,0.048399005,0,Low
7000856537,0,0.0483961,0,Low
7002028676,0,0.04838985,0,Low
7000852640,0,0.048379026,0,Low
7000000809,0,0.04836751,0,Low
7001344094,0,0.04833073,0,Low
7000296979,0,0.048330348,0,Low
7000183845,0,0.048319787,0,Low
7001424814,0,0.04831959,0,Low
7000479533,0,0.048285067,0,Low
7001031150,0,0.04827442,0,Low
7002126577,0,0.04824141,0,Low
7002140393,0,0.048238073,0,Low
7001051426,0,0.048224133,0,Low
7000572799,0,0.04820554,0,Low
7001187977,0,0.0482018,0,Low
7001896490,0,0.048168257,0,Low
7000868535,0,0.048166845,0,Low
7001475923,0,0.048161816,0,Low
7000530127,0,0.048157215,0,Low
7001368118,0,0.048155338,0,Low
7001974100,0,0.04814806,0,Low
7001347118,0,0.048110954,0,Low
7002121766,0,0.04809364,0,Low
7002146323,0,0.048091345,0,Low
7000834283,0,0.04808191,0,Low
7001502244,0,0.048043303,0,Low
7002385711,0,0.048039682,0,Low
7001556586,0,0.04803413,0,Low
7002227462,0,0.048033543,0,Low
7001109081,0,0.047997538,0,Low
7001481641,0,0.047997035,0,Low
7000362527,0,0.047990926,0,Low
7000313250,0,0.04798696,0,Low
7002175244,0,0.047976863,0,Low
7001681939,0,0.04796957,0,Low
7001746888,0,0.04796706,0,Low
7000150387,0,0.047940094,0,Low
7001394774,0,0.0479337,0,Low
7000227477,0,0.047930483,0,Low
7001221323,0,0.04792272,0,Low
7002103191,0,0.047920063,0,Low
7000282843,0,0.0479173,0,Low
7001465752,0,0.047904182,0,Low
7000978807,1,0.047894575,0,Low
7000676121,0,0.047888134,0,Low
7000252972,0,0.04787421,0,Low
7000265580,0,0.047868367,0,Low
7001883927,0,0.047859143,0,Low
7000981118,0,0.047853854,0,Low
7002042870,0,0.047846712,0,Low
7002000585,0,0.047844727,0,Low
7002025665,0,0.04780753,0,Low
7001304237,0,0.04780079,0,Low
7001012307,0,0.047797956,0,Low
7002060865,0,0.0477874,0,Low
7002145106,0,0.04777331,0,Low
7001571876,0,0.047767702,0,Low
7001269531,0,0.04775956,0,Low
7000414889,0,0.047718234,0,Low
7000918333,0,0.04771251,0,Low
7001629393,0,0.04770659,0,Low
7001676373,0,0.047699656,0,Low
7001867930,0,0.04767096,0,Low
7001581060,0,0.047669318,0,Low
7000171360,0,0.047653012,0,Low
7000502277,0,0.04763362,0,Low
7001338087,0,0.047624346,0,Low
7001145282,0,0.047593836,0,Low
7001099805,0,0.047558524,0,Low
7001522276,0,0.04755499,0,Low
7001190181,0,0.047543686,0,Low
7000270908,0,0.047537144,0,Low
7001405186,0,0.047516894,0,Low
7002217376,0,0.047516443,0,Low
7000316233,0,0.047505695,0,Low
7001947767,0,0.047504555,0,Low
7000145973,0,0.04750187,0,Low
7000330110,0,0.047496837,0,Low
7002218035,0,0.047475714,0,Low
7000294948,0,0.04745089,0,Low
7001876587,0,0.047449846,0,Low
7001889170,0,0.047420498,0,Low
7001371054,0,0.04740399,0,Low
7001185966,0,0.047401655,0,Low
7000789664,0,0.04739316,0,Low
7000454494,0,0.04739019,0,Low
7002082639,0,0.04737787,0,Low
7001462272,0,0.047366314,0,Low
7001731431,0,0.047356118,0,Low
7001235238,0,0.047349542,0,Low
7000797206,0,0.04734065,0,Low
7000738001,0,0.04733533,0,Low
7001973983,0,0.047329254,0,Low
7001315007,0,0.047323223,0,Low
7001292012,0,0.047301386,0,Low
7001020476,0,0.047301024,0,Low
7001071457,0,0.047296878,0,Low
7000809579,0,0.04729619,0,Low
7001226599,0,0.047292836,0,Low
7000984250,0,0.047292694,0,Low
7001311580,0,0.04728969,0,Low
7001881002,0,0.047289506,0,Low
7001735243,0,0.047283277,0,Low
7000965015,0,0.047275912,0,Low
7001906496,0,0.0472685,0,Low
7002173766,0,0.04723423,0,Low
7001038790,0,0.04722235,0,Low
7000661633,0,0.047213472,0,Low
7002264255,0,0.04721046,0,Low
7001737914,0,0.047192637,0,Low
7002083907,0,0.047192164,0,Low
7002039624,0,0.047173236,0,Low
7002404612,0,0.047153853,0,Low
7002087138,0,0.04715097,0,Low
7000671980,0,0.047131237,0,Low
7002134088,0,0.047122616,0,Low
7002190618,0,0.047119103,0,Low
7002403443,0,0.047113225,0,Low
7001565337,0,0.047092177,0,Low
7001904150,0,0.04708317,0,Low
7001604422,0,0.04707624,0,Low
7001245042,0,0.04707071,0,Low
7000379167,0,0.04706472,0,Low
7001087076,0,0.04706032,0,Low
7001522608,0,0.047056627,0,Low
7001670030,0,0.047010157,0,Low
7001447975,0,0.04700878,0,Low
7000722746,0,0.04700774,0,Low
7001445685,0,0.047004964,0,Low
7001286480,0,0.04700016,0,Low
7002101785,0,0.046985026,0,Low
7000604813,0,0.04697337,0,Low
7001447142,0,0.046966143,0,Low
7001714892,0,0.046958547,0,Low
7000593008,0,0.046940327,0,Low
7000241938,0,0.04691743,0,Low
7001291149,0,0.046912987,0,Low
7000821032,0,0.046910793,0,Low
7000230495,0,0.04690949,0,Low
7000214971,0,0.046885215,0,Low
7000778651,0,0.046880208,0,Low
7001115655,0,0.04687428,0,Low
7000256219,0,0.04686457,0,Low
7000896375,0,0.0468532,0,Low
7002388945,0,0.046834204,0,Low
7001052078,0,0.046828493,0,Low
7002304737,0,0.046813723,0,Low
7001220655,0,0.04680436,0,Low
7001684376,0,0.046796076,0,Low
7000308302,0,0.04677679,0,Low
7001822521,0,0.046772633,0,Low
7000921272,0,0.046770718,0,Low
7000113295,0,0.046767294,0,Low
7000274180,0,0.046763193,0,Low
7001154871,0,0.046749678,0,Low
7002211577,0,0.046742845,0,Low
7002365523,0,0.046741635,0,Low
7001629177,0,0.04673949,0,Low
7000865949,0,0.04672212,0,Low
7002155812,0,0.04671458,0,Low
7001000686,0,0.046702843,0,Low
7000477934,0,0.046702113,0,Low
7000636133,0,0.04669309,0,Low
7000972768,0,0.046684895,0,Low
7002089886,0,0.046667997,0,Low
7002356266,0,0.046654474,0,Low
7000815974,0,0.04665332,0,Low
7002279991,0,0.046639558,0,Low
7000888806,0,0.04663651,0,Low
7000979865,0,0.046634912,0,Low
7001153302,0,0.046623245,0,Low
7001730730,0,0.046622448,0,Low
7000970842,0,0.046611372,0,Low
7002011574,0,0.046584226,0,Low
7001640314,0,0.046578024,0,Low
7001718575,0,0.046577778,0,Low
7001399604,0,0.046577644,0,Low
7000879058,0,0.046564713,0,Low
7000310353,0,0.046544757,0,Low
7000826805,0,0.04652076,0,Low
7001250749,0,0.046498932,0,Low
7000813968,0,0.04649089,0,Low
7000189952,0,0.04649018,0,Low
7001078458,0,0.04645261,0,Low
7001751404,0,0.046413597,0,Low
7001012249,0,0.046404544,0,Low
7001972028,0,0.046387877,0,Low
7001872728,0,0.046387475,0,Low
7001837641,0,0.046380315,0,Low
7001687724,0,0.04637304,0,Low
7000166797,0,0.046373017,0,Low
7000325820,0,0.04636548,0,Low
7001224446,0,0.046363827,0,Low
7001503507,0,0.046344634,0,Low
7001225377,0,0.046339765,0,Low
7001687649,0,0.046330176,0,Low
7000164001,0,0.0463241,0,Low
7000122735,0,0.04632114,0,Low
7000580001,0,0.04631919,0,Low
7001244270,0,0.046303377,0,Low
7000648074,0,0.046293825,0,Low
7001209933,0,0.046281166,0,Low
7002376067,0,0.046274465,0,Low
7000402905,0,0.0462421,0,Low
7000730684,0,0.046211623,0,Low
7000538451,0,0.04620745,0,Low
7001358755,0,0.046203077,0,Low
7000359421,0,0.04619533,0,Low
7001964298,0,0.04618621,0,Low
7001948012,0,0.0461736,0,Low
7001075890,0,0.04617323,0,Low
7001655630,0,0.046172503,0,Low
7001767093,0,0.046160147,0,Low
7000712206,0,0.04614987,0,Low
7000470844,0,0.046138097,0,Low
7000777377,0,0.046132054,0,Low
7000252619,0,0.04612578,0,Low
7000554022,0,0.046111505,0,Low
7000534859,0,0.046109952,0,Low
7000738866,0,0.046094194,0,Low
7000066421,0,0.04609151,0,Low
7000317455,0,0.04609101,0,Low
7001120962,0,0.04608693,0,Low
7000229370,0,0.046083555,0,Low
7002301165,0,0.046050794,0,Low
7000123244,0,0.046041913,0,Low
7000310575,0,0.04603991,0,Low
7001426678,0,0.04602338,0,Low
7000769185,0,0.046001643,0,Low
7000411099,0,0.04598247,0,Low
7001059909,0,0.045967463,0,Low
7001115784,0,0.045953937,0,Low
7001240712,0,0.045951907,0,Low
7000369172,0,0.04593455,0,Low
7002070953,0,0.04593128,0,Low
7001651734,0,0.04592147,0,Low
7000212007,0,0.045907296,0,Low
7000912154,0,0.04590669,0,Low
7000865853,0,0.045895748,0,Low
7000716330,0,0.045894578,0,Low
7000979466,0,0.045882232,0,Low
7000879349,0,0.04587696,0,Low
7001953304,0,0.045856696,0,Low
7002194948,0,0.045838695,0,Low
7001832768,0,0.04583596,0,Low
7002283622,0,0.04582006,0,Low
7002375788,0,0.045817394,0,Low
7002022942,0,0.045781467,0,Low
7002109170,0,0.045776796,0,Low
7001605830,0,0.04576786,0,Low
7000797096,0,0.04575037,0,Low
7000754355,0,0.045732167,0,Low
7002252979,0,0.045723397,0,Low
7001478882,0,0.045722328,0,Low
7001482828,0,0.045704007,0,Low
7000965518,0,0.045694944,0,Low
7001152264,0,0.045681782,0,Low
7002176187,0,0.04568008,0,Low
7001968971,0,0.045677625,0,Low
7000758894,0,0.04567347,0,Low
7002131739,0,0.045666683,0,Low
7001001315,0,0.045644265,0,Low
7002030454,0,0.04561722,0,Low
7000825777,0,0.0456112,0,Low
7001199782,0,0.04560249,0,Low
7000737814,0,0.04558143,0,Low
7002130543,0,0.045574233,0,Low
7001853110,0,0.045572408,0,Low
7000946136,0,0.045568977,0,Low
7002082603,0,0.04556447,0,Low
7000142205,0,0.045543578,0,Low
7002252941,0,0.045532726,0,Low
7001146371,0,0.045527134,0,Low
7001361872,0,0.045521755,0,Low
7000632217,0,0.045513842,0,Low
7001565502,0,0.045505784,0,Low
7001933687,0,0.045504656,0,Low
7001342369,0,0.04549403,0,Low
7001127658,0,0.045485564,0,Low
7001439562,0,0.04547333,0,Low
7001556458,0,0.045444943,0,Low
7000302971,0,0.045440435,0,Low
7000298069,0,0.045418795,0,Low
7002198760,0,0.045417633,0,Low
7001818169,0,0.045415062,0,Low
7001428453,0,0.04541009,0,Low
7001153117,0,0.045392245,0,Low
7002394827,0,0.045387093,0,Low
7001421378,0,0.045384,0,Low
7001098725,0,0.045370854,0,Low
7000245423,0,0.04535929,0,Low
7000366588,0,0.04535229,0,Low
7001520342,0,0.045350526,0,Low
7002409579,0,0.045344252,0,Low
7000617862,0,0.04532411,0,Low
7001611532,0,0.045295767,0,Low
7002167505,0,0.045294005,0,Low
7001347398,0,0.04529144,0,Low
7000620025,0,0.04527666,0,Low
7001185841,0,0.045253403,0,Low
7002389442,0,0.04524851,0,Low
7000381730,0,0.045224465,0,Low
7002184127,0,0.045175407,0,Low
7000710565,0,0.04516357,0,Low
7001008192,0,0.045156576,0,Low
7000082867,0,0.045155313,0,Low
7000150528,0,0.045154594,0,Low
7000341718,0,0.04512575,0,Low
7000525888,0,0.04512468,0,Low
7001343989,0,0.04511801,0,Low
7000695895,0,0.045113124,0,Low
7000683225,0,0.045088492,0,Low
7001888578,0,0.045074664,0,Low
7001616359,0,0.04507357,0,Low
7000598463,0,0.045072336,0,Low
7002039307,0,0.04506865,0,Low
7001553249,0,0.045049272,0,Low
7001434661,0,0.045016628,0,Low
7002408742,0,0.044993713,0,Low
7000275682,0,0.044981845,0,Low
7000044577,0,0.0449812,0,Low
7002206320,0,0.044973474,0,Low
7001743115,0,0.04495645,0,Low
7001035776,0,0.044948887,0,Low
7000439481,0,0.04494343,0,Low
7000410115,0,0.044940267,0,Low
7001428986,0,0.044937056,0,Low
7001207536,0,0.04492839,0,Low
7001922552,0,0.04492221,0,Low
7002277498,0,0.0449168,0,Low
7000196731,0,0.044886015,0,Low
7002080032,0,0.04485499,0,Low
7001230419,0,0.044854768,0,Low
7000367822,0,0.044843625,0,Low
7000612623,0,0.04483819,0,Low
7001413113,0,0.04483439,0,Low
7000781994,0,0.044831093,0,Low
7001876849,0,0.04482399,0,Low
7002394013,0,0.044822615,0,Low
7000430384,0,0.044805795,0,Low
7000978606,0,0.04476485,0,Low
7001818234,0,0.044763394,0,Low
7000550502,0,0.04475433,0,Low
7000595495,0,0.04474025,0,Low
7000843893,0,0.044706453,0,Low
7000932764,0,0.0447025,0,Low
7000418189,0,0.04470022,0,Low
7000499224,0,0.044695087,0,Low
7002286712,0,0.044694144,0,Low
7000908685,0,0.04468363,0,Low
7000988760,0,0.04468264,0,Low
7001142807,0,0.044678655,0,Low
7002391375,0,0.044671886,0,Low
7002146200,0,0.044665925,0,Low
7001360062,0,0.044657473,0,Low
7001192109,0,0.044654265,0,Low
7000893318,0,0.044653565,0,Low
7000124860,0,0.044624567,0,Low
7001068635,0,0.04461924,0,Low
7000198490,0,0.04461606,0,Low
7002303040,0,0.044614654,0,Low
7002228429,0,0.044606812,0,Low
7002305797,0,0.044601943,0,Low
7000916418,0,0.044592347,0,Low
7001120329,0,0.04458157,0,Low
7000184865,0,0.04456365,0,Low
7000244739,0,0.044555556,0,Low
7000782767,0,0.04454118,0,Low
7001376631,0,0.044538002,0,Low
7001820649,0,0.04452805,0,Low
7001729911,0,0.044521075,0,Low
7001590068,0,0.044518296,0,Low
7000334456,0,0.044513945,0,Low
7002118706,0,0.044490322,0,Low
7001724122,0,0.044484016,0,Low
7001326788,0,0.044480857,0,Low
7001598560,0,0.04445571,0,Low
7001881444,0,0.044453982,0,Low
7001168714,0,0.044435237,0,Low
7000010599,0,0.04443071,0,Low
7000053489,0,0.044427108,0,Low
7000969875,0,0.04441972,0,Low
7001114422,0,0.044416424,0,Low
7001114064,0,0.04441623,0,Low
7002136043,0,0.044414762,0,Low
7000108118,0,0.044414002,0,Low
7001795557,0,0.04440158,0,Low
7001473866,0,0.04439367,0,Low
7000145294,0,0.044391062,0,Low
7000180286,0,0.044381857,0,Low
7001918953,0,0.044371072,0,Low
7001029841,0,0.044361252,0,Low
7000738251,0,0.044356544,0,Low
7000987524,0,0.04434935,0,Low
7000015516,0,0.044347238,0,Low
7001075535,0,0.04433872,0,Low
7000993482,0,0.044334233,0,Low
7002239555,0,0.04429325,0,Low
7001739350,0,0.0442719,0,Low
7000418974,0,0.044253845,0,Low
7000887796,0,0.04424969,0,Low
7002252106,0,0.04424864,0,Low
7002079670,0,0.04424805,0,Low
7000506989,0,0.044241786,0,Low
7000449393,0,0.04422729,0,Low
7000622910,0,0.04422685,0,Low
7001762463,0,0.044223826,0,Low
7001030586,0,0.04421006,0,Low
7000270750,0,0.044201873,0,Low
7001227539,0,0.044183988,0,Low
7002058083,0,0.044176806,0,Low
7000983628,0,0.04417266,0,Low
7000682213,0,0.044170428,0,Low
7000152717,0,0.044156488,0,Low
7001774102,0,0.044153616,0,Low
7001164500,0,0.044150904,0,Low
7000048194,0,0.04412848,0,Low
7000558028,0,0.044119272,0,Low
7001544866,0,0.04411708,0,Low
7001392456,0,0.04410415,0,Low
7000966231,0,0.044062093,0,Low
7001951813,0,0.044060525,0,Low
7000589744,0,0.044048786,0,Low
7001059485,0,0.0440486,0,Low
7001030240,0,0.04404628,0,Low
7001935656,0,0.044040065,0,Low
7001957404,0,0.044037126,0,Low
7001857562,0,0.04402749,0,Low
7000301057,0,0.044025153,0,Low
7001218096,0,0.04402071,0,Low
7001847267,0,0.04401312,0,Low
7000979020,0,0.0440125,0,Low
7000967020,0,0.044003133,0,Low
7001331189,0,0.043994427,0,Low
7001755382,0,0.04398077,0,Low
7000455037,0,0.043965526,0,Low
7002385649,0,0.04395025,0,Low
7002356521,0,0.04393982,0,Low
7002133345,0,0.04393238,0,Low
7001041268,0,0.04392545,0,Low
7001602234,0,0.043925267,0,Low
7002142137,0,0.043913264,0,Low
7001584166,0,0.04391006,0,Low
7001056162,0,0.04390956,0,Low
7000673335,0,0.043906238,0,Low
7000553210,0,0.043903798,0,Low
7002030317,0,0.043901753,0,Low
7002080807,0,0.04389253,0,Low
7002055040,0,0.043885235,0,Low
7000783954,0,0.04386334,0,Low
7000754815,0,0.043861553,0,Low
7001674820,0,0.043858353,0,Low
7001642332,0,0.043853343,0,Low
7001713094,0,0.043846525,0,Low
7001294266,0,0.043842796,0,Low
7001140039,0,0.04383899,0,Low
7001589697,0,0.04382824,0,Low
7001290797,0,0.043821584,0,Low
7000948753,0,0.04381627,0,Low
7001063952,0,0.043815363,0,Low
7001513794,0,0.043804534,0,Low
7000465772,0,0.043785658,0,Low
7000445019,0,0.043771293,0,Low
7000993337,0,0.043764707,0,Low
7000115188,0,0.043756913,0,Low
7002306920,0,0.043756686,0,Low
7001511181,0,0.043756057,0,Low
7001005024,0,0.04375066,0,Low
7000294356,0,0.04374664,0,Low
7002103067,0,0.0437431,0,Low
7002208258,0,0.043741234,0,Low
7001841219,0,0.043737397,0,Low
7001812315,0,0.04373558,0,Low
7001922314,0,0.043703936,0,Low
7001537535,0,0.04366881,0,Low
7000683153,0,0.0436645,0,Low
7001916650,0,0.043658905,0,Low
7000787141,0,0.04364755,0,Low
7001008835,0,0.04364548,0,Low
7000518142,0,0.043639928,0,Low
7000761521,0,0.043626923,0,Low
7002300897,0,0.043611996,0,Low
7001095722,0,0.043610036,0,Low
7002098518,0,0.043586574,0,Low
7000471008,0,0.04358551,0,Low
7001756074,0,0.04358081,0,Low
7001517637,0,0.043572113,0,Low
7002198172,0,0.043561246,0,Low
7001173933,0,0.043559477,0,Low
7001551332,0,0.04355057,0,Low
7002230064,0,0.043545682,0,Low
7002325227,0,0.043539338,0,Low
7001996274,0,0.043535803,0,Low
7001451455,0,0.043521717,0,Low
7000330237,0,0.043510057,0,Low
7000101678,0,0.043502904,0,Low
7000880948,0,0.043482404,0,Low
7000924584,0,0.043478664,0,Low
7001256301,0,0.043461334,0,Low
7000472935,0,0.043460395,0,Low
7001071006,0,0.04345544,0,Low
7002125356,0,0.04345295,0,Low
7000881710,0,0.043442685,0,Low
7001540043,0,0.043435305,0,Low
7001274411,0,0.04342359,0,Low
7001835097,0,0.04341961,0,Low
7001746297,0,0.043409336,0,Low
7002148763,0,0.043397717,0,Low
7001544288,0,0.04338495,0,Low
7001547555,0,0.04337254,0,Low
7001257060,0,0.043360222,0,Low
7000915582,0,0.04334468,0,Low
7001527911,0,0.04334265,0,Low
7002187368,0,0.043332443,0,Low
7000627307,0,0.043320246,0,Low
7000491933,0,0.043320145,0,Low
7000349479,0,0.043318268,0,Low
7000785003,0,0.043314464,0,Low
7000542373,0,0.043313727,0,Low
7001416011,0,0.043311898,0,Low
7001957211,0,0.04331148,0,Low
7001684242,0,0.04330768,0,Low
7001401617,0,0.043305386,0,Low
7000100174,0,0.043302838,0,Low
7000813295,0,0.043291558,0,Low
7000342947,0,0.043236148,0,Low
7000512590,0,0.04321963,0,Low
7001691215,0,0.04321134,0,Low
7001141231,0,0.04320377,0,Low
7001533623,0,0.043196693,0,Low
7000396267,0,0.043195993,0,Low
7000382358,0,0.043193836,0,Low
7001131948,0,0.043174587,0,Low
7001322914,0,0.043166984,0,Low
7000065461,0,0.043152858,0,Low
7000242279,0,0.043149047,0,Low
7000248103,0,0.043137345,0,Low
7000878541,0,0.043121394,0,Low
7000248314,0,0.043114655,0,Low
7000705935,0,0.043103028,0,Low
7000769917,0,0.043102026,0,Low
7001142312,0,0.04309544,0,Low
7001071617,0,0.043090545,0,Low
7001643638,0,0.043087132,0,Low
7002317876,0,0.043083593,0,Low
7001045423,0,0.043081217,0,Low
7001347500,0,0.04307062,0,Low
7000045997,0,0.043068666,0,Low
7000175015,0,0.043067053,0,Low
7000816784,0,0.043052897,0,Low
7001940559,0,0.0430466,0,Low
7000920319,0,0.043023612,0,Low
7001685325,0,0.042992674,0,Low
7000637893,0,0.04298153,0,Low
7000475025,0,0.042972494,0,Low
7002263138,0,0.04296305,0,Low
7001676845,0,0.042951427,0,Low
7001438187,0,0.04294624,0,Low
7001972539,0,0.042916752,0,Low
7000851287,0,0.042914394,0,Low
7000482695,0,0.042905033,0,Low
7001110979,0,0.04289913,0,Low
7001025537,0,0.042896673,0,Low
7000691547,0,0.042884603,0,Low
7001865880,0,0.04287933,0,Low
7001490357,0,0.042875838,0,Low
7001732722,0,0.0428704,0,Low
7000847523,0,0.042864375,0,Low
7000282858,0,0.0428486,0,Low
7001508325,0,0.04282442,0,Low
7000099305,0,0.04281861,0,Low
7001617871,0,0.042814806,0,Low
7001656710,0,0.0428079,0,Low
7001781089,0,0.04279281,0,Low
7001428211,0,0.042784862,0,Low
7001992447,0,0.042776376,0,Low
7000813003,0,0.0427692,0,Low
7002263612,0,0.04275289,0,Low
7002120824,0,0.04273157,0,Low
7001782850,0,0.04273035,0,Low
7000509658,0,0.042725973,0,Low
7001985297,0,0.04272171,0,Low
7001656416,0,0.0427116,0,Low
7001846539,0,0.04270781,0,Low
7001515291,0,0.04270647,0,Low
7000402233,0,0.04270208,0,Low
7002273043,0,0.042677984,0,Low
7001039408,0,0.042660255,0,Low
7002009718,0,0.042648874,0,Low
7001455232,0,0.042641606,0,Low
7000586729,0,0.04263192,0,Low
7001471570,0,0.04262149,0,Low
7000555635,0,0.042618044,0,Low
7002154277,0,0.042617444,0,Low
7000044201,0,0.042599585,0,Low
7002240835,0,0.04258027,0,Low
7001523863,0,0.04257845,0,Low
7001370651,0,0.042574912,0,Low
7002219871,0,0.042570814,0,Low
7002238200,0,0.042554993,0,Low
7001420964,0,0.04255279,0,Low
7002243350,0,0.04254262,0,Low
7001134249,0,0.04254104,0,Low
7001158999,0,0.0425389,0,Low
7000556353,0,0.04253466,0,Low
7000190964,0,0.04252695,0,Low
7000112333,0,0.04252003,0,Low
7001292157,0,0.04248924,0,Low
7000381584,0,0.04247536,0,Low
7000896932,0,0.04246424,0,Low
7000873884,0,0.04246357,0,Low
7000533926,0,0.042453736,0,Low
7001425576,0,0.04244169,0,Low
7002147628,0,0.042441387,0,Low
7001835425,0,0.042424444,0,Low
7000635523,0,0.042422276,0,Low
7000930192,0,0.04241615,0,Low
7000595400,0,0.042399142,0,Low
7001530002,0,0.042397942,0,Low
7001921697,0,0.04239382,0,Low
7001762483,0,0.04238299,0,Low
7001890285,0,0.04235357,0,Low
7001723784,0,0.04235357,0,Low
7000355016,0,0.042337734,0,Low
7001290620,0,0.042331465,0,Low
7000161685,0,0.042323835,0,Low
7001022733,0,0.042321693,0,Low
7000816866,0,0.042315982,0,Low
7000452315,0,0.042271055,0,Low
7000993267,0,0.04226147,0,Low
7000618092,0,0.042248737,0,Low
7000462908,0,0.042230334,0,Low
7002094703,0,0.04222772,0,Low
7002040169,0,0.042209685,0,Low
7001645331,0,0.04220487,0,Low
7000727664,1,0.04220343,0,Low
7000071671,0,0.042190246,0,Low
7000539386,0,0.04218653,0,Low
7001604038,0,0.042184666,0,Low
7002309191,0,0.042183746,0,Low
7001191965,0,0.04217991,0,Low
7000536211,0,0.042156182,0,Low
7001995192,0,0.042149443,0,Low
7001893319,0,0.04214208,0,Low
7000040632,0,0.042140096,0,Low
7000553076,0,0.042139,0,Low
7002387223,0,0.042138297,0,Low
7002195471,0,0.042133044,0,Low
7001909969,0,0.042128704,0,Low
7000576581,0,0.042127375,0,Low
7001179813,0,0.04212575,0,Low
7001460048,0,0.042114586,0,Low
7000013250,0,0.042112593,0,Low
7000563446,0,0.042103764,0,Low
7001258043,0,0.042098973,0,Low
7002112900,0,0.04207013,0,Low
7000496273,0,0.042057652,0,Low
7001667578,0,0.042057432,0,Low
7000955945,0,0.042035837,0,Low
7002276240,0,0.04202686,0,Low
7000782599,0,0.04199629,0,Low
7002365342,0,0.041994803,0,Low
7000185273,0,0.041990407,0,Low
7000774118,0,0.041987814,0,Low
7001764744,0,0.04198495,0,Low
7002029171,0,0.041968517,0,Low
7000579101,0,0.04194811,0,Low
7001794940,0,0.041928943,0,Low
7001871088,0,0.041906975,0,Low
7002223436,0,0.041891772,0,Low
7002143230,0,0.041882653,0,Low
7001808508,0,0.041877627,0,Low
7000165166,0,0.04185428,0,Low
7000990747,0,0.041850384,0,Low
7000877042,0,0.041848376,0,Low
7002343519,0,0.0418474,0,Low
7000152308,0,0.04183635,0,Low
7002361584,0,0.041832354,0,Low
7000424890,0,0.041826133,0,Low
7001056978,0,0.04181298,0,Low
7001389332,0,0.041798692,0,Low
7001561895,0,0.041784227,0,Low
7001995089,0,0.04177866,0,Low
7000988518,0,0.04177426,0,Low
7001647697,0,0.04176498,0,Low
7000692855,0,0.041760456,0,Low
7000784666,0,0.041754894,0,Low
7000575676,0,0.04175475,0,Low
7002271058,0,0.041731328,0,Low
7002013694,0,0.041722186,0,Low
7002334112,0,0.041721042,0,Low
7001235720,0,0.04171514,0,Low
7001971055,0,0.041710634,0,Low
7000278495,0,0.041700665,0,Low
7000815274,0,0.04168735,0,Low
7001264760,0,0.041684955,0,Low
7001886562,0,0.04167096,0,Low
7000175737,0,0.041664936,0,Low
7000222175,0,0.04166146,0,Low
7000368281,0,0.04166088,0,Low
7002391816,0,0.041649863,0,Low
7000747309,0,0.04164921,0,Low
7001007634,0,0.041641634,0,Low
7001770894,0,0.04164041,0,Low
7002138087,0,0.04164037,0,Low
7002096439,0,0.04162898,0,Low
7000869382,1,0.041615743,0,Low
7000820038,0,0.041593727,0,Low
7000201972,0,0.041589223,0,Low
7001296737,0,0.041581906,0,Low
7000505018,0,0.041541986,0,Low
7000419323,0,0.04153876,0,Low
7002297871,0,0.04150469,0,Low
7000471878,0,0.04149689,0,Low
7001411746,0,0.04148398,0,Low
7000294924,0,0.041462395,0,Low
7000256073,0,0.04146172,0,Low
7001719017,0,0.041458793,0,Low
7002006049,0,0.041447334,0,Low
7000513791,0,0.041436996,0,Low
7000550658,0,0.041431252,0,Low
7000173339,0,0.041429747,0,Low
7001917997,0,0.041426253,0,Low
7000825264,0,0.041425455,0,Low
7000002741,0,0.041419636,0,Low
7001518740,0,0.041419245,0,Low
7000064971,0,0.041419085,0,Low
7002098754,0,0.041409582,0,Low
7001148448,0,0.041398775,0,Low
7000974887,0,0.04137874,0,Low
7002041144,0,0.04137004,0,Low
7000298080,0,0.041367877,0,Low
7001237572,0,0.041346267,0,Low
7000944569,0,0.041345835,0,Low
7001849760,0,0.041337274,0,Low
7000764328,0,0.04132263,0,Low
7002024575,0,0.04131061,0,Low
7001598860,0,0.041304782,0,Low
7001281239,0,0.04129941,0,Low
7002061288,0,0.041284773,0,Low
7001120063,0,0.041273404,0,Low
7001793017,0,0.041271225,0,Low
7000217176,0,0.041263506,0,Low
7001710610,0,0.041262735,0,Low
7000250591,0,0.041255802,0,Low
7000297391,0,0.041230433,0,Low
7000169228,0,0.041230038,0,Low
7000896771,0,0.041215856,0,Low
7001207516,0,0.041210487,0,Low
7001770714,0,0.041207656,0,Low
7000783566,0,0.04120618,0,Low
7001392925,0,0.041193906,0,Low
7001321822,0,0.0411923,0,Low
7001171761,0,0.04118506,0,Low
7001845444,0,0.041164473,0,Low
7000383978,0,0.041157216,0,Low
7001458552,0,0.041150413,0,Low
7001048571,0,0.041147266,0,Low
7000162965,0,0.04114542,0,Low
7001818806,0,0.041144535,0,Low
7000118043,0,0.041140173,0,Low
7001804082,0,0.041140005,0,Low
7000115265,0,0.041136164,0,Low
7001165608,0,0.04113168,0,Low
7001712158,0,0.04112712,0,Low
7001590151,0,0.04111271,0,Low
7000422497,0,0.04111144,0,Low
7000220774,0,0.04109867,0,Low
7000195674,0,0.041097205,0,Low
7001583333,0,0.04109536,0,Low
7001237788,0,0.04108481,0,Low
7001619824,0,0.041084718,0,Low
7001134035,0,0.041080464,0,Low
7000626104,0,0.0410745,0,Low
7002292677,0,0.041068602,0,Low
7000615309,0,0.041045494,0,Low
7000289151,0,0.041043907,0,Low
7000759463,0,0.041043557,0,Low
7002361998,0,0.041027658,0,Low
7000518106,0,0.040997256,0,Low
7000512783,0,0.040992755,0,Low
7000140161,0,0.040986188,0,Low
7001438215,0,0.04098065,0,Low
7001854247,0,0.04097869,0,Low
7000492067,0,0.040956,0,Low
7000278469,0,0.04095034,0,Low
7000577921,0,0.040936444,0,Low
7001892162,0,0.040930968,0,Low
7001661626,0,0.04092669,0,Low
7000412242,0,0.040922556,0,Low
7001755479,0,0.04091653,0,Low
7001109807,0,0.040912703,0,Low
7000742154,0,0.040910844,0,Low
7002324061,0,0.040910177,0,Low
7000196899,0,0.040904902,0,Low
7001509677,0,0.04090118,0,Low
7000369653,0,0.040884085,0,Low
7000661815,0,0.04087568,0,Low
7000855394,0,0.040874638,0,Low
7001769133,0,0.040840644,0,Low
7001672896,0,0.040839102,0,Low
7001589023,0,0.04083226,0,Low
7001799719,0,0.040825322,0,Low
7001247078,0,0.040823575,0,Low
7001613690,0,0.04082337,0,Low
7001239636,0,0.0408231,0,Low
7001018525,0,0.04081802,0,Low
7001959131,0,0.04081692,0,Low
7000974112,0,0.040814504,0,Low
7000051291,0,0.040813204,0,Low
7001712262,0,0.040805403,0,Low
7000478745,0,0.040778965,0,Low
7000933482,0,0.04077816,0,Low
7000226604,0,0.04076977,0,Low
7000763030,0,0.040742554,0,Low
7002094084,0,0.040723067,0,Low
7000696120,0,0.040709488,0,Low
7000679095,0,0.04070456,0,Low
7000788917,0,0.040698417,0,Low
7002273313,0,0.040690355,0,Low
7002333335,0,0.04068951,0,Low
7002008041,0,0.04068278,0,Low
7000690711,0,0.040673114,0,Low
7001801443,0,0.040654484,0,Low
7000700981,0,0.040629487,0,Low
7000390938,0,0.04061366,0,Low
7001649824,0,0.040610712,0,Low
7000872457,0,0.040600818,0,Low
7002068083,0,0.040598247,0,Low
7001668261,0,0.04058527,0,Low
7001809722,0,0.0405737,0,Low
7000583849,0,0.040569805,0,Low
7000857914,0,0.04056146,0,Low
7000680467,0,0.04055521,0,Low
7000711713,0,0.040529463,0,Low
7000035176,0,0.040521972,0,Low
7000076818,0,0.040500287,0,Low
7002201555,0,0.040499177,0,Low
7002101753,0,0.040498156,0,Low
7002301882,0,0.040497713,0,Low
7000957186,0,0.040493052,0,Low
7002206716,0,0.040489208,0,Low
7001467645,0,0.04047074,0,Low
7000239443,0,0.040465623,0,Low
7000465068,0,0.04046091,0,Low
7001973707,0,0.040440116,0,Low
7000892435,0,0.04043875,0,Low
7000418306,0,0.04043868,0,Low
7001506604,0,0.040430337,0,Low
7001710848,0,0.04042788,0,Low
7000062898,0,0.040419336,0,Low
7001506190,0,0.040414367,0,Low
7001225410,0,0.040413156,0,Low
7000567958,0,0.040411264,0,Low
7001617008,0,0.040405825,0,Low
7000963444,0,0.04039538,0,Low
7001726702,0,0.040394597,0,Low
7000560844,0,0.040393125,0,Low
7000605648,0,0.04039129,0,Low
7000602326,0,0.040382553,0,Low
7000089669,0,0.040375248,0,Low
7000701908,0,0.040372893,0,Low
7000459968,0,0.040364828,0,Low
7001584059,0,0.04036048,0,Low
7000044196,0,0.04035929,0,Low
7000492575,0,0.040350847,0,Low
7001111228,0,0.04034791,0,Low
7000966700,0,0.040334474,0,Low
7001588058,0,0.040330444,0,Low
7001213512,0,0.040328797,0,Low
7002072892,0,0.040314592,0,Low
7001832594,0,0.0403141,0,Low
7002360671,0,0.040309556,0,Low
7001017124,0,0.040309157,0,Low
7001719539,0,0.040305424,0,Low
7001744129,0,0.040298995,0,Low
7001974335,0,0.0402669,0,Low
7000259423,0,0.040252723,0,Low
7002339417,0,0.040252466,0,Low
7000812203,0,0.04024788,0,Low
7000920091,0,0.04024416,0,Low
7001288163,0,0.04023017,0,Low
7000524171,0,0.040217992,0,Low
7001358976,0,0.040213488,0,Low
7001509148,0,0.04019126,0,Low
7000378037,0,0.040189657,0,Low
7000215848,0,0.04018333,0,Low
7001266729,0,0.040175013,0,Low
7000874989,0,0.040166646,0,Low
7002396942,0,0.040156104,0,Low
7002118584,0,0.04015117,0,Low
7001667447,0,0.040144313,0,Low
7000470010,0,0.0401429,0,Low
7001825251,0,0.040138353,0,Low
7000723804,0,0.04013537,0,Low
7001460427,0,0.0401352,0,Low
7000964199,0,0.04011027,0,Low
7001049888,0,0.040107153,0,Low
7000944188,0,0.04010059,0,Low
7000683792,0,0.040096946,0,Low
7001872534,0,0.040092405,0,Low
7001228612,0,0.040069673,0,Low
7000715872,0,0.040037233,0,Low
7000386196,0,0.040014293,0,Low
7001856640,0,0.040004797,0,Low
7000012919,0,0.040003352,0,Low
7000405416,0,0.039994992,0,Low
7001743049,0,0.039994873,0,Low
7001482659,0,0.03999302,0,Low
7001418507,0,0.039984293,0,Low
7002203383,0,0.03997602,0,Low
7002076986,0,0.039972685,0,Low
7001819711,0,0.039969817,0,Low
7001287555,0,0.03996493,0,Low
7001758971,0,0.03995196,0,Low
7001228195,0,0.03994985,0,Low
7002170739,0,0.039947838,0,Low
7001581525,0,0.03992929,0,Low
7001350016,0,0.039928395,0,Low
7000068660,0,0.03992788,0,Low
7002257633,0,0.039921153,0,Low
7000278448,0,0.03991812,0,Low
7001791278,0,0.039907478,0,Low
7000164390,0,0.03989725,0,Low
7001900824,0,0.039888397,0,Low
7000591821,0,0.039870843,0,Low
7001478603,0,0.039860513,0,Low
7001436197,0,0.03985669,0,Low
7000720377,0,0.039854053,0,Low
7001793755,0,0.039851822,0,Low
7001187486,0,0.03982997,0,Low
7000914244,0,0.03982424,0,Low
7001594270,0,0.039820697,0,Low
7001024999,0,0.03981753,0,Low
7000765665,0,0.03981416,0,Low
7002141980,0,0.039812334,0,Low
7001368828,0,0.0397915,0,Low
7000591970,0,0.039771236,0,Low
7001817322,0,0.03977033,0,Low
7001277711,0,0.039763086,0,Low
7001359929,0,0.03976133,0,Low
7000921670,0,0.039744947,0,Low
7001178906,0,0.03973703,0,Low
7001622605,0,0.03971402,0,Low
7001873471,0,0.039713155,0,Low
7000363796,0,0.03971044,0,Low
7001297509,0,0.039706856,0,Low
7000887628,0,0.03970112,0,Low
7001365514,0,0.039687853,0,Low
7000224156,0,0.039682582,0,Low
7002052313,0,0.0396796,0,Low
7002379488,0,0.039659593,0,Low
7001633557,0,0.039645184,0,Low
7001702420,0,0.039645012,0,Low
7000159106,0,0.039641306,0,Low
7000874452,0,0.039633356,0,Low
7001177184,0,0.039626896,0,Low
7000817314,0,0.039612573,0,Low
7000801931,0,0.039603874,0,Low
7001534520,0,0.039585467,0,Low
7001536193,0,0.039585408,0,Low
7001125583,0,0.03957823,0,Low
7002367706,0,0.039577324,0,Low
7002340994,0,0.039570916,0,Low
7002140657,0,0.039550297,0,Low
7000346995,0,0.03954637,0,Low
7001510220,0,0.039545044,0,Low
7002286049,0,0.039544936,0,Low
7000716868,0,0.039536234,0,Low
7001260301,0,0.03950947,0,Low
7001921103,0,0.039509464,0,Low
7001253897,0,0.039499547,0,Low
7000187370,0,0.039465897,0,Low
7000620901,0,0.03946546,0,Low
7000748796,0,0.039442584,0,Low
7001855228,0,0.03943616,0,Low
7002233750,0,0.039433345,0,Low
7000606533,0,0.039430987,0,Low
7000601216,0,0.03943002,0,Low
7001638383,0,0.03941439,0,Low
7000847428,0,0.03940294,0,Low
7002406218,0,0.03940285,0,Low
7001134143,0,0.039395973,0,Low
7002278479,0,0.039380044,0,Low
7001281390,0,0.03937977,0,Low
7001478213,0,0.039375752,0,Low
7001567841,0,0.039371338,0,Low
7000536737,0,0.039349344,0,Low
7000085653,0,0.039347325,0,Low
7000825430,0,0.039346136,0,Low
7001133107,0,0.039335843,0,Low
7001936566,0,0.03932216,0,Low
7001094916,0,0.039313335,0,Low
7000471080,0,0.039310385,0,Low
7000370718,0,0.03930534,0,Low
7000089837,0,0.03930491,0,Low
7000045313,0,0.039302684,0,Low
7002360978,0,0.039297543,0,Low
7000083593,0,0.03928956,0,Low
7000299920,0,0.0392831,0,Low
7001229274,0,0.039283063,0,Low
7001057303,0,0.039282102,0,Low
7000934281,0,0.03928033,0,Low
7001326602,0,0.039264414,0,Low
7002059814,0,0.03926323,0,Low
7001628073,0,0.039255098,0,Low
7002161433,0,0.039255083,0,Low
7001811280,0,0.039247945,0,Low
7002211208,0,0.03924443,0,Low
7000260450,0,0.039226398,0,Low
7001459412,0,0.039221127,0,Low
7000325879,0,0.0392097,0,Low
7001982887,0,0.039205775,0,Low
7001433626,0,0.039187253,0,Low
7001209478,0,0.039185885,0,Low
7001584671,0,0.039176095,0,Low
7000374752,0,0.03916007,0,Low
7001221997,0,0.03914709,0,Low
7002403315,0,0.039136708,0,Low
7000534355,0,0.039122067,0,Low
7002120413,0,0.03911566,0,Low
7001956961,0,0.039101344,0,Low
7000241323,0,0.039089505,0,Low
7002118377,0,0.039066456,0,Low
7002346049,0,0.039061338,0,Low
7001773377,0,0.039059963,0,Low
7001745398,0,0.03905621,0,Low
7002040639,0,0.0390232,0,Low
7002104838,0,0.03901078,0,Low
7001587029,0,0.039009627,0,Low
7000643508,0,0.03900041,0,Low
7001791814,0,0.038990345,0,Low
7000906484,0,0.038985465,0,Low
7001313351,0,0.03898419,0,Low
7001328804,0,0.038971793,0,Low
7000752279,0,0.038970783,0,Low
7002071615,0,0.038969435,0,Low
7002179048,0,0.038968947,0,Low
7001628972,0,0.03896666,0,Low
7001652304,0,0.03895615,0,Low
7000374795,0,0.03894992,0,Low
7001793936,0,0.038945246,0,Low
7001145795,0,0.038933165,0,Low
7001781099,0,0.038933113,0,Low
7000357089,0,0.038893666,0,Low
7000021552,0,0.038888976,0,Low
7002150699,0,0.038874526,0,Low
7002144651,0,0.038864017,0,Low
7001644280,0,0.038857132,0,Low
7001419847,0,0.038845308,0,Low
7001931301,0,0.03882904,0,Low
7002346443,0,0.0388242,0,Low
7001946202,0,0.03882387,0,Low
7002295712,0,0.03880984,0,Low
7001845348,0,0.03880721,0,Low
7000343720,0,0.038791906,0,Low
7001959302,0,0.03877877,0,Low
7000803962,0,0.038777445,0,Low
7001090636,0,0.038775675,0,Low
7000583054,0,0.038770862,0,Low
7000247331,0,0.03875274,0,Low
7000955585,0,0.03875067,0,Low
7000281459,0,0.038744647,0,Low
7002034159,0,0.038741346,0,Low
7001478992,0,0.03873299,0,Low
7000063281,0,0.03871882,0,Low
7002308669,0,0.038706902,0,Low
7001717525,0,0.03869921,0,Low
7001306819,0,0.038697455,0,Low
7000390406,0,0.03869421,0,Low
7000371579,0,0.03869152,0,Low
7002408755,0,0.038688596,0,Low
7001161745,0,0.038688563,0,Low
7001950528,0,0.038681716,0,Low
7002024967,0,0.03868026,0,Low
7000964736,0,0.038676325,0,Low
7000327460,0,0.038670465,0,Low
7000061240,0,0.038625702,0,Low
7001974531,0,0.038623378,0,Low
7000656138,0,0.03861394,0,Low
7000672983,0,0.03860339,0,Low
7001090472,0,0.038600825,0,Low
7000517933,0,0.038595878,0,Low
7001910224,0,0.03858646,0,Low
7001996095,0,0.03858016,0,Low
7002407660,0,0.03857971,0,Low
7000692377,0,0.03857875,0,Low
7000876957,0,0.038577482,0,Low
7000959846,0,0.038572814,0,Low
7002164237,0,0.038570188,0,Low
7001733137,0,0.038565505,0,Low
7001503264,0,0.038554657,0,Low
7001201930,0,0.038551033,0,Low
7001822773,0,0.038537487,0,Low
7001466162,0,0.038481917,0,Low
7000988094,0,0.03847643,0,Low
7001550231,0,0.038475513,0,Low
7001773729,0,0.03847354,0,Low
7002297676,0,0.03846264,0,Low
7001863086,0,0.038451336,0,Low
7000888882,0,0.03843572,0,Low
7002283084,0,0.03843215,0,Low
7002377599,0,0.038428195,0,Low
7001206040,0,0.038403578,0,Low
7001131579,0,0.03838824,0,Low
7000402284,0,0.038383413,0,Low
7001493516,0,0.03838059,0,Low
7001008268,0,0.038378898,0,Low
7002098737,0,0.038332835,0,Low
7001948639,0,0.03833106,0,Low
7001446486,0,0.03833019,0,Low
7001331464,0,0.038323354,0,Low
7000222742,0,0.0383074,0,Low
7000847939,0,0.03828723,0,Low
7001706122,0,0.03828534,0,Low
7001295776,0,0.038281076,0,Low
7000842367,0,0.03827597,0,Low
7001778261,0,0.03827501,0,Low
7001056961,0,0.03826512,0,Low
7001717452,0,0.038245928,0,Low
7001232992,0,0.038239826,0,Low
7001153736,0,0.038234062,0,Low
7001447389,0,0.03822952,0,Low
7000796550,0,0.038217857,0,Low
7001176835,0,0.038214255,0,Low
7000512696,0,0.038213223,0,Low
7002357756,0,0.03819959,0,Low
7001050528,0,0.038190693,0,Low
7000643524,1,0.03819043,0,Low
7001385098,0,0.038189016,0,Low
7001930113,0,0.038178667,0,Low
7002229235,0,0.03817227,0,Low
7000291664,0,0.038167294,0,Low
7001366896,0,0.03816299,0,Low
7000209617,0,0.038152367,0,Low
7000363536,0,0.038148735,0,Low
7000166024,0,0.038148325,0,Low
7001175063,0,0.038144108,0,Low
7000218998,0,0.03813817,0,Low
7000562761,0,0.03813576,0,Low
7001697620,0,0.03813337,0,Low
7001142894,0,0.038113717,0,Low
7001379248,0,0.038110323,0,Low
7001432561,0,0.038109947,0,Low
7000842130,0,0.038106997,0,Low
7000859906,0,0.03810625,0,Low
7000598431,0,0.038096815,0,Low
7000550255,0,0.03809062,0,Low
7000798615,0,0.038053058,0,Low
7001880145,0,0.038043905,0,Low
7001995763,0,0.038011484,0,Low
7000369763,0,0.03800432,0,Low
7001930956,0,0.037995204,0,Low
7001331707,0,0.03798716,0,Low
7000349913,0,0.03798596,0,Low
7001919801,0,0.037979897,0,Low
7001305756,0,0.037971318,0,Low
7001803084,0,0.037970167,0,Low
7002327357,0,0.03797,0,Low
7001660000,0,0.03796791,0,Low
7000356001,0,0.037956346,0,Low
7000368378,0,0.037945997,0,Low
7002311717,0,0.037936144,0,Low
7002357217,0,0.037926983,0,Low
7001368223,0,0.037917703,0,Low
7001218061,0,0.037914146,0,Low
7001510013,0,0.0379083,0,Low
7002371135,0,0.03790498,0,Low
7000548380,0,0.03790212,0,Low
7001990451,0,0.037894584,0,Low
7001792355,0,0.037878525,0,Low
7000176904,0,0.03787779,0,Low
7001604575,0,0.037874814,0,Low
7001895529,0,0.037847664,0,Low
7000622679,0,0.037845258,0,Low
7000867560,0,0.03784472,0,Low
7000008861,0,0.037813272,0,Low
7000013174,0,0.03781203,0,Low
7002366727,0,0.037809186,0,Low
7001379772,0,0.037805256,0,Low
7001893662,0,0.037801944,0,Low
7000821495,0,0.037797157,0,Low
7001753560,0,0.0377925,0,Low
7000912391,0,0.037786666,0,Low
7000325323,0,0.037785877,0,Low
7002222626,0,0.03778494,0,Low
7001866942,0,0.037775587,0,Low
7001530232,0,0.037765797,0,Low
7000400343,0,0.037765227,0,Low
7001907343,0,0.03774461,0,Low
7001460676,0,0.03774094,0,Low
7001263235,0,0.037740793,0,Low
7000027145,0,0.037738964,0,Low
7000387862,0,0.03773127,0,Low
7002003528,0,0.03772444,0,Low
7002266425,0,0.037718184,0,Low
7002132027,0,0.03771687,0,Low
7001679180,0,0.03771601,0,Low
7000067661,0,0.037715986,0,Low
7002153408,0,0.037705056,0,Low
7002062360,0,0.037701398,0,Low
7000020059,0,0.037689682,0,Low
7000337481,0,0.037686024,0,Low
7002062010,0,0.037649553,0,Low
7001867423,0,0.037627064,0,Low
7002342909,0,0.037617784,0,Low
7002243842,0,0.037595097,0,Low
7001852435,0,0.037592646,0,Low
7002011402,0,0.037585214,0,Low
7002175233,0,0.037584282,0,Low
7001668035,0,0.03757979,0,Low
7001521075,0,0.037576824,0,Low
7001702416,0,0.03757363,0,Low
7001470441,0,0.03755347,0,Low
7002116467,0,0.03754937,0,Low
7001060977,0,0.037512388,0,Low
7000989780,0,0.037498172,0,Low
7002089101,0,0.03748512,0,Low
7000332281,0,0.03747348,0,Low
7001848064,0,0.037471987,0,Low
7000384811,0,0.037468333,0,Low
7001855065,0,0.03746338,0,Low
7000762050,0,0.03746154,0,Low
7002310667,0,0.03745773,0,Low
7000284992,0,0.037453093,0,Low
7002410408,0,0.037451122,0,Low
7001599913,0,0.037436444,0,Low
7000025438,0,0.03743533,0,Low
7002290896,0,0.037433892,0,Low
7001565645,0,0.037428938,0,Low
7001426195,0,0.03740019,0,Low
7001733516,0,0.037393134,0,Low
7001175149,0,0.037383728,0,Low
7001026146,0,0.03736474,0,Low
7000380103,0,0.03736032,0,Low
7002051357,0,0.037360072,0,Low
7000312953,0,0.037348945,0,Low
7001751353,0,0.03734664,0,Low
7001891431,0,0.037333734,0,Low
7000755330,0,0.037325602,0,Low
7000302904,0,0.037322827,0,Low
7002128994,0,0.037303198,0,Low
7002014629,0,0.03729997,0,Low
7000526171,0,0.0372986,0,Low
7000035239,0,0.0372969,0,Low
7000428013,0,0.03728289,0,Low
7001384438,0,0.03726644,0,Low
7000220821,0,0.037254706,0,Low
7001711752,0,0.037243184,0,Low
7001062726,0,0.037218295,0,Low
7000268609,0,0.037214886,0,Low
7001525897,0,0.037202735,0,Low
7002138747,0,0.03719585,0,Low
7001996381,0,0.03718751,0,Low
7001175992,0,0.037186287,0,Low
7001938530,0,0.037186008,0,Low
7001009487,0,0.037173323,0,Low
7002044241,0,0.037173282,0,Low
7001637396,0,0.037143424,0,Low
7000549990,0,0.037141584,0,Low
7001037511,0,0.037113875,0,Low
7002005499,0,0.037110288,0,Low
7001869248,0,0.03709782,0,Low
7001944386,0,0.037084613,0,Low
7000057863,0,0.03708186,0,Low
7002167844,0,0.03708181,0,Low
7001433972,0,0.0370798,0,Low
7001782696,0,0.03707563,0,Low
7001851633,0,0.037075434,0,Low
7002230026,0,0.037067417,0,Low
7000541285,0,0.037036877,0,Low
7001076077,0,0.037032075,0,Low
7001772028,0,0.03701937,0,Low
7001696941,0,0.037019312,0,Low
7000224568,0,0.037018098,0,Low
7001697893,0,0.037006576,0,Low
7001539017,0,0.03700215,0,Low
7000818163,0,0.036998946,0,Low
7002241609,0,0.03699431,0,Low
7001568218,0,0.03697354,0,Low
7000569732,0,0.036972187,0,Low
7002085324,0,0.03696539,0,Low
7001042785,0,0.036950845,0,Low
7000993722,0,0.03693316,0,Low
7001118844,0,0.036931336,0,Low
7001728244,0,0.036931217,0,Low
7001959429,0,0.03692703,0,Low
7002351280,0,0.03691293,0,Low
7000564356,0,0.03691259,0,Low
7001675991,0,0.036877874,0,Low
7001881483,0,0.036871098,0,Low
7001030372,0,0.03685814,0,Low
7000994105,0,0.036848627,0,Low
7000460025,0,0.03684635,0,Low
7001048714,0,0.036831398,0,Low
7000868034,0,0.036827292,0,Low
7001318763,0,0.03682682,0,Low
7000225442,0,0.036812436,0,Low
7002369870,0,0.036788866,0,Low
7000973521,0,0.036787126,0,Low
7001269416,0,0.03678364,0,Low
7000399581,0,0.036723465,0,Low
7001213587,0,0.03670053,0,Low
7001672866,0,0.03670044,0,Low
7001801348,0,0.03669188,0,Low
7001531746,0,0.036679793,0,Low
7000946291,0,0.036669172,0,Low
7000203824,0,0.03666445,0,Low
7002053794,0,0.036663216,0,Low
7002399468,0,0.036655236,0,Low
7001870373,0,0.036649335,0,Low
7001804618,0,0.036648646,0,Low
7000006040,0,0.03664505,0,Low
7001060323,0,0.036639452,0,Low
7001536072,0,0.03663235,0,Low
7001646361,0,0.036631703,0,Low
7001060360,0,0.03662986,0,Low
7000444190,0,0.036624525,0,Low
7000523811,0,0.036618393,0,Low
7000869271,0,0.0366144,0,Low
7002123780,0,0.03660458,0,Low
7000811105,0,0.036590457,0,Low
7000000540,0,0.03659007,0,Low
7001735525,0,0.036588576,0,Low
7002035475,0,0.036580473,0,Low
7002344670,0,0.03657793,0,Low
7001601714,0,0.036577523,0,Low
7002002672,0,0.036569122,0,Low
7002177254,0,0.03656117,0,Low
7000296707,0,0.036548883,0,Low
7000835827,0,0.036538426,0,Low
7000027569,0,0.03653219,0,Low
7000705928,0,0.03652906,0,Low
7000257459,0,0.036514983,0,Low
7002065385,0,0.03651364,0,Low
7001964135,0,0.03650788,0,Low
7001848843,0,0.03649432,0,Low
7000374003,0,0.036475696,0,Low
7002105947,0,0.03647371,0,Low
7002325429,0,0.03646783,0,Low
7001246226,0,0.03645992,0,Low
7002352164,0,0.036459107,0,Low
7001736095,0,0.036452502,0,Low
7000339780,0,0.036417507,0,Low
7000298332,0,0.036414996,0,Low
7002122953,0,0.036413122,0,Low
7002377077,0,0.036391694,0,Low
7001248892,0,0.03638826,0,Low
7000544231,0,0.036385637,0,Low
7001683065,0,0.036385134,0,Low
7001638299,0,0.036363747,0,Low
7001957309,0,0.03635056,0,Low
7001595910,0,0.0363436,0,Low
7002319929,0,0.036328375,0,Low
7002117667,0,0.03632663,0,Low
7000173361,0,0.036325745,0,Low
7002078362,0,0.03632446,0,Low
7000252507,0,0.036312927,0,Low
7001876809,0,0.03630466,0,Low
7001529853,0,0.036297478,0,Low
7000639799,0,0.036293995,0,Low
7001968120,0,0.036291525,0,Low
7002073961,0,0.03627805,0,Low
7000158735,0,0.036270894,0,Low
7002027560,0,0.03627027,0,Low
7000597590,0,0.036258742,0,Low
7000217495,0,0.036247972,0,Low
7001250604,0,0.03624698,0,Low
7001375419,0,0.036243774,0,Low
7001625817,0,0.03624152,0,Low
7001517572,0,0.036239743,0,Low
7001710420,0,0.03621787,0,Low
7002206637,0,0.0362132,0,Low
7000995593,0,0.03620839,0,Low
7002187018,0,0.036202773,0,Low
7001756968,0,0.03620066,0,Low
7002326600,0,0.0361976,0,Low
7000668701,0,0.036172695,0,Low
7001317589,0,0.036167394,0,Low
7001487070,0,0.036161434,0,Low
7002369471,0,0.03614771,0,Low
7000709633,0,0.036134403,0,Low
7000530525,0,0.03613041,0,Low
7001853509,0,0.036125407,0,Low
7000276274,0,0.036125295,0,Low
7000810914,0,0.03612278,0,Low
7000112563,0,0.036111742,0,Low
7000289757,0,0.036106598,0,Low
7001367078,0,0.03608372,0,Low
7002333646,0,0.03608211,0,Low
7001296792,0,0.03607555,0,Low
7001664257,0,0.03606819,0,Low
7001423726,0,0.036059514,0,Low
7001966292,0,0.03604019,0,Low
7001474291,0,0.03603195,0,Low
7001856102,0,0.036020342,0,Low
7000144954,0,0.03601986,0,Low
7000858239,0,0.036018595,0,Low
7000191507,0,0.035983447,0,Low
7000620258,0,0.03597976,0,Low
7000873573,0,0.03597793,0,Low
7000821437,0,0.035972264,0,Low
7001194299,0,0.035970636,0,Low
7002371951,0,0.0359607,0,Low
7002131194,0,0.035958618,0,Low
7001418704,0,0.03595647,0,Low
7001299218,0,0.035946406,0,Low
7001623161,0,0.03594007,0,Low
7000063294,0,0.035925534,0,Low
7002299521,0,0.03589797,0,Low
7000996244,0,0.035863798,0,Low
7000540874,0,0.03584887,0,Low
7000126066,0,0.035843913,0,Low
7001851109,0,0.03583359,0,Low
7001414062,0,0.035804942,0,Low
7001237384,0,0.03579371,0,Low
7001919155,0,0.035777643,0,Low
7001716553,0,0.03577498,0,Low
7002003049,0,0.035774216,0,Low
7002138938,0,0.0357291,0,Low
7002161735,0,0.035725042,0,Low
7000041209,0,0.03572111,0,Low
7001968687,0,0.035718195,0,Low
7001953531,0,0.03571661,0,Low
7000843035,0,0.03571489,0,Low
7001438903,0,0.03569232,0,Low
7001711517,0,0.035690736,0,Low
7000521951,0,0.03569054,0,Low
7000105749,0,0.035669703,0,Low
7000936583,0,0.03566127,0,Low
7001008015,0,0.035659302,0,Low
7001597117,0,0.03564127,0,Low
7001728568,0,0.035640262,0,Low
7000239055,0,0.03562657,0,Low
7001745679,0,0.035615556,0,Low
7002179201,0,0.035606716,0,Low
7000201183,0,0.035558123,0,Low
7002264738,0,0.03555557,0,Low
7001497518,0,0.03555327,0,Low
7000922059,0,0.035548117,0,Low
7002162463,0,0.03553871,0,Low
7002134035,0,0.035513874,0,Low
7001310719,0,0.035513207,0,Low
7000678275,0,0.035493407,0,Low
7000156187,0,0.035482693,0,Low
7002075675,0,0.03548236,0,Low
7000633720,0,0.035481516,0,Low
7001342417,0,0.035480104,0,Low
7000534298,0,0.035479557,0,Low
7000303614,0,0.035478484,0,Low
7001780655,0,0.035470847,0,Low
7001310354,0,0.035452023,0,Low
7000506938,0,0.035414208,0,Low
7001157283,0,0.03541074,0,Low
7000840772,0,0.035403263,0,Low
7001015468,0,0.03540066,0,Low
7001671460,0,0.03539904,0,Low
7002155153,0,0.03536391,0,Low
7000408800,0,0.03535807,0,Low
7000533017,0,0.035333365,0,Low
7001092009,0,0.03532127,0,Low
7002137284,0,0.035315547,0,Low
7001705543,0,0.03531122,0,Low
7000975937,0,0.035306565,0,Low
7001425397,0,0.03530364,0,Low
7000384428,0,0.035295036,0,Low
7002194223,0,0.03529111,0,Low
7000579812,0,0.03528714,0,Low
7000127162,0,0.035286497,0,Low
7000278248,0,0.03527552,0,Low
7000859149,0,0.035274643,0,Low
7002210859,0,0.035259724,0,Low
7002256701,0,0.03525425,0,Low
7000471329,0,0.035240605,0,Low
7001981762,0,0.03523985,0,Low
7001794839,0,0.0352342,0,Low
7001497990,0,0.035217106,0,Low
7001937915,0,0.03521437,0,Low
7000883827,0,0.035203174,0,Low
7001250039,0,0.035186198,0,Low
7001186316,0,0.035183787,0,Low
7000680965,0,0.035166796,0,Low
7001423355,0,0.035163786,0,Low
7001451717,0,0.035160575,0,Low
7000638929,0,0.035147917,0,Low
7000249841,0,0.035142194,0,Low
7002331553,0,0.03513988,0,Low
7002156545,0,0.035136797,0,Low
7001050134,0,0.03509123,0,Low
7001339688,0,0.035090122,0,Low
7002311023,0,0.035087287,0,Low
7000344840,0,0.03507792,0,Low
7001153059,0,0.035062846,0,Low
7000757803,0,0.03506042,0,Low
7001561927,0,0.035058957,0,Low
7001059087,0,0.035046354,0,Low
7001571766,0,0.035035882,0,Low
7001218506,0,0.035031885,0,Low
7000493547,0,0.03502802,0,Low
7000786304,0,0.035027146,0,Low
7002326972,0,0.035019893,0,Low
7002058264,0,0.035019185,0,Low
7001485331,0,0.035019152,0,Low
7000736621,0,0.035011474,0,Low
7000208592,0,0.034985863,0,Low
7000879544,0,0.034984566,0,Low
7000480762,0,0.03498087,0,Low
7001731974,0,0.03497902,0,Low
7001704992,0,0.034976356,0,Low
7001477953,0,0.034956876,0,Low
7001828271,0,0.034955855,0,Low
7001171284,0,0.034945548,0,Low
7000137153,0,0.034935288,0,Low
7000724255,0,0.03493238,0,Low
7000254215,0,0.03493165,0,Low
7000181125,0,0.03492353,0,Low
7000070240,0,0.034922518,0,Low
7000736884,0,0.034919538,0,Low
7001715446,0,0.03491058,0,Low
7001811104,0,0.034909967,0,Low
7001354659,0,0.034900732,0,Low
7001169244,0,0.03490014,0,Low
7000833249,0,0.034889814,0,Low
7001314854,0,0.03488542,0,Low
7000610788,0,0.034878045,0,Low
7000692781,0,0.03487319,0,Low
7001122179,0,0.034871336,0,Low
7000053474,0,0.034865584,0,Low
7001350548,0,0.03486365,0,Low
7001002222,0,0.034856416,0,Low
7001799587,0,0.034845218,0,Low
7001932917,0,0.03483759,0,Low
7000611620,0,0.0348328,0,Low
7001558409,0,0.034821767,0,Low
7002073063,0,0.034821317,0,Low
7000663764,0,0.034820363,0,Low
7001057944,0,0.03480404,0,Low
7001147881,0,0.034780946,0,Low
7000293695,0,0.03477665,0,Low
7000363348,0,0.03477541,0,Low
7000930184,0,0.03475908,0,Low
7001779262,0,0.034752727,0,Low
7000070736,0,0.0347524,0,Low
7000991517,0,0.03474602,0,Low
7000511707,0,0.034736626,0,Low
7002262367,0,0.034731537,0,Low
7000911731,0,0.034718867,0,Low
7001454884,0,0.03471441,0,Low
7002232008,0,0.03471428,0,Low
7001287592,0,0.0347028,0,Low
7001070321,0,0.034697786,0,Low
7001351292,0,0.034695566,0,Low
7001218695,0,0.03468244,0,Low
7000303083,0,0.034681976,0,Low
7002267691,0,0.034680087,0,Low
7002159453,0,0.034657825,0,Low
7001986473,0,0.034634724,0,Low
7000254770,0,0.034627073,0,Low
7001160736,0,0.03459307,0,Low
7002074613,0,0.034591265,0,Low
7001817811,0,0.0345803,0,Low
7001262163,0,0.034563597,0,Low
7001305100,0,0.03455228,0,Low
7002089497,0,0.034536585,0,Low
7000570811,0,0.034535717,0,Low
7001437880,0,0.034530193,0,Low
7002041765,0,0.0345257,0,Low
7002221603,0,0.034525607,0,Low
7000749755,0,0.034520403,0,Low
7000353678,0,0.034484565,0,Low
7001344381,0,0.03446685,0,Low
7001342934,0,0.0344568,0,Low
7001011166,0,0.034456365,0,Low
7001193685,0,0.03445208,0,Low
7001231527,0,0.034451425,0,Low
7001088951,0,0.034434944,0,Low
7001740241,0,0.03441421,0,Low
7002241960,0,0.034407735,0,Low
7001265946,0,0.03439668,0,Low
7001775727,0,0.034393158,0,Low
7002270622,0,0.034388278,0,Low
7002215008,0,0.03438698,0,Low
7001365783,0,0.034384802,0,Low
7002082472,0,0.034381066,0,Low
7000348980,0,0.03437965,0,Low
7001926245,0,0.034371436,0,Low
7000613190,0,0.034363974,0,Low
7001704170,0,0.034358263,0,Low
7000007742,0,0.03435423,0,Low
7000212561,0,0.034350842,0,Low
7001197135,0,0.034349475,0,Low
7001125836,0,0.03434391,0,Low
7001343968,0,0.03434115,0,Low
7000719963,0,0.034338742,0,Low
7000372101,0,0.03432875,0,Low
7002357229,0,0.034320496,0,Low
7001935316,0,0.034313977,0,Low
7002010156,0,0.034311377,0,Low
7002229400,0,0.034308765,0,Low
7002062284,0,0.03428309,0,Low
7001057954,0,0.0342672,0,Low
7001120774,0,0.03425974,0,Low
7001541538,0,0.034255374,0,Low
7000329026,0,0.034253865,0,Low
7001521016,0,0.034250047,0,Low
7000756025,0,0.0342442,0,Low
7001842063,0,0.034221575,0,Low
7000607907,0,0.034216076,0,Low
7002033164,0,0.034195386,0,Low
7000490934,0,0.034177255,0,Low
7002115062,0,0.034172375,0,Low
7000902822,0,0.034156375,0,Low
7001465480,0,0.0341534,0,Low
7002167090,0,0.03413943,0,Low
7001782494,0,0.034127913,0,Low
7001471884,0,0.034127418,0,Low
7001434351,0,0.034123834,0,Low
7002176543,0,0.034122135,0,Low
7001479096,0,0.034099057,0,Low
7000636841,0,0.034090586,0,Low
7000983621,0,0.03406883,0,Low
7001794446,0,0.034041673,0,Low
7001645213,0,0.03404154,0,Low
7002382151,0,0.034036122,0,Low
7000562626,0,0.034034405,0,Low
7000050952,0,0.034031723,0,Low
7000849454,0,0.03402638,0,Low
7002318544,0,0.034024592,0,Low
7001894319,0,0.03400977,0,Low
7000367794,0,0.03400665,0,Low
7000455014,0,0.034005918,0,Low
7001287758,0,0.034003373,0,Low
7001704003,0,0.03399045,0,Low
7001500836,0,0.03398092,0,Low
7000738105,0,0.03397608,0,Low
7001519881,0,0.033972163,0,Low
7001250192,0,0.03396677,0,Low
7001427767,0,0.033963002,0,Low
7001931123,0,0.033961177,0,Low
7002045405,0,0.033955615,0,Low
7002060436,0,0.03395499,0,Low
7000661173,0,0.033954397,0,Low
7001626009,0,0.03395387,0,Low
7000432018,0,0.03394553,0,Low
7000366102,0,0.03392968,0,Low
7001730794,0,0.033925936,0,Low
7001503345,0,0.033909943,0,Low
7001646015,0,0.033906817,0,Low
7000004628,0,0.033902857,0,Low
7002390492,0,0.03389943,0,Low
7000657709,0,0.033871364,0,Low
7001237577,0,0.033869006,0,Low
7002104387,0,0.0338685,0,Low
7000837813,0,0.03386814,0,Low
7002071513,0,0.03386661,0,Low
7001847656,0,0.03386031,0,Low
7001682608,0,0.03385552,0,Low
7001384079,0,0.033855405,0,Low
7001412385,0,0.033854116,0,Low
7002351495,0,0.033845626,0,Low
7002127802,0,0.033835694,0,Low
7001912257,0,0.033830807,0,Low
7000219602,0,0.033828713,0,Low
7001713803,0,0.033826236,0,Low
7000790865,0,0.033815693,0,Low
7001913294,0,0.033812337,0,Low
7001727405,0,0.033799626,0,Low
7001013545,0,0.033795625,0,Low
7001936392,0,0.03379324,0,Low
7001071615,0,0.033789795,0,Low
7001114478,0,0.03378773,0,Low
7000589778,0,0.0337815,0,Low
7002347993,0,0.0337662,0,Low
7001150664,0,0.03375884,0,Low
7000895060,0,0.03374673,0,Low
7001971935,0,0.033739507,0,Low
7000922272,0,0.03372999,0,Low
7001386176,0,0.03372899,0,Low
7000631104,0,0.033701867,0,Low
7001491403,0,0.033700176,0,Low
7000050819,0,0.03368891,0,Low
7002064946,0,0.03368423,0,Low
7000749226,0,0.033678234,0,Low
7001371528,0,0.03367167,0,Low
7001397166,0,0.03366727,0,Low
7000583528,0,0.03366701,0,Low
7001714017,0,0.03366141,0,Low
7001891432,0,0.03365433,0,Low
7000641365,0,0.033650067,0,Low
7001503894,0,0.033646137,0,Low
7000303268,0,0.033635113,0,Low
7001832367,0,0.03363294,0,Low
7001125774,0,0.03363139,0,Low
7000430697,0,0.033617977,0,Low
7001446605,0,0.03361473,0,Low
7002099982,0,0.033601567,0,Low
7001364182,0,0.033589955,0,Low
7002229360,0,0.033578973,0,Low
7000156229,0,0.033575654,0,Low
7002206892,0,0.03357403,0,Low
7001756036,0,0.03356849,0,Low
7001981971,0,0.03355942,0,Low
7000302028,0,0.03353218,0,Low
7001162990,0,0.0335311,0,Low
7001517047,0,0.033524703,0,Low
7002207794,0,0.033519033,0,Low
7000063531,0,0.033518516,0,Low
7001891924,0,0.03351552,0,Low
7001330616,0,0.03351029,0,Low
7001363883,0,0.033508305,0,Low
7001510828,0,0.03349057,0,Low
7000851700,0,0.033489678,0,Low
7000001335,0,0.03345383,0,Low
7001782893,0,0.033450462,0,Low
7001217318,0,0.03344991,0,Low
7000214527,0,0.033445682,0,Low
7002363001,0,0.033434253,0,Low
7001358490,0,0.033416428,0,Low
7000431001,0,0.03341494,0,Low
7000003515,0,0.03341403,0,Low
7000101299,0,0.033406712,0,Low
7001059417,0,0.03340622,0,Low
7001335778,0,0.033401746,0,Low
7001214926,0,0.033397228,0,Low
7001141089,0,0.0333879,0,Low
7001934172,0,0.033379875,0,Low
7000067823,0,0.03337749,0,Low
7000323072,0,0.033376638,0,Low
7001609865,0,0.03337559,0,Low
7001893944,0,0.033371054,0,Low
7001318788,0,0.03334414,0,Low
7001765914,0,0.033336964,0,Low
7001847392,0,0.033331454,0,Low
7002166828,0,0.03332783,0,Low
7001101757,0,0.03332593,0,Low
7001344042,0,0.033316594,0,Low
7001052184,0,0.033313107,0,Low
7001955929,0,0.033311676,0,Low
7000031894,0,0.03329859,0,Low
7000617180,0,0.033295482,0,Low
7001976141,0,0.033279784,0,Low
7002379872,0,0.033276074,0,Low
7002105667,0,0.033268206,0,Low
7002384757,0,0.03326675,0,Low
7000779639,0,0.033239316,0,Low
7001599945,0,0.033238824,0,Low
7000908045,0,0.033230927,0,Low
7000383087,0,0.03322972,0,Low
7002109246,0,0.033222016,0,Low
7001055234,0,0.033212032,0,Low
7000259337,0,0.03321051,0,Low
7002145616,0,0.03320786,0,Low
7000972519,0,0.033203818,0,Low
7001392507,0,0.033203717,0,Low
7001298688,0,0.033201758,0,Low
7001342587,0,0.033199746,0,Low
7001822640,0,0.03319823,0,Low
7001839914,0,0.033188008,0,Low
7001392027,0,0.033187885,0,Low
7000395062,0,0.03318765,0,Low
7001397806,0,0.033176947,0,Low
7000832868,0,0.03316749,0,Low
7001588833,0,0.033166856,0,Low
7000495679,0,0.03316106,0,Low
7001800161,0,0.033154983,0,Low
7001804049,0,0.033149596,0,Low
7000060593,0,0.033147708,0,Low
7001344874,0,0.03312627,0,Low
7000075085,0,0.03312283,0,Low
7000304779,0,0.033122037,0,Low
7002236163,0,0.033116005,0,Low
7002292588,0,0.033115547,0,Low
7001870532,0,0.03310691,0,Low
7002244994,0,0.03310346,0,Low
7000775690,0,0.033098247,0,Low
7000727195,0,0.03309776,0,Low
7000059485,0,0.033078663,0,Low
7001155736,0,0.03306678,0,Low
7002302577,0,0.033052266,0,Low
7001296004,0,0.033044886,0,Low
7000420921,0,0.033044357,0,Low
7001940253,0,0.033042867,0,Low
7001343851,0,0.03303274,0,Low
7000071060,0,0.033023864,0,Low
7000487564,0,0.03302133,0,Low
7000845128,0,0.033021096,0,Low
7000519728,0,0.0330082,0,Low
7001318134,0,0.032982588,0,Low
7000798780,0,0.032980304,0,Low
7002337863,0,0.03297749,0,Low
7001908978,0,0.032959767,0,Low
7001306952,0,0.032950457,0,Low
7000630344,0,0.03294648,0,Low
7000291420,0,0.032938153,0,Low
7002009614,0,0.032936618,0,Low
7000706825,0,0.032930505,0,Low
7001452762,0,0.032918923,0,Low
7001990525,0,0.032917913,0,Low
7000239604,0,0.03291722,0,Low
7000446779,0,0.032909315,0,Low
7000749500,0,0.03290794,0,Low
7001638157,0,0.032891594,0,Low
7000458017,0,0.03288903,0,Low
7002172394,0,0.032888863,0,Low
7000990487,0,0.032876413,0,Low
7001276780,0,0.03287256,0,Low
7001716840,0,0.03287032,0,Low
7001327095,0,0.032869242,0,Low
7001745258,0,0.03283823,0,Low
7002397845,0,0.03283302,0,Low
7000841775,0,0.032832943,0,Low
7000853162,0,0.03282974,0,Low
7002044917,0,0.032825395,0,Low
7001051620,0,0.03282491,0,Low
7001354220,0,0.032813158,0,Low
7001302766,0,0.032805834,0,Low
7001891415,0,0.032770563,0,Low
7000394899,0,0.032770436,0,Low
7000900249,0,0.03275036,0,Low
7000921005,0,0.03274882,0,Low
7001504422,0,0.03274228,0,Low
7000579622,0,0.032740712,0,Low
7001715332,0,0.032740656,0,Low
7001329704,0,0.032732535,0,Low
7000602894,0,0.032712545,0,Low
7002184814,0,0.03270878,0,Low
7002190765,0,0.03270534,0,Low
7001260232,0,0.032704804,0,Low
7001260440,0,0.03270163,0,Low
7002016902,0,0.03270066,0,Low
7000606863,0,0.0327004,0,Low
7001781258,0,0.032678958,0,Low
7001400926,0,0.032673758,0,Low
7001595262,0,0.032665305,0,Low
7001263600,0,0.032665085,0,Low
7001909980,0,0.032656923,0,Low
7001292032,0,0.03264631,0,Low
7001048232,0,0.032644406,0,Low
7001794783,0,0.032624695,0,Low
7002017323,0,0.032622617,0,Low
7002376354,0,0.032612782,0,Low
7001740835,0,0.032600157,0,Low
7002107577,0,0.032599773,0,Low
7000358237,0,0.03259966,0,Low
7001153259,0,0.03258625,0,Low
7001950880,0,0.032581117,0,Low
7001551034,0,0.03255911,0,Low
7001134514,0,0.032553256,0,Low
7001972740,0,0.032540403,0,Low
7002158709,0,0.03252663,0,Low
7001826639,0,0.03251245,0,Low
7000956737,0,0.0325102,0,Low
7001028825,0,0.032508474,0,Low
7000713143,0,0.032507747,0,Low
7001062045,0,0.0325066,0,Low
7000337292,0,0.032505438,0,Low
7000718929,0,0.032477077,0,Low
7001268774,0,0.032463107,0,Low
7001816719,0,0.032446545,0,Low
7002078441,0,0.032437366,0,Low
7001431657,0,0.03243698,0,Low
7001239248,0,0.032428123,0,Low
7000334344,0,0.03242576,0,Low
7001011092,0,0.032419,0,Low
7000679643,0,0.032388315,0,Low
7001711131,1,0.03237385,0,Low
7002283458,0,0.03237112,0,Low
7001657834,0,0.03237045,0,Low
7000824720,0,0.032369625,0,Low
7002220287,0,0.032366846,0,Low
7001549773,0,0.03236621,0,Low
7001177833,0,0.032352682,0,Low
7000649647,0,0.032326594,0,Low
7001347487,0,0.03231286,0,Low
7001496644,0,0.032291222,0,Low
7002367971,0,0.03228375,0,Low
7001221589,0,0.032280248,0,Low
7000412085,0,0.032279164,0,Low
7002385110,0,0.032279097,0,Low
7001644475,0,0.032271516,0,Low
7000457843,0,0.032267578,0,Low
7001316427,0,0.032266736,0,Low
7000854183,0,0.032258887,0,Low
7002159658,0,0.032258876,0,Low
7002142929,0,0.032254566,0,Low
7001349918,0,0.03224771,0,Low
7000831519,0,0.032246023,0,Low
7000983759,0,0.032241534,0,Low
7001121983,0,0.03223134,0,Low
7001773995,0,0.03221916,0,Low
7000420908,0,0.032218415,0,Low
7000307447,0,0.03221432,0,Low
7000401353,0,0.032213394,0,Low
7001892444,0,0.032205373,0,Low
7002228150,0,0.032194823,0,Low
7000647123,0,0.032190558,0,Low
7002048624,0,0.032187454,0,Low
7001063036,0,0.032183222,0,Low
7002354482,0,0.032172404,0,Low
7001501766,0,0.032167897,0,Low
7000407128,0,0.0321537,0,Low
7001177174,0,0.032152113,0,Low
7001862009,0,0.032150317,0,Low
7000916463,0,0.03214933,0,Low
7000633760,0,0.03214669,0,Low
7001545013,0,0.032138128,0,Low
7000728045,0,0.03213624,0,Low
7000996037,0,0.03213308,0,Low
7001601868,0,0.032127652,0,Low
7001438284,0,0.032125384,0,Low
7000548342,0,0.03210581,0,Low
7001033599,0,0.03210488,0,Low
7000816701,0,0.03210265,0,Low
7002014417,0,0.03209475,0,Low
7000837429,0,0.032089427,0,Low
7000573621,0,0.032089405,0,Low
7001222287,0,0.032082397,0,Low
7000320659,0,0.032081954,0,Low
7001260265,0,0.032078378,0,Low
7002313931,0,0.03207832,0,Low
7001528127,0,0.032074455,0,Low
7002145585,0,0.032069683,0,Low
7000496728,0,0.032064613,0,Low
7002197029,0,0.03205871,0,Low
7000294731,0,0.032056224,0,Low
7001594496,0,0.03205506,0,Low
7002170891,0,0.032020666,0,Low
7002363420,0,0.032018397,0,Low
7001603287,0,0.031992722,0,Low
7001783419,0,0.03198545,0,Low
7000374946,0,0.031981517,0,Low
7001058719,0,0.031978056,0,Low
7000974515,0,0.03196338,0,Low
7002252158,0,0.031961676,0,Low
7001187769,0,0.03196104,0,Low
7001166032,0,0.03196033,0,Low
7001464789,0,0.031956792,0,Low
7002149190,0,0.03195114,0,Low
7001982086,0,0.03193641,0,Low
7001107349,0,0.03192921,0,Low
7001058971,0,0.03192327,0,Low
7001284820,0,0.03191472,0,Low
7001166539,0,0.03190018,0,Low
7001929861,0,0.03189652,0,Low
7001807541,0,0.03189602,0,Low
7001189855,0,0.031891376,0,Low
7000557573,0,0.031876944,0,Low
7000325894,0,0.031866793,0,Low
7001300623,0,0.031849533,0,Low
7001726193,0,0.031843975,0,Low
7001064111,0,0.03184102,0,Low
7000059575,0,0.03184075,0,Low
7000091460,0,0.031833563,0,Low
7002376664,0,0.031830747,0,Low
7001917677,0,0.03182882,0,Low
7001524217,0,0.03182878,0,Low
7001498193,0,0.031827405,0,Low
7000430933,0,0.031824768,0,Low
7000951784,0,0.03182316,0,Low
7001832260,0,0.03181499,0,Low
7000051782,0,0.03180673,0,Low
7001120065,0,0.03180278,0,Low
7001852357,0,0.031794515,0,Low
7000303682,0,0.031781863,0,Low
7001359748,0,0.031775143,0,Low
7002276415,0,0.031771537,0,Low
7000532597,0,0.03176819,0,Low
7001200876,0,0.03175956,0,Low
7002238080,0,0.031757962,0,Low
7001419108,0,0.031749044,0,Low
7000002609,0,0.0317488,0,Low
7000574851,0,0.03174597,0,Low
7001834095,0,0.031722747,0,Low
7000931850,0,0.031721048,0,Low
7000196470,0,0.031697076,0,Low
7001417493,0,0.031696554,0,Low
7000391786,0,0.031685077,0,Low
7002123228,0,0.031684775,0,Low
7001800869,0,0.031649623,0,Low
7001521457,0,0.03164624,0,Low
7001494571,0,0.03163267,0,Low
7000039693,1,0.031624675,0,Low
7000277751,0,0.031615555,0,Low
7002277610,0,0.03161,0,Low
7000759609,0,0.031609375,0,Low
7001936454,0,0.031604964,0,Low
7000338375,0,0.031596612,0,Low
7001677061,0,0.0315905,0,Low
7000367072,0,0.0315836,0,Low
7002375169,0,0.031583127,0,Low
7000924768,0,0.031578764,0,Low
7000518628,0,0.031576335,0,Low
7000920600,0,0.03157283,0,Low
7001129636,0,0.03157167,0,Low
7000485282,0,0.03155765,0,Low
7000228003,0,0.031551056,0,Low
7001765375,0,0.031547055,0,Low
7002218213,0,0.031542774,0,Low
7002267849,0,0.03154057,0,Low
7000746570,0,0.03154006,0,Low
7000826849,0,0.031534012,0,Low
7000977115,0,0.031518675,0,Low
7001506953,0,0.031518303,0,Low
7000398250,0,0.031516492,0,Low
7001346173,0,0.03150922,0,Low
7001986759,0,0.03150324,0,Low
7000001507,0,0.031486284,0,Low
7000442711,0,0.031483147,0,Low
7001445747,0,0.03148294,0,Low
7000562522,0,0.031482518,0,Low
7001428247,0,0.03148195,0,Low
7002166735,0,0.03147788,0,Low
7001774490,0,0.03147152,0,Low
7001075657,0,0.031471185,0,Low
7002037544,0,0.031466056,0,Low
7001199084,0,0.03145929,0,Low
7001334835,0,0.031459127,0,Low
7000660830,0,0.031454105,0,Low
7001990566,0,0.031447083,0,Low
7001463395,0,0.0314412,0,Low
7000675717,0,0.031439204,0,Low
7001846240,0,0.031436954,0,Low
7000186266,0,0.031434488,0,Low
7000562202,0,0.03142679,0,Low
7002178136,0,0.0313854,0,Low
7001217582,0,0.03137626,0,Low
7001344033,0,0.031359434,0,Low
7002371620,0,0.031355537,0,Low
7002194019,0,0.031350356,0,Low
7000250565,0,0.031348024,0,Low
7002135210,0,0.031344663,0,Low
7000473620,0,0.031323966,0,Low
7001706727,0,0.031313334,0,Low
7001575433,0,0.031276386,0,Low
7001900779,0,0.031275384,0,Low
7001582726,0,0.031272348,0,Low
7001623479,0,0.031270333,0,Low
7000897176,0,0.031268556,0,Low
7001399048,0,0.03126507,0,Low
7002261812,0,0.031261705,0,Low
7000051567,0,0.031259228,0,Low
7001679223,0,0.03125242,0,Low
7000708350,0,0.031245109,0,Low
7001901421,0,0.031243471,0,Low
7001669995,0,0.031237362,0,Low
7001483858,0,0.031234533,0,Low
7001750034,0,0.031217407,0,Low
7002232569,0,0.031197904,0,Low
7001180387,0,0.031192454,0,Low
7000485070,0,0.031171741,0,Low
7001281125,0,0.031171119,0,Low
7000660823,0,0.031157648,0,Low
7000205992,0,0.03115062,0,Low
7001648773,0,0.03114906,0,Low
7000575019,0,0.031137379,0,Low
7001499352,0,0.031131435,0,Low
7000929188,0,0.031128634,0,Low
7001138322,0,0.031123534,0,Low
7001870618,0,0.0311179,0,Low
7000498117,0,0.031113856,0,Low
7001699767,0,0.031113796,0,Low
7001802717,0,0.031089265,0,Low
7000433485,0,0.031077066,0,Low
7000994653,0,0.031073831,0,Low
7001143346,0,0.031072557,0,Low
7000266498,0,0.031068297,0,Low
7000838532,0,0.031066334,0,Low
7000972247,0,0.031064551,0,Low
7001561572,0,0.031064242,0,Low
7001100103,0,0.031053737,0,Low
7000480713,0,0.031053666,0,Low
7001821463,0,0.031043723,0,Low
7000237350,0,0.031041564,0,Low
7001100453,0,0.031025816,0,Low
7000144836,0,0.031013174,0,Low
7000487680,0,0.031012278,0,Low
7001768565,0,0.031007577,0,Low
7001359968,0,0.030978093,0,Low
7000602843,0,0.030964375,0,Low
7001584977,0,0.030948682,0,Low
7001719035,0,0.03094788,0,Low
7001500128,0,0.030942578,0,Low
7002396959,0,0.030940838,0,Low
7001768008,0,0.030940097,0,Low
7002336563,0,0.03093753,0,Low
7001762255,0,0.030930003,0,Low
7001981122,0,0.030927496,0,Low
7000941697,0,0.030916773,0,Low
7001726486,0,0.030911932,0,Low
7000459404,0,0.03090148,0,Low
7000634712,0,0.030896477,0,Low
7001833657,0,0.030888705,0,Low
7001803687,0,0.030871611,0,Low
7001493126,0,0.030868594,0,Low
7001327197,0,0.030863214,0,Low
7001888609,0,0.030851904,0,Low
7000018807,0,0.030841552,0,Low
7000709984,0,0.030841066,0,Low
7002253464,0,0.030839948,0,Low
7000823555,0,0.030818861,0,Low
7001805675,0,0.030811947,0,Low
7002221995,0,0.030803995,0,Low
7002204391,0,0.03079929,0,Low
7000489486,0,0.030784475,0,Low
7001618202,0,0.030781865,0,Low
7001240774,0,0.030777171,0,Low
7000344468,0,0.030769108,0,Low
7000912497,0,0.030767135,0,Low
7000978522,0,0.03076294,0,Low
7000572574,0,0.030755203,0,Low
7001497646,0,0.030748118,0,Low
7001052704,0,0.03074146,0,Low
7001115405,0,0.030740388,0,Low
7000000373,0,0.03072193,0,Low
7000681849,0,0.030716145,0,Low
7002025114,0,0.030716082,0,Low
7001397809,0,0.030710805,0,Low
7001380504,0,0.03069145,0,Low
7001835419,0,0.03068802,0,Low
7001757304,0,0.030686878,0,Low
7000883218,0,0.030680671,0,Low
7001557755,0,0.03067763,0,Low
7000277729,0,0.030670825,0,Low
7001375588,0,0.030665202,0,Low
7000755609,0,0.030652193,0,Low
7001273092,0,0.030643817,0,Low
7000955515,0,0.030634033,0,Low
7000636525,0,0.03063279,0,Low
7001352065,0,0.030630618,0,Low
7000833605,0,0.030622324,0,Low
7001956934,0,0.030620972,0,Low
7001522873,0,0.030618005,0,Low
7000384935,0,0.03059708,0,Low
7001994350,0,0.030587437,0,Low
7000210407,0,0.030585246,0,Low
7001015182,0,0.03058096,0,Low
7001174791,0,0.030578095,0,Low
7001064466,0,0.030565204,0,Low
7001010997,0,0.030561494,0,Low
7000124791,0,0.030555649,0,Low
7000506599,0,0.03055525,0,Low
7001025822,0,0.030555122,0,Low
7002357255,0,0.030554274,0,Low
7000333727,0,0.03054173,0,Low
7001869107,0,0.03053938,0,Low
7000995060,0,0.03053655,0,Low
7001688494,0,0.03051929,0,Low
7001129899,0,0.030516671,0,Low
7000808642,0,0.030507047,0,Low
7000181131,0,0.030495878,0,Low
7002100324,0,0.030494463,0,Low
7001951583,0,0.030489774,0,Low
7001333390,0,0.03047957,0,Low
7001238661,0,0.030470805,0,Low
7001002891,0,0.030470448,0,Low
7001359329,0,0.030469751,0,Low
7000207559,0,0.030461714,0,Low
7002280347,0,0.030460445,0,Low
7002303988,0,0.030457621,0,Low
7001290376,0,0.030457307,0,Low
7002374511,0,0.030455776,0,Low
7002293159,0,0.030455485,0,Low
7000909523,0,0.030451458,0,Low
7001337713,0,0.030450506,0,Low
7000315130,0,0.030429747,0,Low
7001811241,0,0.030417426,0,Low
7001473347,0,0.030401688,0,Low
7002277508,0,0.030399622,0,Low
7000246207,0,0.03038852,0,Low
7001204755,0,0.030386638,0,Low
7001339130,0,0.03037771,0,Low
7001010239,0,0.030376328,0,Low
7000685137,0,0.030363288,0,Low
7001195670,0,0.030353907,0,Low
7001414560,0,0.030348053,0,Low
7001330266,0,0.030339533,0,Low
7000672143,0,0.030332357,0,Low
7001344378,0,0.030328728,0,Low
7001208493,0,0.030321222,0,Low
7002216285,0,0.03032017,0,Low
7000447445,0,0.030313164,0,Low
7002070980,0,0.030312862,0,Low
7001667413,0,0.030309351,0,Low
7000406461,0,0.030304201,0,Low
7001551495,0,0.030298505,0,Low
7001646903,0,0.0302945,0,Low
7000314922,0,0.030287517,0,Low
7001211883,0,0.030276833,0,Low
7001060167,0,0.030258797,0,Low
7001853160,0,0.03024691,0,Low
7002008995,0,0.030244954,0,Low
7001430975,0,0.030235901,0,Low
7000778854,0,0.030231219,0,Low
7001850975,0,0.030225137,0,Low
7000519207,0,0.030224334,0,Low
7001802707,0,0.030222613,0,Low
7001478522,0,0.030219784,0,Low
7000819878,0,0.030216705,0,Low
7001203055,0,0.030213213,0,Low
7001493528,0,0.030205037,0,Low
7000496859,0,0.030199405,0,Low
7000612686,0,0.030197917,0,Low
7002143369,0,0.03019355,0,Low
7001467698,0,0.0301882,0,Low
7001331946,0,0.030183908,0,Low
7001631824,0,0.030169705,0,Low
7000213177,0,0.030168379,0,Low
7000395436,0,0.030162541,0,Low
7001608007,0,0.03016119,0,Low
7000296431,0,0.0301494,0,Low
7000020815,0,0.030145105,0,Low
7001973143,0,0.03014254,0,Low
7002291978,0,0.030133473,0,Low
7000561918,0,0.03013166,0,Low
7000974085,0,0.030129125,0,Low
7002073432,0,0.030127404,0,Low
7000241567,0,0.030115942,0,Low
7001776174,0,0.0301108,0,Low
7002068599,0,0.030109359,0,Low
7000156955,0,0.030103315,0,Low
7000988022,0,0.030085884,0,Low
7001349393,0,0.03005804,0,Low
7002095085,0,0.030049574,0,Low
7001409519,0,0.03004613,0,Low
7002100177,0,0.030044418,0,Low
7001165969,0,0.030041652,0,Low
7001646752,0,0.03003629,0,Low
7002232119,0,0.030035334,0,Low
7001078836,0,0.030029394,0,Low
7000674700,0,0.030026935,0,Low
7000926310,0,0.030024122,0,Low
7002389313,0,0.03002236,0,Low
7000671484,0,0.030016696,0,Low
7000979402,0,0.030016173,0,Low
7002271206,0,0.030011185,0,Low
7002233652,0,0.030010225,0,Low
7002343483,0,0.03000627,0,Low
7001832600,0,0.030000454,0,Low
7002046875,0,0.029992022,0,Low
7002385012,0,0.02999084,0,Low
7000410160,0,0.02998111,0,Low
7001304241,0,0.029980287,0,Low
7001111965,0,0.029976808,0,Low
7001473618,0,0.029973533,0,Low
7001403080,0,0.029972626,0,Low
7000073359,0,0.029970463,0,Low
7001863947,0,0.02996589,0,Low
7000503476,0,0.029962722,0,Low
7001313109,0,0.029945768,0,Low
7000005512,0,0.029942611,0,Low
7001991973,0,0.029939424,0,Low
7000326508,0,0.02993712,0,Low
7001335526,0,0.029933237,0,Low
7001720200,0,0.029928487,0,Low
7002054107,0,0.029925842,0,Low
7001163708,0,0.0299066,0,Low
7002198511,0,0.029903343,0,Low
7001432075,0,0.029903159,0,Low
7001955323,0,0.029889923,0,Low
7000635156,0,0.029878138,0,Low
7001633009,0,0.029874273,0,Low
7000178236,0,0.029852472,0,Low
7000929140,0,0.029850725,0,Low
7000423272,0,0.029835906,0,Low
7001277582,0,0.029825302,0,Low
7002231018,0,0.029822709,0,Low
7001636858,0,0.029820722,0,Low
7000643105,0,0.029818734,0,Low
7001708857,0,0.0298125,0,Low
7001052701,0,0.029800456,0,Low
7000709499,0,0.029769044,0,Low
7001714410,0,0.029766813,0,Low
7000661693,0,0.02976052,0,Low
7000965830,0,0.02975656,0,Low
7002034472,0,0.02975621,0,Low
7001855197,0,0.029742641,0,Low
7000039848,0,0.029742146,0,Low
7001804003,0,0.029741723,0,Low
7000073869,0,0.029741636,0,Low
7001224502,0,0.029738603,0,Low
7002162970,0,0.029734997,0,Low
7001563265,0,0.02972585,0,Low
7001993769,0,0.029720899,0,Low
7001546830,0,0.0297191,0,Low
7000775746,0,0.029704988,0,Low
7000670412,0,0.029704306,0,Low
7001679806,0,0.029703015,0,Low
7000936982,0,0.029698413,0,Low
7000773287,0,0.029685294,0,Low
7000896839,0,0.029677924,0,Low
7000543219,0,0.02967618,0,Low
7001713967,0,0.029662432,0,Low
7000406413,0,0.029662425,0,Low
7000906886,0,0.02964692,0,Low
7002030304,0,0.02964596,0,Low
7002299502,0,0.029638195,0,Low
7000813291,0,0.029634975,0,Low
7000159780,0,0.029631916,0,Low
7000201468,0,0.02963174,0,Low
7001242226,0,0.029620888,0,Low
7000114665,0,0.029601151,0,Low
7001698111,0,0.029599048,0,Low
7000794913,0,0.029598126,0,Low
7002081301,0,0.02958982,0,Low
7000435244,0,0.029588856,0,Low
7002279103,0,0.029586738,0,Low
7002234988,0,0.029578278,0,Low
7001333174,0,0.029575666,0,Low
7002337185,0,0.029574824,0,Low
7000387886,0,0.029562775,0,Low
7001777975,0,0.02955085,0,Low
7000153381,0,0.029547457,0,Low
7001378993,0,0.02953598,0,Low
7002325418,0,0.029535566,0,Low
7001888106,0,0.029528938,0,Low
7000177758,0,0.029523812,0,Low
7001647263,0,0.029523794,0,Low
7001091474,0,0.02951634,0,Low
7002167601,0,0.029515382,0,Low
7002234153,0,0.029507287,0,Low
7000540402,0,0.029504616,0,Low
7001601390,0,0.029499559,0,Low
7000349322,0,0.029493572,0,Low
7000131942,0,0.029492931,0,Low
7001034276,0,0.029487882,0,Low
7000853324,0,0.02947299,0,Low
7001369996,0,0.029472854,0,Low
7001533738,0,0.029467208,0,Low
7000128844,0,0.029461317,0,Low
7001900954,0,0.02945613,0,Low
7000670138,0,0.029451625,0,Low
7002199213,0,0.029449524,0,Low
7001676034,0,0.029444238,0,Low
7000653163,0,0.029442132,0,Low
7001367171,0,0.029436806,0,Low
7002133823,0,0.029436568,0,Low
7001503428,0,0.029435612,0,Low
7001803663,0,0.029423533,0,Low
7000664702,0,0.029420277,0,Low
7001111573,0,0.02940772,0,Low
7001749383,0,0.0293951,0,Low
7000696635,0,0.029389922,0,Low
7002382060,0,0.029382464,0,Low
7000235327,0,0.029381098,0,Low
7000572802,0,0.029376835,0,Low
7001999360,0,0.029356983,0,Low
7001480738,0,0.029356053,0,Low
7000974736,0,0.029355608,0,Low
7001955369,0,0.029347382,0,Low
7001235386,0,0.029330181,0,Low
7000596110,0,0.029325603,0,Low
7001037259,0,0.029315867,0,Low
7000309202,0,0.029307578,0,Low
7000927910,0,0.029296206,0,Low
7001175905,0,0.029292768,0,Low
7000319541,0,0.029279007,0,Low
7001427296,0,0.029277775,0,Low
7001438692,0,0.029262323,0,Low
7002366562,0,0.02925367,0,Low
7002164888,0,0.029250259,0,Low
7001956085,0,0.02924724,0,Low
7001008693,0,0.02924697,0,Low
7000365476,0,0.029244136,0,Low
7001105509,0,0.029233472,0,Low
7000178563,0,0.029220255,0,Low
7000967652,0,0.029212607,0,Low
7001687300,0,0.029208515,0,Low
7000680420,0,0.029194877,0,Low
7000937776,0,0.029184109,0,Low
7001166933,0,0.029182594,0,Low
7000596055,0,0.029171923,0,Low
7002291563,0,0.029164545,0,Low
7000955279,0,0.029156014,0,Low
7001725188,0,0.029153269,0,Low
7000365769,0,0.02915201,0,Low
7001440564,0,0.029146818,0,Low
7000143046,0,0.02914647,0,Low
7001100139,0,0.029131377,0,Low
7000986425,0,0.02911672,0,Low
7000632338,0,0.029111695,0,Low
7000061013,0,0.029108744,0,Low
7001127973,0,0.029107153,0,Low
7000670810,0,0.02910292,0,Low
7002138553,0,0.029096985,0,Low
7000356527,0,0.029096838,0,Low
7002119294,0,0.029096272,0,Low
7001603665,0,0.029095769,0,Low
7001525983,0,0.02909286,0,Low
7000542919,0,0.029082611,0,Low
7002150299,0,0.02908187,0,Low
7001537717,0,0.029066611,0,Low
7000336399,0,0.029051967,0,Low
7000177165,0,0.02905057,0,Low
7001036083,0,0.02904568,0,Low
7001516505,0,0.029029809,0,Low
7000539177,0,0.029022725,0,Low
7001788443,0,0.029010078,0,Low
7001966035,0,0.029002478,0,Low
7000121891,0,0.028991643,0,Low
7001628790,0,0.028985016,0,Low
7000038682,0,0.028983938,0,Low
7002137009,0,0.028980913,0,Low
7000501865,0,0.028978301,0,Low
7001345009,0,0.028957283,0,Low
7000720039,0,0.028954428,0,Low
7000211541,0,0.02895255,0,Low
7001743077,0,0.028952194,0,Low
7002336842,0,0.02892853,0,Low
7002269056,0,0.028927313,0,Low
7001077603,0,0.028926272,0,Low
7002197021,0,0.028908638,0,Low
7000659595,0,0.028901031,0,Low
7002214848,0,0.028891979,0,Low
7001413618,0,0.028891912,0,Low
7001034471,0,0.02888061,0,Low
7000665075,0,0.028870659,0,Low
7000683506,0,0.028860206,0,Low
7000373961,0,0.028859973,0,Low
7001331080,0,0.028843293,0,Low
7002207032,0,0.028840488,0,Low
7002011132,0,0.028834457,0,Low
7001528780,0,0.02882544,0,Low
7001732542,0,0.02882045,0,Low
7002031920,0,0.028819447,0,Low
7001222610,0,0.028803384,0,Low
7001876648,0,0.028748179,0,Low
7000254167,0,0.028742598,0,Low
7002302306,0,0.028742526,0,Low
7001146048,0,0.028739272,0,Low
7000139784,0,0.028734714,0,Low
7002004816,0,0.028734168,0,Low
7001821552,0,0.028732914,0,Low
7000856316,0,0.028729714,0,Low
7001976994,0,0.028729197,0,Low
7001056969,0,0.02872818,0,Low
7002404699,0,0.0287247,0,Low
7000594784,0,0.028716573,0,Low
7000292838,0,0.028698392,0,Low
7001764615,0,0.028689299,0,Low
7000599374,0,0.028678587,0,Low
7000050371,0,0.02867473,0,Low
7001601013,0,0.02867397,0,Low
7001629817,0,0.028670477,0,Low
7002394825,0,0.028667761,0,Low
7002198928,0,0.028666293,0,Low
7001423714,0,0.028663881,0,Low
7000365064,0,0.028661394,0,Low
7001379452,0,0.028651202,0,Low
7000461968,0,0.028648907,0,Low
7000394330,0,0.02864768,0,Low
7001147044,0,0.028646654,0,Low
7001379283,0,0.02863881,0,Low
7001665464,0,0.028621187,0,Low
7002369458,0,0.028610848,0,Low
7001458693,0,0.028594341,0,Low
7002337318,0,0.02859077,0,Low
7000242399,0,0.028583705,0,Low
7001700869,0,0.028549118,0,Low
7000985685,0,0.028547952,0,Low
7000678803,0,0.028545422,0,Low
7000954468,0,0.028542444,0,Low
7000993659,0,0.028520282,0,Low
7000024641,0,0.028519845,0,Low
7000381758,0,0.02851807,0,Low
7001905656,0,0.028511023,0,Low
7001875481,0,0.028507575,0,Low
7001753315,0,0.02850743,0,Low
7002376870,0,0.028504543,0,Low
7001150655,0,0.028502708,0,Low
7000893272,0,0.028502591,0,Low
7001843943,0,0.028500611,0,Low
7000773726,0,0.028478095,0,Low
7001154711,0,0.028470363,0,Low
7002208024,0,0.028468855,0,Low
7001326077,0,0.028467074,0,Low
7001716455,0,0.028463343,0,Low
7000141398,0,0.028460192,0,Low
7000655712,0,0.02843622,0,Low
7002168146,0,0.028426003,0,Low
7001977003,0,0.028390639,0,Low
7000670445,0,0.028387567,0,Low
7001639121,0,0.028383438,0,Low
7000369277,0,0.028381618,0,Low
7001175097,0,0.028373044,0,Low
7000694516,0,0.028372997,0,Low
7001617473,0,0.028368607,0,Low
7001038192,0,0.028363198,0,Low
7001162480,0,0.028361183,0,Low
7000052396,0,0.028352728,0,Low
7000508015,0,0.02834794,0,Low
7000339526,0,0.0283463,0,Low
7001977035,0,0.02834007,0,Low
7000535476,0,0.02833601,0,Low
7001413064,0,0.028310807,0,Low
7001279804,0,0.028308926,0,Low
7000748015,0,0.02830413,0,Low
7000719112,0,0.028297715,0,Low
7001761714,0,0.028295778,0,Low
7001822654,0,0.028287455,0,Low
7001251273,0,0.028283399,0,Low
7002304385,0,0.02828165,0,Low
7000473667,0,0.028277226,0,Low
7000585482,0,0.028270619,0,Low
7002409465,0,0.028256506,0,Low
7002364172,0,0.028247682,0,Low
7001994860,0,0.028247068,0,Low
7002051466,0,0.0282468,0,Low
7001087881,0,0.028234381,0,Low
7001071331,0,0.02823383,0,Low
7002255856,0,0.028231228,0,Low
7000304967,0,0.028219946,0,Low
7001407405,0,0.028217312,0,Low
7000135794,0,0.02820739,0,Low
7001367651,0,0.028202044,0,Low
7002121300,0,0.028194414,0,Low
7000434190,0,0.028187972,0,Low
7001521014,0,0.028186671,0,Low
7000207039,0,0.028176475,0,Low
7000202234,0,0.028173307,0,Low
7000899898,0,0.028160151,0,Low
7000863380,0,0.02815559,0,Low
7000884627,0,0.028152237,0,Low
7002320318,0,0.028149892,0,Low
7001064817,0,0.028147712,0,Low
7000883737,0,0.028141703,0,Low
7001105431,0,0.028140381,0,Low
7001625125,0,0.02812333,0,Low
7001483458,0,0.028109048,0,Low
7001245487,0,0.028102241,0,Low
7001492569,0,0.028096747,0,Low
7002217812,0,0.028096747,0,Low
7001712728,0,0.028092619,0,Low
7000976117,0,0.028081866,0,Low
7001921703,0,0.02808069,0,Low
7001099194,0,0.028076585,0,Low
7001009305,0,0.028073963,0,Low
7000029951,0,0.028063567,0,Low
7001629048,0,0.028049104,0,Low
7000735936,0,0.028038537,0,Low
7002217693,0,0.028034944,0,Low
7000619360,0,0.02803372,0,Low
7000359332,0,0.02803224,0,Low
7002145162,0,0.028027972,0,Low
7000849292,0,0.028026309,0,Low
7001152339,0,0.028021438,0,Low
7001204843,0,0.028020991,0,Low
7002173356,0,0.028016835,0,Low
7001669460,0,0.028014679,0,Low
7001276324,0,0.028007565,0,Low
7001421915,0,0.028003355,0,Low
7000294539,0,0.028002191,0,Low
7001625785,0,0.027997624,0,Low
7001519584,0,0.027996344,0,Low
7000927109,0,0.027986323,0,Low
7000936897,0,0.027977474,0,Low
7001992692,0,0.027946386,0,Low
7001805264,0,0.027943252,0,Low
7000982072,0,0.027942825,0,Low
7000517021,0,0.027938174,0,Low
7000693385,0,0.027932854,0,Low
7000263084,0,0.027931325,0,Low
7001208989,0,0.027929286,0,Low
7000228327,0,0.02792117,0,Low
7000608068,0,0.027915055,0,Low
7001933631,0,0.027893327,0,Low
7001224709,0,0.027872827,0,Low
7001499479,0,0.027870715,0,Low
7002225793,0,0.027865527,0,Low
7001443711,0,0.027854595,0,Low
7001890627,0,0.027854208,0,Low
7000960674,0,0.027852189,0,Low
7001137007,0,0.027843798,0,Low
7000229362,0,0.027841302,0,Low
7000838641,0,0.027836228,0,Low
7001797860,0,0.027819889,0,Low
7001421698,0,0.027813261,0,Low
7001705353,0,0.027811352,0,Low
7000360755,0,0.027801318,0,Low
7001571551,0,0.027799819,0,Low
7000125840,0,0.027791893,0,Low
7002112174,0,0.027789472,0,Low
7001515484,0,0.02778882,0,Low
7001571450,0,0.02776895,0,Low
7001757187,0,0.027766265,0,Low
7001517091,0,0.027765738,0,Low
7000895703,0,0.027738705,0,Low
7001184004,0,0.027733555,0,Low
7001440081,0,0.027722178,0,Low
7002015289,0,0.027715985,0,Low
7002101470,0,0.027707512,0,Low
7002302811,0,0.027705992,0,Low
7001000310,0,0.02770462,0,Low
7001567254,0,0.027703904,0,Low
7002012572,0,0.027700987,0,Low
7002096147,0,0.027692037,0,Low
7002342243,0,0.027688613,0,Low
7001977637,0,0.027686207,0,Low
7002345662,0,0.027678026,0,Low
7001704390,0,0.02766407,0,Low
7000010604,0,0.027650153,0,Low
7001624809,0,0.027649708,0,Low
7000104602,0,0.027647668,0,Low
7000793526,0,0.027637217,0,Low
7001882082,0,0.027636763,0,Low
7001601258,0,0.02763197,0,Low
7001956060,0,0.027630791,0,Low
7001339785,0,0.027629904,0,Low
7001730547,0,0.02762043,0,Low
7002100437,0,0.027607093,0,Low
7000507573,0,0.02760697,0,Low
7000440423,0,0.027606145,0,Low
7000673020,0,0.02760534,0,Low
7001620306,0,0.027601281,0,Low
7001340529,0,0.027588427,0,Low
7001614400,0,0.027580518,0,Low
7002017784,0,0.0275767,0,Low
7001047183,0,0.027559916,0,Low
7002117569,0,0.027558919,0,Low
7000792952,0,0.027556784,0,Low
7002258865,0,0.02755039,0,Low
7000041102,0,0.027548097,0,Low
7000532806,0,0.027543103,0,Low
7000866765,0,0.027541602,0,Low
7000933902,0,0.02754149,0,Low
7001598080,0,0.027534926,0,Low
7001285551,0,0.027527215,0,Low
7002271227,0,0.027520616,0,Low
7000478667,0,0.027508672,0,Low
7001540543,0,0.02749001,0,Low
7002256109,0,0.02747568,0,Low
7000941035,0,0.027466672,0,Low
7001309522,0,0.02746431,0,Low
7000869330,0,0.027459113,0,Low
7000010392,0,0.027444797,0,Low
7002187697,0,0.027439816,0,Low
7001503214,0,0.027434738,0,Low
7001865273,0,0.027433518,0,Low
7000744485,0,0.027432453,0,Low
7001480157,0,0.027428973,0,Low
7000240887,0,0.027414758,0,Low
7000482935,0,0.02741306,0,Low
7001002450,0,0.027408129,0,Low
7002055979,0,0.027404372,0,Low
7000363764,0,0.027389996,0,Low
7000847731,0,0.027386293,0,Low
7002249701,0,0.027374286,0,Low
7002322034,0,0.027368959,0,Low
7001991863,0,0.027365794,0,Low
7000395475,0,0.027353523,0,Low
7001172953,0,0.027349083,0,Low
7000923703,0,0.027344804,0,Low
7001094664,0,0.027336871,0,Low
7002326445,0,0.027336795,0,Low
7000752348,0,0.027331578,0,Low
7000402921,0,0.02733048,0,Low
7001226064,0,0.027315846,0,Low
7001400048,0,0.027314153,0,Low
7000424718,0,0.027311796,0,Low
7001120467,0,0.027307028,0,Low
7000328577,0,0.027306255,0,Low
7000184200,0,0.027302412,0,Low
7000794888,0,0.027293764,0,Low
7001631002,0,0.027285265,0,Low
7001974383,0,0.027284518,0,Low
7002291119,0,0.027281411,0,Low
7002166689,0,0.02727248,0,Low
7002047010,0,0.027272196,0,Low
7001257385,0,0.027266774,0,Low
7000940031,0,0.027266128,0,Low
7000438039,0,0.027265275,0,Low
7000149011,0,0.027263537,0,Low
7001847848,0,0.027257169,0,Low
7001453470,0,0.027245143,0,Low
7001304134,0,0.02723276,0,Low
7001988312,0,0.02723232,0,Low
7001361550,0,0.027229793,0,Low
7000808661,0,0.027228499,0,Low
7001604094,0,0.027218977,0,Low
7000466937,0,0.02721892,0,Low
7000165839,0,0.027218705,0,Low
7001361889,0,0.027218018,0,Low
7000098289,0,0.027212273,0,Low
7001025837,0,0.027200537,0,Low
7001162357,0,0.02719787,0,Low
7001347373,0,0.027190598,0,Low
7001150953,0,0.027175141,0,Low
7000075202,0,0.027153969,0,Low
7000295449,0,0.027142916,0,Low
7001250786,0,0.027141519,0,Low
7001627675,0,0.027135335,0,Low
7000245242,0,0.027130654,0,Low
7000527945,0,0.027127085,0,Low
7000684647,0,0.027121902,0,Low
7001558791,0,0.027120456,0,Low
7001303303,0,0.027097283,0,Low
7001051087,0,0.027082881,0,Low
7001254383,0,0.02708231,0,Low
7001085397,0,0.027079858,0,Low
7001999455,0,0.027076894,0,Low
7000790834,0,0.027073547,0,Low
7000496191,0,0.027067123,0,Low
7001412471,0,0.027056841,0,Low
7001457929,0,0.027055643,0,Low
7001553606,0,0.027054619,0,Low
7001091149,0,0.02703055,0,Low
7000099770,0,0.027025137,0,Low
7002265686,0,0.027005555,0,Low
7000735621,0,0.026998615,0,Low
7001159918,0,0.026995646,0,Low
7001671465,0,0.026993092,0,Low
7000997153,0,0.026992077,0,Low
7002205591,0,0.026978225,0,Low
7000940811,0,0.026972054,0,Low
7000815733,0,0.02696099,0,Low
7002128933,0,0.026937153,0,Low
7000206049,0,0.026934715,0,Low
7001968310,0,0.026932808,0,Low
7000667130,0,0.026910756,0,Low
7001278326,0,0.026909195,0,Low
7002008544,0,0.02690824,0,Low
7000957166,0,0.026901243,0,Low
7001650266,0,0.026896587,0,Low
7000188370,0,0.026893074,0,Low
7002263571,0,0.026887171,0,Low
7001026026,0,0.02688658,0,Low
7001162591,0,0.026884956,0,Low
7000471518,0,0.026883028,0,Low
7000359778,0,0.026882894,0,Low
7001617898,0,0.026880411,0,Low
7000343038,0,0.026858933,0,Low
7002178916,0,0.026840294,0,Low
7000781380,0,0.026838895,0,Low
7002225880,0,0.026830794,0,Low
7000800545,0,0.026827926,0,Low
7001012138,0,0.026820388,0,Low
7001256032,0,0.02681997,0,Low
7000397584,0,0.026808051,0,Low
7000145075,0,0.026806315,0,Low
7000577414,0,0.026805582,0,Low
7001928005,0,0.026804734,0,Low
7002287767,0,0.0267984,0,Low
7002310890,0,0.026764138,0,Low
7000200379,0,0.026759518,0,Low
7002086463,0,0.026751716,0,Low
7002349388,0,0.026748283,0,Low
7002367061,0,0.026747074,0,Low
7000768487,0,0.026745534,0,Low
7000670343,0,0.026721185,0,Low
7000069232,0,0.02671955,0,Low
7001684685,0,0.026710322,0,Low
7001124123,0,0.02670914,0,Low
7000072605,0,0.026703449,0,Low
7000432705,0,0.026694808,0,Low
7001586068,0,0.026687698,0,Low
7001238274,0,0.026663328,0,Low
7001402042,0,0.026652852,0,Low
7000815643,0,0.026642859,0,Low
7001454761,0,0.026641587,0,Low
7000320098,0,0.026641537,0,Low
7000340796,0,0.02663235,0,Low
7001326542,0,0.026630126,0,Low
7001509404,0,0.026628446,0,Low
7001712462,0,0.026624897,0,Low
7000057891,0,0.026622025,0,Low
7000528097,0,0.026620815,0,Low
7001329376,0,0.02661995,0,Low
7000241579,0,0.026617527,0,Low
7001585015,0,0.026614804,0,Low
7001929743,0,0.026607107,0,Low
7001519471,0,0.026599161,0,Low
7002215005,0,0.026598336,0,Low
7000579453,0,0.02658843,0,Low
7000896258,0,0.02658751,0,Low
7000621470,0,0.026580874,0,Low
7000469913,0,0.026578486,0,Low
7001524734,0,0.026575604,0,Low
7001417606,0,0.026573088,0,Low
7000211360,0,0.026562149,0,Low
7000346165,0,0.026560232,0,Low
7000809774,0,0.026557975,0,Low
7000442843,0,0.026555855,0,Low
7000954547,0,0.026555443,0,Low
7000234846,0,0.026546717,0,Low
7000251334,0,0.026537606,0,Low
7001875332,0,0.026530087,0,Low
7001706496,0,0.02650985,0,Low
7001766514,0,0.02648813,0,Low
7001964939,0,0.026483387,0,Low
7002274636,0,0.026475322,0,Low
7000572161,0,0.026467538,0,Low
7000682581,0,0.026462153,0,Low
7002348306,0,0.026456667,0,Low
7000039367,0,0.026454087,0,Low
7001919309,0,0.026453534,0,Low
7001083846,0,0.02644494,0,Low
7002205034,0,0.026444448,0,Low
7002298512,0,0.026418626,0,Low
7001574929,0,0.026416091,0,Low
7001108230,0,0.026415179,0,Low
7001435749,0,0.026414689,0,Low
7001610914,0,0.026411153,0,Low
7001446496,0,0.026404986,0,Low
7001495181,0,0.026382493,0,Low
7001771100,0,0.026377039,0,Low
7000776914,0,0.02635378,0,Low
7001750610,0,0.026353719,0,Low
7001677058,0,0.026350714,0,Low
7001574565,0,0.026349822,0,Low
7001207925,0,0.026349457,0,Low
7001374148,0,0.026349219,0,Low
7002201324,0,0.02634282,0,Low
7001569532,0,0.026340228,0,Low
7000928575,0,0.026330233,0,Low
7000423549,0,0.026322104,0,Low
7001788928,0,0.026317485,0,Low
7000636558,0,0.026309757,0,Low
7001594811,0,0.026292624,0,Low
7001064357,0,0.026281085,0,Low
7000172932,0,0.026276728,0,Low
7000866035,0,0.02627593,0,Low
7001099485,0,0.02626403,0,Low
7001743432,0,0.026261957,0,Low
7000989290,0,0.026259696,0,Low
7000837139,0,0.02625234,0,Low
7000663512,0,0.026251735,0,Low
7001246135,0,0.026228685,0,Low
7001243844,0,0.02621554,0,Low
7001670956,0,0.02621249,0,Low
7001839518,0,0.026206637,0,Low
7001682869,0,0.026206082,0,Low
7000470198,0,0.026198471,0,Low
7001321130,0,0.026183087,0,Low
7002340447,0,0.026179021,0,Low
7000235587,0,0.026177926,0,Low
7000652910,0,0.026166447,0,Low
7001743260,0,0.026162626,0,Low
7001046523,0,0.026150985,0,Low
7001087481,0,0.026133819,0,Low
7001568220,0,0.026130345,0,Low
7001410940,0,0.026130235,0,Low
7000042536,0,0.02612981,0,Low
7001454957,0,0.026122475,0,Low
7000936784,0,0.026102219,0,Low
7001128967,0,0.026101781,0,Low
7000263530,0,0.026082063,0,Low
7002165700,0,0.026075358,0,Low
7001057011,0,0.026064824,0,Low
7001495178,0,0.026060801,0,Low
7000433067,0,0.026054604,0,Low
7000500255,0,0.026051005,0,Low
7001365864,0,0.026050713,0,Low
7000339196,0,0.026038582,0,Low
7002399611,0,0.02603152,0,Low
7001280342,0,0.026020529,0,Low
7001881409,0,0.026013896,0,Low
7000176409,0,0.025995078,0,Low
7000192944,0,0.02599181,0,Low
7001439222,0,0.025990115,0,Low
7000166090,0,0.02597575,0,Low
7001963576,0,0.02596906,0,Low
7001650766,0,0.02596774,0,Low
7000996988,0,0.0259493,0,Low
7001600627,0,0.025938226,0,Low
7000589467,0,0.025934484,0,Low
7001387565,0,0.025920859,0,Low
7000371801,0,0.02591933,0,Low
7000185365,0,0.025901891,0,Low
7000048191,0,0.02589918,0,Low
7000864310,0,0.025891395,0,Low
7001768605,0,0.025883593,0,Low
7000243525,0,0.025883019,0,Low
7001998514,0,0.025871437,0,Low
7001876296,0,0.025864922,0,Low
7001123454,0,0.02586182,0,Low
7002062593,0,0.025858432,0,Low
7000644408,0,0.0258574,0,Low
7001267022,0,0.02583165,0,Low
7000970800,0,0.025831452,0,Low
7000897209,0,0.025827115,0,Low
7000155175,0,0.025816109,0,Low
7001959123,0,0.025814623,0,Low
7000983888,0,0.025811877,0,Low
7001535479,0,0.025809562,0,Low
7000531665,0,0.02580307,0,Low
7000698614,0,0.025797779,0,Low
7002196038,0,0.025797497,0,Low
7002231198,0,0.025795965,0,Low
7000278551,0,0.025791451,0,Low
7000975826,0,0.025776736,0,Low
7001873386,0,0.025761308,0,Low
7000827716,0,0.025759231,0,Low
7000074814,0,0.02574604,0,Low
7000792950,0,0.025743943,0,Low
7000866691,0,0.025741126,0,Low
7000160384,0,0.025739292,0,Low
7001977980,0,0.025729613,0,Low
7002145908,0,0.025728513,0,Low
7001577987,0,0.025721831,0,Low
7000569867,0,0.025718434,0,Low
7001551790,0,0.025718132,0,Low
7002180798,0,0.025715642,0,Low
7000175665,0,0.025697878,0,Low
7002250451,0,0.025691856,0,Low
7001081297,0,0.02568164,0,Low
7002104316,0,0.025663575,0,Low
7001904821,0,0.025656398,0,Low
7001930190,0,0.025653895,0,Low
7001022412,0,0.02565302,0,Low
7000663780,0,0.025652437,0,Low
7002085440,0,0.02564867,0,Low
7000692518,0,0.025645744,0,Low
7001432483,0,0.025644487,0,Low
7000896576,0,0.0256407,0,Low
7001725618,0,0.02563488,0,Low
7002356979,0,0.025633642,0,Low
7000081394,0,0.0256326,0,Low
7001970516,0,0.025626354,0,Low
7001019722,0,0.025621466,0,Low
7000983940,0,0.025612796,0,Low
7002400945,0,0.025610149,0,Low
7001959186,0,0.025608405,0,Low
7002178574,0,0.025594648,0,Low
7000851314,0,0.025594339,0,Low
7002183353,0,0.025592562,0,Low
7002255450,0,0.02558947,0,Low
7002037832,0,0.025589237,0,Low
7000835699,0,0.025575051,0,Low
7002279470,0,0.02557501,0,Low
7002145460,0,0.025570167,0,Low
7002032727,0,0.025569724,0,Low
7001847123,0,0.025569562,0,Low
7000684696,0,0.025562767,0,Low
7001086772,0,0.025558123,0,Low
7002343979,0,0.025557471,0,Low
7001540743,0,0.025555518,0,Low
7001046809,0,0.02555193,0,Low
7002339552,0,0.025541753,0,Low
7000698613,0,0.025541224,0,Low
7002004714,0,0.025541093,0,Low
7000359796,0,0.025539901,0,Low
7001019394,0,0.025534933,0,Low
7002283244,0,0.025524924,0,Low
7000183458,0,0.025524573,0,Low
7001613301,0,0.025520617,0,Low
7001446649,0,0.025513276,0,Low
7002126970,0,0.025508886,0,Low
7002391130,0,0.02549934,0,Low
7000408756,0,0.025496775,0,Low
7001523416,0,0.025494553,0,Low
7001030644,0,0.025480632,0,Low
7002142035,0,0.025469309,0,Low
7000938846,0,0.025468314,0,Low
7001122924,1,0.025448238,0,Low
7000839139,0,0.02544815,0,Low
7001196561,0,0.025447793,0,Low
7001679610,0,0.025433702,0,Low
7000660544,0,0.025426423,0,Low
7000169702,0,0.025425961,0,Low
7001661869,0,0.025412519,0,Low
7002285011,0,0.025405781,0,Low
7001300271,0,0.025373563,0,Low
7000161145,0,0.025366018,0,Low
7001406845,0,0.025364144,0,Low
7001498672,0,0.025346061,0,Low
7002005020,0,0.025332319,0,Low
7000763001,0,0.025319943,0,Low
7002054008,0,0.025316864,0,Low
7000921159,0,0.025312234,0,Low
7001436566,0,0.025306582,0,Low
7001919898,0,0.025291707,0,Low
7001322934,0,0.025290186,0,Low
7001837853,0,0.025286607,0,Low
7000104161,0,0.025277425,0,Low
7000769201,0,0.025268208,0,Low
7000801540,0,0.02526644,0,Low
7002369214,0,0.025262514,0,Low
7001432181,0,0.025246115,0,Low
7001734763,0,0.025238225,0,Low
7002036780,0,0.025237968,0,Low
7002232836,0,0.025235875,0,Low
7001009543,0,0.025211604,0,Low
7001631164,0,0.025202382,0,Low
7002110757,0,0.025198277,0,Low
7001769342,0,0.0251849,0,Low
7000653779,0,0.025184602,0,Low
7001988909,0,0.025178261,0,Low
7001067635,0,0.02517525,0,Low
7000531814,0,0.025172183,0,Low
7000300491,0,0.025163807,0,Low
7001669135,0,0.025162427,0,Low
7002146201,0,0.025161702,0,Low
7001492041,0,0.025151223,0,Low
7000643492,0,0.025150627,0,Low
7002200053,0,0.025149493,0,Low
7002264094,0,0.025144981,0,Low
7002311906,0,0.025135122,0,Low
7001805614,0,0.025125802,0,Low
7002137962,0,0.025119342,0,Low
7001330885,0,0.025118433,0,Low
7000417866,0,0.025114411,0,Low
7002068282,0,0.02510922,0,Low
7001703187,0,0.025097838,0,Low
7002207311,0,0.025089351,0,Low
7001816768,0,0.025081899,0,Low
7000062654,0,0.025073651,0,Low
7000562656,0,0.025071371,0,Low
7001906732,0,0.02506921,0,Low
7000467525,0,0.02506794,0,Low
7002063290,0,0.02506498,0,Low
7001629384,0,0.025056027,0,Low
7002258610,0,0.025050115,0,Low
7000123225,0,0.02504803,0,Low
7000310900,0,0.025041308,0,Low
7001481467,0,0.025039881,0,Low
7000525951,0,0.025035547,0,Low
7000368260,0,0.025027784,0,Low
7000849986,0,0.02502035,0,Low
7001825818,0,0.025012791,0,Low
7000718289,0,0.025001612,0,Low
7000723437,0,0.024980662,0,Low
7001789585,0,0.024979223,0,Low
7001162003,0,0.024971629,0,Low
7001396670,0,0.0249564,0,Low
7001638904,0,0.024950825,0,Low
7001446908,0,0.024946941,0,Low
7001978664,0,0.02493593,0,Low
7002226555,0,0.024931988,0,Low
7000693455,0,0.024912994,0,Low
7000907744,0,0.02490585,0,Low
7000540295,0,0.024895627,0,Low
7000648597,0,0.024892673,0,Low
7001430320,0,0.024887916,0,Low
7001018704,0,0.024881328,0,Low
7001874222,0,0.024879968,0,Low
7001143106,0,0.024874989,0,Low
7000835568,0,0.024866322,0,Low
7000675739,0,0.024846302,0,Low
7001358491,0,0.024841625,0,Low
7001751324,0,0.024832748,0,Low
7000026987,0,0.024829956,0,Low
7001241645,0,0.024828097,0,Low
7001745889,0,0.024825823,0,Low
7000095861,0,0.02482117,0,Low
7000948406,0,0.024814123,0,Low
7000882047,0,0.024805566,0,Low
7001040138,0,0.024800548,0,Low
7002303377,0,0.024799338,0,Low
7000938197,0,0.024779163,0,Low
7001317294,0,0.024775522,0,Low
7000299771,0,0.024771646,0,Low
7000122710,0,0.024771513,0,Low
7001025714,0,0.024762511,0,Low
7002240860,0,0.024757994,0,Low
7001125277,0,0.024753198,0,Low
7000913086,0,0.024747679,0,Low
7000995913,0,0.024744837,0,Low
7000382278,0,0.024730416,0,Low
7002047475,0,0.02472077,0,Low
7001505326,0,0.024720494,0,Low
7001706271,0,0.024713919,0,Low
7001503000,0,0.024694135,0,Low
7001893042,0,0.02467637,0,Low
7000652504,0,0.024659235,0,Low
7001524814,0,0.02465375,0,Low
7002028756,0,0.024651725,0,Low
7000553871,0,0.024650935,0,Low
7000534772,0,0.024634212,0,Low
7000823936,0,0.024633026,0,Low
7001757913,0,0.024625866,0,Low
7001105356,0,0.024625579,0,Low
7000650894,0,0.024621513,0,Low
7000400127,0,0.024621218,0,Low
7000272050,0,0.024577556,0,Low
7000455346,0,0.024553293,0,Low
7000304645,0,0.02455093,0,Low
7000856701,0,0.024542622,0,Low
7001938053,0,0.024542002,0,Low
7002271989,0,0.024541339,0,Low
7001203447,0,0.0245397,0,Low
7001987847,0,0.024534727,0,Low
7001299758,0,0.024529643,0,Low
7000444579,0,0.024525432,0,Low
7002383919,0,0.024524542,0,Low
7000624434,0,0.024523985,0,Low
7000089787,0,0.02452352,0,Low
7002199171,0,0.024517806,0,Low
7001043966,0,0.024517722,0,Low
7001018972,0,0.024511324,0,Low
7000157668,0,0.024509154,0,Low
7001996184,0,0.024497095,0,Low
7000535349,0,0.024492366,0,Low
7000921429,0,0.024483789,0,Low
7000331776,0,0.024476534,0,Low
7000920572,0,0.024463126,0,Low
7002282789,0,0.024460515,0,Low
7001654369,0,0.024448168,0,Low
7001260513,0,0.024446359,0,Low
7000584049,0,0.024440559,0,Low
7000570655,0,0.024432795,0,Low
7000102813,0,0.024426486,0,Low
7002298458,0,0.024424158,0,Low
7000421306,0,0.024410782,0,Low
7001955234,0,0.024399402,0,Low
7001568452,0,0.024385178,0,Low
7000851669,0,0.024366671,0,Low
7000782795,0,0.024366425,0,Low
7001817521,0,0.024361122,0,Low
7001163689,0,0.02435519,0,Low
7000494908,0,0.024355082,0,Low
7001685732,0,0.024336841,0,Low
7001087342,0,0.024335233,0,Low
7001353261,0,0.024330614,0,Low
7002034993,0,0.024314739,0,Low
7002151476,0,0.024314428,0,Low
7000277932,0,0.024313275,0,Low
7001700616,0,0.024303637,0,Low
7001680886,0,0.024299178,0,Low
7001503851,0,0.024294442,0,Low
7001628475,0,0.024286687,0,Low
7001847767,0,0.024281148,0,Low
7000603575,0,0.024279922,0,Low
7001960000,0,0.024266025,0,Low
7001427214,0,0.024261944,0,Low
7000066670,0,0.024252683,0,Low
7001471120,0,0.024244454,0,Low
7001584400,0,0.02424045,0,Low
7000350022,0,0.024219975,0,Low
7001990290,0,0.024210036,0,Low
7001053701,0,0.024209743,0,Low
7000341930,0,0.024209356,0,Low
7000951588,0,0.0241969,0,Low
7001102023,0,0.024194121,0,Low
7001442581,0,0.024188701,0,Low
7001274127,0,0.024184754,0,Low
7001855755,0,0.024165966,0,Low
7000677231,0,0.02415919,0,Low
7001908783,0,0.024158902,0,Low
7001001138,0,0.024152102,0,Low
7002397847,0,0.024132634,0,Low
7000414941,0,0.02413108,0,Low
7002058290,0,0.02412368,0,Low
7001114964,0,0.024110932,0,Low
7001762332,0,0.024101239,0,Low
7000864500,0,0.02409973,0,Low
7001401651,0,0.024095716,0,Low
7001852640,0,0.024093026,0,Low
7001784605,0,0.02408724,0,Low
7002123069,0,0.024087077,0,Low
7002127009,0,0.024082802,0,Low
7000236267,0,0.024072152,0,Low
7001669518,0,0.024067657,0,Low
7000196528,0,0.02405775,0,Low
7000948134,0,0.024057291,0,Low
7000816683,0,0.024056135,0,Low
7002260185,0,0.024044393,0,Low
7000951166,0,0.024043616,0,Low
7001041845,0,0.02404352,0,Low
7002369033,0,0.02404281,0,Low
7000878652,0,0.024032619,0,Low
7000105285,0,0.024025952,0,Low
7002134538,0,0.024021938,0,Low
7001517443,0,0.024017636,0,Low
7000454868,0,0.024013931,0,Low
7002228671,0,0.02400865,0,Low
7000719170,0,0.023991143,0,Low
7001813736,0,0.023991048,0,Low
7002191221,0,0.023987101,0,Low
7002278174,0,0.02398551,0,Low
7002192501,0,0.023943072,0,Low
7002086862,0,0.023942834,0,Low
7000591078,0,0.023941826,0,Low
7001085909,0,0.023929302,0,Low
7002042851,0,0.023927854,0,Low
7001064136,0,0.023920543,0,Low
7001475981,0,0.023917262,0,Low
7001895614,0,0.023914756,0,Low
7001438979,0,0.023906656,0,Low
7001949774,0,0.02390559,0,Low
7000229955,0,0.023900056,0,Low
7002266480,0,0.023900013,0,Low
7001858362,0,0.023897743,0,Low
7001935464,0,0.02388838,0,Low
7001233222,0,0.023882505,0,Low
7001493548,0,0.023879485,0,Low
7001746534,0,0.023869729,0,Low
7001751340,0,0.023866547,0,Low
7002199548,0,0.023861991,0,Low
7001517167,0,0.023852436,0,Low
7000110233,0,0.023847502,0,Low
7000965347,0,0.023840161,0,Low
7000334261,0,0.02383439,0,Low
7002206126,0,0.023826279,0,Low
7001689134,0,0.02381904,0,Low
7000886084,0,0.023817772,0,Low
7000340439,0,0.023811715,0,Low
7001832543,0,0.023809059,0,Low
7000217878,0,0.023805818,0,Low
7001546296,0,0.023802033,0,Low
7001405426,0,0.023786716,0,Low
7000946018,0,0.023785055,0,Low
7001558729,0,0.023778912,0,Low
7001849395,0,0.023772564,0,Low
7001190811,0,0.023762245,0,Low
7000833710,0,0.023751065,0,Low
7001145455,0,0.02375095,0,Low
7001014152,0,0.02374332,0,Low
7002128042,0,0.023724671,0,Low
7001513212,0,0.023722187,0,Low
7002220431,0,0.023721265,0,Low
7000972823,0,0.023720182,0,Low
7000289769,0,0.023712296,0,Low
7000971714,0,0.023708073,0,Low
7001629201,0,0.023704633,0,Low
7000696525,0,0.023704413,0,Low
7000655024,0,0.023682892,0,Low
7001119900,0,0.023681784,0,Low
7001906339,0,0.023675976,0,Low
7001572695,0,0.02366839,0,Low
7000533708,0,0.023667304,0,Low
7002407703,0,0.023665931,0,Low
7001598011,0,0.023664923,0,Low
7002148478,0,0.023663178,0,Low
7001925467,0,0.023660699,0,Low
7001003050,0,0.023654195,0,Low
7001813543,0,0.02364935,0,Low
7001888315,0,0.023647798,0,Low
7000572545,0,0.023645991,0,Low
7000946160,0,0.023639278,0,Low
7002024753,0,0.023618514,0,Low
7000970328,0,0.023615895,0,Low
7001277351,0,0.023605157,0,Low
7000817080,0,0.023582812,0,Low
7000279816,0,0.023579514,0,Low
7002151066,0,0.023579279,0,Low
7002280682,0,0.023576265,0,Low
7002058712,0,0.023574946,0,Low
7001467882,0,0.023573482,0,Low
7001360193,0,0.023566354,0,Low
7002106488,0,0.02356528,0,Low
7000993478,0,0.023563545,0,Low
7000486260,0,0.023560392,0,Low
7002208477,0,0.023541756,0,Low
7002374473,0,0.023530288,0,Low
7000641785,0,0.023524443,0,Low
7000722542,0,0.023522684,0,Low
7001153710,0,0.023501314,0,Low
7002305889,0,0.023499236,0,Low
7002107060,0,0.02349732,0,Low
7001834014,0,0.023495173,0,Low
7002399117,0,0.023494357,0,Low
7000902695,0,0.02348682,0,Low
7002183154,0,0.023482243,0,Low
7001994415,0,0.023480909,0,Low
7000623408,0,0.023479128,0,Low
7002129014,0,0.023467628,0,Low
7000836084,0,0.023465175,0,Low
7001890181,0,0.023432119,0,Low
7001904656,0,0.023431808,0,Low
7000517773,0,0.023430984,0,Low
7000342611,0,0.023430564,0,Low
7002193340,0,0.023425212,0,Low
7001620438,0,0.023422742,0,Low
7000276333,0,0.023418494,0,Low
7000856584,0,0.023417633,0,Low
7001948302,0,0.023411963,0,Low
7000715431,0,0.023411587,0,Low
7001508342,0,0.023410415,0,Low
7000635072,0,0.023405781,0,Low
7000914448,0,0.023395026,0,Low
7001610011,0,0.023394449,0,Low
7001026330,0,0.023388088,0,Low
7001369581,0,0.023383508,0,Low
7001972793,0,0.023382718,0,Low
7000834293,0,0.023379399,0,Low
7000250806,0,0.023376469,0,Low
7000130592,0,0.023374895,0,Low
7001301975,0,0.023371348,0,Low
7001554408,0,0.023369677,0,Low
7001816512,0,0.023369465,0,Low
7001048839,0,0.023368029,0,Low
7000665523,0,0.023364577,0,Low
7000484346,0,0.023347778,0,Low
7002072891,0,0.023330627,0,Low
7001310840,0,0.023324056,0,Low
7000708735,0,0.023317495,0,Low
7001803340,0,0.023315106,0,Low
7000671755,0,0.023308173,0,Low
7000044580,0,0.023301363,0,Low
7001529149,0,0.023299726,0,Low
7002203184,0,0.023281204,0,Low
7002301612,0,0.023276785,0,Low
7002252684,0,0.023276204,0,Low
7001656175,0,0.023275528,0,Low
7002219939,0,0.023275333,0,Low
7000300677,0,0.023271734,0,Low
7001423805,0,0.023268161,0,Low
7001665832,0,0.023267984,0,Low
7001949710,0,0.023266988,0,Low
7001722588,0,0.023265947,0,Low
7001355891,0,0.023264138,0,Low
7001811443,0,0.023247734,0,Low
7001915680,0,0.023228738,0,Low
7001859936,0,0.02322359,0,Low
7001701795,0,0.02321849,0,Low
7000617033,0,0.023208974,0,Low
7002285119,0,0.02319929,0,Low
7002063342,0,0.023197373,0,Low
7002381174,0,0.023190826,0,Low
7001118868,0,0.023188429,0,Low
7000922563,0,0.023187073,0,Low
7001234966,0,0.023184594,0,Low
7001609091,0,0.023181101,0,Low
7002268183,0,0.023177555,0,Low
7001426556,0,0.023177177,0,Low
7001741905,0,0.02316888,0,Low
7000832579,0,0.023166658,0,Low
7001823356,0,0.023162968,0,Low
7001362336,0,0.023146251,0,Low
7001693029,0,0.023145776,0,Low
7001178763,0,0.023139302,0,Low
7001508087,0,0.023120325,0,Low
7001520622,1,0.023115043,0,Low
7000866930,0,0.023105903,0,Low
7002327696,0,0.023103507,0,Low
7001856128,0,0.02309391,0,Low
7001696124,0,0.023067838,0,Low
7000841257,0,0.023063684,0,Low
7000575409,0,0.023062529,0,Low
7001520005,0,0.023057325,0,Low
7000431232,0,0.023054408,0,Low
7001727991,0,0.023051145,0,Low
7001417746,0,0.02304592,0,Low
7001878099,0,0.02304443,0,Low
7001276063,0,0.023042502,0,Low
7001677394,0,0.023041654,0,Low
7000843544,0,0.023040006,0,Low
7000224588,0,0.023033844,0,Low
7001031297,0,0.023031995,0,Low
7001551133,0,0.023027794,0,Low
7002330595,0,0.023023205,0,Low
7002030773,0,0.023016233,0,Low
7001586123,0,0.02299988,0,Low
7002099070,0,0.02299856,0,Low
7002213621,0,0.022986278,0,Low
7001932613,0,0.022979768,0,Low
7001662615,0,0.02297089,0,Low
7000990880,0,0.022970745,0,Low
7000481921,0,0.022968171,0,Low
7002228945,0,0.02296747,0,Low
7002300865,0,0.02296502,0,Low
7000753036,0,0.02296087,0,Low
7002118840,0,0.022960115,0,Low
7000103489,0,0.022954157,0,Low
7002303549,0,0.022953024,0,Low
7000292660,0,0.022948619,0,Low
7001486360,0,0.022944262,0,Low
7001631035,0,0.022942135,0,Low
7002029577,0,0.022939544,0,Low
7002017334,0,0.022936536,0,Low
7001586751,0,0.022936134,0,Low
7001977061,0,0.02292739,0,Low
7001824263,0,0.022926047,0,Low
7002213754,0,0.022915663,0,Low
7000047812,0,0.022914939,0,Low
7000393772,0,0.022910016,0,Low
7000759801,0,0.02290897,0,Low
7001187073,0,0.022903351,0,Low
7001614560,0,0.02289961,0,Low
7001496912,0,0.022896416,0,Low
7001435664,0,0.022895435,0,Low
7001181986,0,0.022879919,0,Low
7001240581,0,0.022873182,0,Low
7000918422,0,0.022865925,0,Low
7000607322,0,0.02285524,0,Low
7000687396,0,0.022844765,0,Low
7002022410,0,0.022837784,0,Low
7000141106,0,0.022828044,0,Low
7002309182,0,0.02281448,0,Low
7002251964,0,0.022809725,0,Low
7000065088,0,0.022808438,0,Low
7001165479,0,0.022802945,0,Low
7002179122,0,0.022787113,0,Low
7000634331,0,0.022783699,0,Low
7000154242,0,0.022779297,0,Low
7002099031,0,0.022776933,0,Low
7001079929,0,0.022756217,0,Low
7002139695,0,0.02275362,0,Low
7002033318,0,0.022748422,0,Low
7000642324,0,0.02273423,0,Low
7001519130,0,0.022720557,0,Low
7000794088,0,0.022705575,0,Low
7000279942,0,0.022703307,0,Low
7001458709,0,0.022687636,0,Low
7000235084,0,0.022684332,0,Low
7000053436,0,0.022680854,0,Low
7001591856,0,0.022672534,0,Low
7000398375,0,0.022669083,0,Low
7001323545,0,0.022656282,0,Low
7001546152,0,0.022638429,0,Low
7001626486,0,0.02263757,0,Low
7001154658,0,0.022637518,0,Low
7001640152,0,0.02263584,0,Low
7002333366,0,0.02263093,0,Low
7001989000,0,0.022630133,0,Low
7001105694,0,0.022629432,0,Low
7002136345,0,0.022619605,0,Low
7001557116,0,0.022604903,0,Low
7002275596,0,0.022602554,0,Low
7000818823,0,0.0225994,0,Low
7000655228,0,0.022591796,0,Low
7002047285,0,0.022588685,0,Low
7001860214,0,0.022588028,0,Low
7001957064,0,0.02258251,0,Low
7000679328,0,0.022571383,0,Low
7001122150,0,0.022570506,0,Low
7000742510,0,0.022552183,0,Low
7000251359,0,0.022551285,0,Low
7000825257,0,0.02255078,0,Low
7001218208,0,0.022546172,0,Low
7001683372,0,0.022544848,0,Low
7000576788,0,0.022534495,0,Low
7001767772,0,0.022533286,0,Low
7001501940,0,0.022523962,0,Low
7001696340,0,0.022521509,0,Low
7001904812,0,0.022513272,0,Low
7000339648,0,0.022509923,0,Low
7001413420,0,0.022507219,0,Low
7002125144,0,0.02249534,0,Low
7001454352,0,0.022486225,0,Low
7001333757,0,0.022483274,0,Low
7001383374,0,0.02247421,0,Low
7001980938,0,0.022472823,0,Low
7001897698,0,0.022466194,0,Low
7001331020,0,0.022461878,0,Low
7000875824,0,0.022459712,0,Low
7000350430,0,0.022457236,0,Low
7002061467,0,0.022455206,0,Low
7000592186,0,0.022450991,0,Low
7000622500,0,0.022449067,0,Low
7002070479,0,0.02243104,0,Low
7001848567,0,0.022426622,0,Low
7000613365,0,0.022426367,0,Low
7000251288,0,0.022421395,0,Low
7001804268,0,0.022399541,0,Low
7002056159,0,0.022389738,0,Low
7001919710,0,0.022373807,0,Low
7002296865,0,0.022372227,0,Low
7000992295,0,0.022368733,0,Low
7000864842,0,0.022368638,0,Low
7002254951,0,0.022367915,0,Low
7001712923,0,0.022364788,0,Low
7002314132,0,0.022362644,0,Low
7002098339,0,0.022361893,0,Low
7002019291,0,0.02236096,0,Low
7001474340,0,0.022351008,0,Low
7001051636,0,0.02235042,0,Low
7002022960,0,0.022346064,0,Low
7001369625,0,0.022339784,0,Low
7001516743,0,0.022338383,0,Low
7001550031,0,0.022321362,0,Low
7001444048,0,0.022309633,0,Low
7001485551,0,0.0223042,0,Low
7002052853,0,0.022295555,0,Low
7001235922,0,0.022289215,0,Low
7002291944,0,0.022287125,0,Low
7000579574,0,0.022268742,0,Low
7002052955,0,0.02226321,0,Low
7001688020,0,0.022261918,0,Low
7000715076,0,0.022260386,0,Low
7000813522,0,0.02225998,0,Low
7002287718,0,0.02224092,0,Low
7001527400,0,0.02224026,0,Low
7002380152,0,0.022236208,0,Low
7001514164,0,0.022235196,0,Low
7000462720,0,0.022227889,0,Low
7000922296,0,0.022226261,0,Low
7001399451,0,0.022219347,0,Low
7001417297,0,0.022214917,0,Low
7001988007,0,0.022214847,0,Low
7000970700,0,0.022213303,0,Low
7001275914,0,0.022210961,0,Low
7001959084,0,0.022205861,0,Low
7000061764,0,0.022198243,0,Low
7001410792,0,0.0221949,0,Low
7000193287,0,0.0221892,0,Low
7000531641,0,0.022178566,0,Low
7000912942,0,0.022169612,0,Low
7002024996,0,0.022164248,0,Low
7001708988,0,0.022162419,0,Low
7000948985,0,0.022157313,0,Low
7002307836,0,0.022153188,0,Low
7002044528,0,0.02215215,0,Low
7000944207,0,0.022150397,0,Low
7000415410,0,0.022145566,0,Low
7001882604,0,0.022139939,0,Low
7002086580,0,0.022135325,0,Low
7001252229,0,0.022135228,0,Low
7000147642,0,0.022107376,0,Low
7000264676,0,0.02210302,0,Low
7001486460,0,0.022097265,0,Low
7001242679,0,0.022092871,0,Low
7002029756,0,0.022067675,0,Low
7002282710,0,0.022062074,0,Low
7001105150,0,0.022061395,0,Low
7000228151,0,0.022059271,0,Low
7002183511,0,0.022057703,0,Low
7001251755,0,0.022043344,0,Low
7002332521,0,0.022039812,0,Low
7001742325,0,0.022035928,0,Low
7001482138,0,0.02202441,0,Low
7000996674,0,0.022022624,0,Low
7001325234,0,0.022018028,0,Low
7001359119,0,0.022014352,0,Low
7000695337,0,0.022003088,0,Low
7000007494,0,0.021999555,0,Low
7001587724,0,0.02199163,0,Low
7002066077,0,0.021988045,0,Low
7001208473,0,0.02198249,0,Low
7001338918,0,0.02197501,0,Low
7000658131,0,0.021973819,0,Low
7001509304,0,0.02197319,0,Low
7001505422,0,0.021968976,0,Low
7001299246,0,0.021966845,0,Low
7002375750,0,0.02196049,0,Low
7000613502,0,0.021952052,0,Low
7001099859,0,0.02194937,0,Low
7001263309,0,0.021946704,0,Low
7000645546,0,0.021940036,0,Low
7002377318,0,0.021937355,0,Low
7000524923,0,0.021931155,0,Low
7001296765,0,0.021928083,0,Low
7001201935,0,0.021913039,0,Low
7001641605,0,0.021899031,0,Low
7001744232,0,0.021897903,0,Low
7000503882,0,0.021890203,0,Low
7001326184,0,0.021887999,0,Low
7002207718,0,0.02187592,0,Low
7000993028,0,0.021870084,0,Low
7001009452,0,0.021868845,0,Low
7002380230,0,0.021864567,0,Low
7000710222,0,0.021863874,0,Low
7000773423,0,0.021855595,0,Low
7002120210,0,0.021854926,0,Low
7001625944,0,0.02185274,0,Low
7001279841,0,0.021842392,0,Low
7002225543,0,0.021839164,0,Low
7002324388,0,0.021836841,0,Low
7001034908,0,0.021834146,0,Low
7001846086,0,0.021827176,0,Low
7002055246,0,0.021816626,0,Low
7002059721,0,0.021814918,0,Low
7001102516,0,0.02181099,0,Low
7002255137,0,0.021810513,0,Low
7000752339,0,0.021810167,0,Low
7000913170,0,0.02178924,0,Low
7000493987,0,0.021788869,0,Low
7000278324,0,0.021782797,0,Low
7001921469,0,0.02177895,0,Low
7001280501,0,0.021776453,0,Low
7000923506,0,0.021767009,0,Low
7001854784,0,0.021765795,0,Low
7000644748,0,0.021758577,0,Low
7000598556,0,0.021750089,0,Low
7000914248,0,0.021745518,0,Low
7000011295,0,0.02174414,0,Low
7000188578,0,0.021733133,0,Low
7000882473,0,0.02173186,0,Low
7001385554,0,0.021723695,0,Low
7000634319,0,0.02172104,0,Low
7000216710,0,0.02171984,0,Low
7000667486,0,0.021715114,0,Low
7002227667,0,0.021713326,0,Low
7000638566,0,0.021708256,0,Low
7001236432,0,0.021707483,0,Low
7001710156,0,0.021699043,0,Low
7001555465,0,0.021696948,0,Low
7000959181,0,0.021695461,0,Low
7001363047,0,0.021693897,0,Low
7001794797,0,0.021687157,0,Low
7001818292,0,0.021686506,0,Low
7001447509,0,0.021681767,0,Low
7001383319,0,0.021675056,0,Low
7000608968,0,0.021674298,0,Low
7001527892,0,0.02166743,0,Low
7002118520,0,0.02166331,0,Low
7002186279,0,0.021660041,0,Low
7000393509,0,0.021650549,0,Low
7001819077,0,0.021644956,0,Low
7000110906,0,0.021635091,0,Low
7001649340,0,0.021625616,0,Low
7001231114,0,0.021623857,0,Low
7000019281,0,0.021622937,0,Low
7001056343,0,0.021617481,0,Low
7000558341,0,0.02161687,0,Low
7000635929,0,0.021610375,0,Low
7000858163,0,0.021609293,0,Low
7000692631,0,0.021605887,0,Low
7001876833,0,0.021598842,0,Low
7001400203,0,0.021577977,0,Low
7001230020,0,0.021574458,0,Low
7002228204,0,0.021574313,0,Low
7000004304,0,0.021572432,0,Low
7000447433,0,0.021565432,0,Low
7001502365,0,0.021563254,0,Low
7001842305,0,0.021560667,0,Low
7002118308,0,0.02154286,0,Low
7001492929,0,0.021539897,0,Low
7000224449,0,0.021535842,0,Low
7000767964,0,0.021531727,0,Low
7000753660,0,0.021529943,0,Low
7001716886,0,0.021518521,0,Low
7002138908,0,0.021511713,0,Low
7001652893,0,0.021505648,0,Low
7000089391,0,0.021496613,0,Low
7001542933,0,0.02148875,0,Low
7002199692,0,0.021487659,0,Low
7001059789,0,0.021478543,0,Low
7001229216,0,0.021472625,0,Low
7001782120,0,0.021471938,0,Low
7001171316,0,0.021461276,0,Low
7002199967,0,0.021448143,0,Low
7000491223,0,0.02144471,0,Low
7000149452,0,0.021440297,0,Low
7001322055,0,0.021421837,0,Low
7000107356,0,0.02141016,0,Low
7000543985,0,0.021399852,0,Low
7001182554,0,0.02139847,0,Low
7001712124,0,0.02139212,0,Low
7001699822,0,0.021391166,0,Low
7000878346,0,0.021359056,0,Low
7001196469,0,0.021354184,0,Low
7000128916,0,0.021351997,0,Low
7002160553,0,0.021351589,0,Low
7000183498,0,0.021351011,0,Low
7001966204,0,0.021345746,0,Low
7001089950,0,0.021339959,0,Low
7001843216,0,0.021337848,0,Low
7001714372,0,0.021330977,0,Low
7000836973,0,0.02132045,0,Low
7000633593,0,0.021315683,0,Low
7000404091,0,0.021303287,0,Low
7000197296,0,0.021301517,0,Low
7000263002,0,0.021299038,0,Low
7001227427,0,0.0212874,0,Low
7002409990,0,0.021282738,0,Low
7000507225,0,0.021270564,0,Low
7000644782,0,0.021260545,0,Low
7000797467,0,0.021260506,0,Low
7001287788,0,0.021230908,0,Low
7001515969,0,0.02122365,0,Low
7000490604,0,0.021206899,0,Low
7001623787,0,0.021205144,0,Low
7001286380,0,0.021186503,0,Low
7001871171,0,0.021177957,0,Low
7000275996,0,0.02117374,0,Low
7000792133,0,0.021165228,0,Low
7000935198,0,0.021164507,0,Low
7001721692,0,0.021164013,0,Low
7002229389,0,0.021162907,0,Low
7001969672,0,0.021156976,0,Low
7001770622,0,0.021156056,0,Low
7001358821,0,0.021152651,0,Low
7000026677,0,0.021150118,0,Low
7000773828,0,0.021143546,0,Low
7000953180,0,0.02112944,0,Low
7000537426,0,0.021120336,0,Low
7002362192,0,0.021111658,0,Low
7002108239,0,0.021109303,0,Low
7001127856,0,0.02110686,0,Low
7002022806,0,0.021105686,0,Low
7002259416,0,0.021099249,0,Low
7000046147,0,0.021096935,0,Low
7002357462,0,0.021092037,0,Low
7001132583,0,0.02108892,0,Low
7002301489,0,0.021079754,0,Low
7000448606,0,0.021079095,0,Low
7001264448,0,0.021077313,0,Low
7001373114,0,0.021059109,0,Low
7001113506,0,0.021056795,0,Low
7001679172,0,0.021053217,0,Low
7001409445,0,0.021045096,0,Low
7000829483,0,0.021040779,0,Low
7001155089,0,0.021034857,0,Low
7002329220,0,0.021021154,0,Low
7000568030,0,0.021015739,0,Low
7001808028,0,0.021013781,0,Low
7001825396,0,0.021012485,0,Low
7002073247,0,0.021009559,0,Low
7000819141,0,0.021007814,0,Low
7001466912,0,0.021004612,0,Low
7000213127,0,0.021002915,0,Low
7002090437,0,0.02100058,0,Low
7001535250,0,0.02099611,0,Low
7001309222,0,0.020995548,0,Low
7000728220,0,0.020990618,0,Low
7000725509,0,0.02097432,0,Low
7002000662,0,0.020966863,0,Low
7000310352,0,0.020959642,0,Low
7001849832,0,0.020959157,0,Low
7002076113,0,0.020951653,0,Low
7001486178,0,0.020944275,0,Low
7000693674,0,0.020939993,0,Low
7001993153,0,0.020938134,0,Low
7002199237,0,0.020934,0,Low
7001369756,0,0.02093335,0,Low
7000502183,0,0.02093206,0,Low
7002405609,0,0.02093171,0,Low
7001562151,0,0.02092695,0,Low
7000331728,0,0.020923374,0,Low
7000103612,0,0.02092098,0,Low
7000609647,0,0.020886421,0,Low
7001352074,0,0.020877928,0,Low
7002347242,0,0.020877557,0,Low
7000868734,0,0.02087747,0,Low
7002311382,0,0.020876588,0,Low
7000966459,0,0.02087614,0,Low
7000905283,0,0.020875042,0,Low
7001227633,0,0.020874126,0,Low
7000234511,0,0.020871826,0,Low
7000711375,0,0.020865826,0,Low
7001801089,0,0.020862985,0,Low
7000174842,0,0.020852517,0,Low
7002075359,0,0.020848915,0,Low
7000643607,0,0.020848779,0,Low
7001115319,0,0.020848297,0,Low
7001787854,0,0.020844385,0,Low
7000910449,0,0.02084284,0,Low
7000916486,0,0.020834235,0,Low
7000967033,0,0.020829242,0,Low
7000259850,0,0.020825673,0,Low
7001434991,0,0.020821283,0,Low
7002216014,0,0.020817662,0,Low
7001823144,0,0.020807782,0,Low
7000912928,0,0.020804316,0,Low
7001894359,0,0.020800367,0,Low
7001587022,0,0.020794574,0,Low
7002271429,0,0.020783925,0,Low
7000575667,0,0.02078183,0,Low
7001793759,0,0.020780753,0,Low
7000733927,0,0.020780254,0,Low
7000418471,0,0.02077842,0,Low
7001292226,0,0.020775354,0,Low
7002068390,0,0.020769272,0,Low
7001245749,0,0.020766145,0,Low
7001966107,0,0.020749852,0,Low
7002289112,0,0.020747347,0,Low
7001924542,0,0.020741742,0,Low
7000008603,0,0.020733334,0,Low
7001189486,0,0.020731425,0,Low
7000320435,0,0.02072978,0,Low
7001173138,0,0.020723693,0,Low
7000612959,0,0.0207212,0,Low
7001005746,0,0.02071795,0,Low
7001596790,0,0.020696199,0,Low
7002251768,0,0.020685619,0,Low
7001951019,0,0.020685194,0,Low
7001179301,0,0.020684768,0,Low
7001260855,0,0.0206819,0,Low
7001605832,0,0.020678008,0,Low
7001872693,0,0.02067728,0,Low
7000611265,0,0.020674514,0,Low
7001706094,0,0.020665478,0,Low
7000761240,0,0.020659925,0,Low
7000847889,0,0.020638445,0,Low
7001254846,0,0.020633623,0,Low
7000207021,0,0.020610224,0,Low
7002116498,0,0.020604873,0,Low
7000304859,0,0.020604244,0,Low
7000649271,0,0.020602103,0,Low
7000968129,0,0.020593768,0,Low
7001393136,0,0.020587113,0,Low
7002081115,0,0.02058691,0,Low
7001379492,0,0.02058583,0,Low
7000257588,0,0.02058026,0,Low
7001605352,0,0.020577608,0,Low
7001435204,0,0.020573951,0,Low
7001328645,0,0.020567212,0,Low
7001477189,0,0.020551272,0,Low
7001417987,0,0.020547299,0,Low
7002354095,0,0.020546434,0,Low
7001238612,0,0.020545116,0,Low
7000289354,0,0.020541959,0,Low
7001305913,0,0.020535152,0,Low
7001857263,0,0.020534514,0,Low
7000898485,0,0.02053384,0,Low
7002200144,0,0.020527458,0,Low
7001189356,0,0.020521577,0,Low
7000390888,0,0.020521333,0,Low
7000412135,0,0.02051519,0,Low
7001882933,0,0.020505542,0,Low
7001542804,0,0.020503841,0,Low
7001696490,0,0.020496069,0,Low
7001911729,0,0.020495376,0,Low
7002019893,0,0.020494709,0,Low
7001488652,0,0.020485952,0,Low
7001121694,0,0.020485187,0,Low
7000719102,0,0.020478897,0,Low
7001434800,0,0.020463359,0,Low
7000823350,0,0.020456038,0,Low
7001674361,0,0.020454466,0,Low
7001071313,0,0.020448813,0,Low
7001430275,0,0.020447785,0,Low
7001614998,0,0.020444797,0,Low
7000731943,0,0.020443182,0,Low
7001156677,0,0.020442752,0,Low
7000728680,0,0.020434132,0,Low
7001609994,0,0.020424651,0,Low
7001399309,0,0.020423865,0,Low
7001536671,0,0.020423383,0,Low
7000035376,0,0.02042105,0,Low
7000667908,0,0.02040937,0,Low
7000463668,0,0.020404778,0,Low
7000601471,0,0.020402186,0,Low
7002346410,0,0.020386852,0,Low
7002315484,0,0.020386744,0,Low
7001463078,0,0.020380335,0,Low
7002100302,0,0.020379389,0,Low
7000463334,0,0.02036327,0,Low
7002250257,0,0.020354787,0,Low
7000936297,0,0.020353863,0,Low
7000184081,0,0.02034736,0,Low
7000313369,0,0.020342339,0,Low
7000163466,0,0.020339165,0,Low
7001586463,0,0.020331817,0,Low
7001891506,0,0.020318676,0,Low
7000773009,0,0.020317547,0,Low
7001719712,0,0.020315155,0,Low
7001605053,0,0.020308712,0,Low
7000700667,0,0.02030503,0,Low
7001092471,0,0.020302355,0,Low
7002278609,0,0.020296032,0,Low
7000063721,0,0.020277228,0,Low
7001008171,0,0.02027254,0,Low
7000618193,0,0.020272283,0,Low
7001634717,0,0.020266073,0,Low
7000444229,0,0.020251099,0,Low
7001507171,0,0.020249577,0,Low
7001851671,0,0.020245396,0,Low
7000214398,0,0.020229658,0,Low
7000240629,0,0.02022911,0,Low
7000329510,0,0.020221561,0,Low
7000604502,0,0.020221386,0,Low
7000074330,0,0.020220058,0,Low
7001128038,0,0.020220054,0,Low
7002107479,0,0.020214291,0,Low
7001905588,0,0.020209344,0,Low
7001735725,0,0.02020476,0,Low
7001692273,0,0.020203315,0,Low
7001753737,0,0.020191185,0,Low
7000433572,0,0.02018963,0,Low
7002146467,0,0.020184236,0,Low
7000178204,0,0.020178698,0,Low
7001910305,0,0.020178087,0,Low
7001353851,0,0.020170946,0,Low
7000682941,0,0.020167874,0,Low
7001203587,0,0.020157972,0,Low
7001396216,0,0.020156302,0,Low
7001516224,0,0.020143371,0,Low
7001463570,0,0.02013933,0,Low
7001585377,0,0.020133886,0,Low
7002114752,0,0.02013279,0,Low
7001072295,0,0.020132206,0,Low
7001840431,0,0.020130834,0,Low
7001007027,0,0.020116895,0,Low
7001563167,0,0.02010759,0,Low
7001478301,0,0.020096404,0,Low
7001940821,0,0.020090625,0,Low
7001028028,0,0.020088144,0,Low
7002255615,0,0.020084426,0,Low
7000137089,0,0.020077772,0,Low
7001722784,0,0.020074297,0,Low
7002177982,0,0.02006974,0,Low
7000779885,0,0.020067004,0,Low
7001113707,0,0.020055134,0,Low
7001629030,0,0.020045301,0,Low
7000007881,0,0.02004378,0,Low
7000436022,0,0.020029739,0,Low
7001471109,0,0.020027881,0,Low
7001184811,0,0.020027028,0,Low
7000770753,0,0.020026112,0,Low
7001709212,0,0.02001699,0,Low
7001805349,0,0.020005576,0,Low
7001821952,0,0.020004423,0,Low
7001110732,0,0.01999831,0,Low
7001613204,0,0.019989496,0,Low
7000802925,0,0.019986222,0,Low
7002175427,0,0.019979727,0,Low
7001519902,0,0.019978201,0,Low
7000303213,0,0.019970108,0,Low
7000496006,0,0.019962382,0,Low
7001279511,0,0.01996004,0,Low
7000634255,0,0.019957975,0,Low
7000806781,0,0.019957878,0,Low
7002121938,0,0.019955087,0,Low
7001072798,0,0.019953731,0,Low
7000967403,0,0.01995064,0,Low
7001884659,0,0.019950254,0,Low
7001467776,0,0.01994761,0,Low
7000953355,0,0.01993333,0,Low
7001584236,0,0.019931626,0,Low
7001231689,0,0.019931136,0,Low
7001107845,0,0.019928388,0,Low
7000600272,0,0.019925693,0,Low
7001972193,0,0.019921148,0,Low
7000923128,0,0.019914452,0,Low
7001053533,0,0.019912986,0,Low
7000721289,0,0.019899815,0,Low
7000503673,0,0.019898985,0,Low
7000803677,0,0.019894,0,Low
7001900895,0,0.01989348,0,Low
7000160297,0,0.019890923,0,Low
7001543473,0,0.019883484,0,Low
7000266168,0,0.01988201,0,Low
7000114163,0,0.01987721,0,Low
7001418492,0,0.019860407,0,Low
7000887113,0,0.019860065,0,Low
7001674163,0,0.019859526,0,Low
7000819731,0,0.0198405,0,Low
7001744003,0,0.01984017,0,Low
7000631769,0,0.019839803,0,Low
7000972095,0,0.019838875,0,Low
7000906045,0,0.019833155,0,Low
7002224494,0,0.019830393,0,Low
7000842332,0,0.01982727,0,Low
7000856208,0,0.019825729,0,Low
7001188567,0,0.019822763,0,Low
7001390466,0,0.01982073,0,Low
7001434997,0,0.019813383,0,Low
7000568861,0,0.019808825,0,Low
7001724397,0,0.019799322,0,Low
7000455457,0,0.019790074,0,Low
7000821992,0,0.019775234,0,Low
7001387415,0,0.019753072,0,Low
7002141062,0,0.019751411,0,Low
7001495002,0,0.019748835,0,Low
7001828051,0,0.019747324,0,Low
7001735112,0,0.019741926,0,Low
7002206868,0,0.01974158,0,Low
7001286442,0,0.019736363,0,Low
7001817402,0,0.019728698,0,Low
7001739299,0,0.019725664,0,Low
7001633604,0,0.019725028,0,Low
7001314043,0,0.01972199,0,Low
7002368290,0,0.01971875,0,Low
7001360645,0,0.019714197,0,Low
7002042123,0,0.019713253,0,Low
7002179677,0,0.019710388,0,Low
7000636375,0,0.019707737,0,Low
7001603871,0,0.019707283,0,Low
7000691983,0,0.01970206,0,Low
7001056291,0,0.019700937,0,Low
7001627186,0,0.019691734,0,Low
7001626331,0,0.019688817,0,Low
7001282412,0,0.01968185,0,Low
7002001935,0,0.019678276,0,Low
7000214185,0,0.019673416,0,Low
7001484541,0,0.019671135,0,Low
7001918950,0,0.019668695,0,Low
7001212460,0,0.019659115,0,Low
7001248646,0,0.019655146,0,Low
7001890091,0,0.019651417,0,Low
7001271590,0,0.019647729,0,Low
7000554354,0,0.019645639,0,Low
7002251443,0,0.019643627,0,Low
7001474861,0,0.01963037,0,Low
7000294285,0,0.019622408,0,Low
7001609673,0,0.019615827,0,Low
7000535650,0,0.019614654,0,Low
7001823681,0,0.019612966,0,Low
7000422991,0,0.019608364,0,Low
7001959838,0,0.019599406,0,Low
7001790303,0,0.019596333,0,Low
7002259028,0,0.01959212,0,Low
7000992974,0,0.019588534,0,Low
7001485195,0,0.019585991,0,Low
7001794508,0,0.019583274,0,Low
7000337946,0,0.019580988,0,Low
7002149814,0,0.019568145,0,Low
7000448832,0,0.019566543,0,Low
7000197590,0,0.019559273,0,Low
7001689182,0,0.019554587,0,Low
7000824896,0,0.01955348,0,Low
7001361371,0,0.019536477,0,Low
7001459819,0,0.019531138,0,Low
7001772786,0,0.01952903,0,Low
7002196714,0,0.019523866,0,Low
7002146297,0,0.01951366,0,Low
7001078369,0,0.019510156,0,Low
7000067190,0,0.01950801,0,Low
7000162947,0,0.01950505,0,Low
7002076620,0,0.019493539,0,Low
7001666763,0,0.019484673,0,Low
7000610852,0,0.01947981,0,Low
7001412820,0,0.01947772,0,Low
7001169298,0,0.019472929,0,Low
7000770886,0,0.019472642,0,Low
7000971972,0,0.019472241,0,Low
7001678828,0,0.019459562,0,Low
7000921639,0,0.019455183,0,Low
7001236355,0,0.019448638,0,Low
7001063800,0,0.019446589,0,Low
7002220573,0,0.019446358,0,Low
7001570091,0,0.01943858,0,Low
7002016548,0,0.019432928,0,Low
7001568027,0,0.019429361,0,Low
7001771737,0,0.019428503,0,Low
7000251333,0,0.019426346,0,Low
7001375909,0,0.019419221,0,Low
7001910414,0,0.019417718,0,Low
7000911251,0,0.019413156,0,Low
7002340080,0,0.019402202,0,Low
7000211234,0,0.019401345,0,Low
7001810237,0,0.019397432,0,Low
7001618261,0,0.01939703,0,Low
7000109644,0,0.01939668,0,Low
7000420682,0,0.01938724,0,Low
7001767111,0,0.019387027,0,Low
7000698371,0,0.019384548,0,Low
7000118409,0,0.019382853,0,Low
7000344976,0,0.019382734,0,Low
7002339630,0,0.019376606,0,Low
7001039198,0,0.019376192,0,Low
7000157249,0,0.019374076,0,Low
7001092281,0,0.01936248,0,Low
7000736877,0,0.019360986,0,Low
7000493784,0,0.019358207,0,Low
7002126145,0,0.019357719,0,Low
7000946652,0,0.019357093,0,Low
7001624815,0,0.019352097,0,Low
7000563808,0,0.0193396,0,Low
7000923160,0,0.019338967,0,Low
7001075329,0,0.01933743,0,Low
7001828787,0,0.019329948,0,Low
7002265692,0,0.019329406,0,Low
7000035121,0,0.019328887,0,Low
7000910276,0,0.019327784,0,Low
7000625316,0,0.019326542,0,Low
7000474088,0,0.019323613,0,Low
7000845377,0,0.019318901,0,Low
7001306947,0,0.019313378,0,Low
7001622260,0,0.019301247,0,Low
7001209922,0,0.019299818,0,Low
7001485508,0,0.01928954,0,Low
7001852399,0,0.019284368,0,Low
7002271884,0,0.019278457,0,Low
7002096072,0,0.019277561,0,Low
7001911979,0,0.019277358,0,Low
7001026030,0,0.019273104,0,Low
7001024812,0,0.019271756,0,Low
7001020658,0,0.019270664,0,Low
7000587959,0,0.0192662,0,Low
7001897505,0,0.019265722,0,Low
7000962920,0,0.019265192,0,Low
7000959919,0,0.019262115,0,Low
7001904930,0,0.019256543,0,Low
7000360530,0,0.0192551,0,Low
7000776565,0,0.019249998,0,Low
7000877571,0,0.019234331,0,Low
7001907864,0,0.019232497,0,Low
7000617342,0,0.019217623,0,Low
7000670917,0,0.019217623,0,Low
7000828075,0,0.019210799,0,Low
7000454189,0,0.019193377,0,Low
7001986851,0,0.019192517,0,Low
7002158598,0,0.019190645,0,Low
7002360656,0,0.01918754,0,Low
7001648753,0,0.0191712,0,Low
7000293196,0,0.019171076,0,Low
7000938569,0,0.019164866,0,Low
7000638036,0,0.019159647,0,Low
7001429535,0,0.019155422,0,Low
7002015502,0,0.019153496,0,Low
7000224503,0,0.019149372,0,Low
7001607109,0,0.019148188,0,Low
7001619720,0,0.019141993,0,Low
7001261295,0,0.019139454,0,Low
7002109942,0,0.019138563,0,Low
7001667169,0,0.019132402,0,Low
7001312449,0,0.01912754,0,Low
7001291454,0,0.019125052,0,Low
7000366466,0,0.019124962,0,Low
7002038232,0,0.01912274,0,Low
7000382904,0,0.019119672,0,Low
7000704046,0,0.019117339,0,Low
7001624978,0,0.0191081,0,Low
7000599791,1,0.019106295,0,Low
7002171329,0,0.019104477,0,Low
7002103198,0,0.01910369,0,Low
7001660793,0,0.019094314,0,Low
7001265725,0,0.019089201,0,Low
7001156036,0,0.0190841,0,Low
7000808116,0,0.019074596,0,Low
7000694302,0,0.01907155,0,Low
7001661530,0,0.019067887,0,Low
7001726580,0,0.019064792,0,Low
7000325344,0,0.01906375,0,Low
7001346609,0,0.019057393,0,Low
7000316512,0,0.019055074,0,Low
7002124904,0,0.019046757,0,Low
7000784883,0,0.019044511,0,Low
7000308618,0,0.019037275,0,Low
7000636110,0,0.01902366,0,Low
7002358665,0,0.019018093,0,Low
7001958816,0,0.019017138,0,Low
7001809790,0,0.019012308,0,Low
7001714359,0,0.019011632,0,Low
7000715347,0,0.019011058,0,Low
7002121742,0,0.018997995,0,Low
7000381914,0,0.018996542,0,Low
7000156132,0,0.018994294,0,Low
7001737997,0,0.018981602,0,Low
7000162015,0,0.018979488,0,Low
7001063702,0,0.018965634,0,Low
7001236232,0,0.018959876,0,Low
7000169838,0,0.018956967,0,Low
7000800536,0,0.018956503,0,Low
7002080928,0,0.01893979,0,Low
7000774836,0,0.018937813,0,Low
7000665209,0,0.018937474,0,Low
7001469669,0,0.018933464,0,Low
7000375055,0,0.018917967,0,Low
7000714987,0,0.018903024,0,Low
7001670854,0,0.018899668,0,Low
7001482115,0,0.018896768,0,Low
7002258403,0,0.018891102,0,Low
7002367059,0,0.018886667,0,Low
7000425522,0,0.01887058,0,Low
7001151437,0,0.018867405,0,Low
7002043376,0,0.018865746,0,Low
7000812734,0,0.01886106,0,Low
7001775523,0,0.018855536,0,Low
7001794170,0,0.01885521,0,Low
7000378577,0,0.018841868,0,Low
7001462179,0,0.01884007,0,Low
7000523462,0,0.018839581,0,Low
7001042494,0,0.018838294,0,Low
7001028254,0,0.018836113,0,Low
7000286995,0,0.018831741,0,Low
7001983010,0,0.018820308,0,Low
7001153831,0,0.018817933,0,Low
7001386232,0,0.018814825,0,Low
7002270016,0,0.01878664,0,Low
7001453461,0,0.018784106,0,Low
7000890867,0,0.018778512,0,Low
7002350414,0,0.018773926,0,Low
7001324842,0,0.018769091,0,Low
7002362414,0,0.018761264,0,Low
7002086005,0,0.018751755,0,Low
7000941834,0,0.018750584,0,Low
7000992815,0,0.01874801,0,Low
7002259200,0,0.018747495,0,Low
7001479409,0,0.018740665,0,Low
7001866874,0,0.018735128,0,Low
7002177144,0,0.018734632,0,Low
7001508886,0,0.018731652,0,Low
7001427217,0,0.01873014,0,Low
7001002029,0,0.01872387,0,Low
7000111870,0,0.01872171,0,Low
7002132645,0,0.01872141,0,Low
7002209878,0,0.018716885,0,Low
7000215569,0,0.018716544,0,Low
7001610565,0,0.018709721,0,Low
7001365223,0,0.018702751,0,Low
7002025599,0,0.01869516,0,Low
7000102985,0,0.01869512,0,Low
7001578893,0,0.018690424,0,Low
7001684807,0,0.018687235,0,Low
7001616969,0,0.01868029,0,Low
7001390602,0,0.018676868,0,Low
7001541678,0,0.018658642,0,Low
7001353833,0,0.018649602,0,Low
7002301999,0,0.018646274,0,Low
7000041267,0,0.018644106,0,Low
7000060303,0,0.018626481,0,Low
7002110602,0,0.018625315,0,Low
7002173249,0,0.018623728,0,Low
7001677862,0,0.018618818,0,Low
7001117818,0,0.018609297,0,Low
7000321893,0,0.018605247,0,Low
7001445687,0,0.018599315,0,Low
7000084105,0,0.018591905,0,Low
7000764189,0,0.018588591,0,Low
7002368999,0,0.01858418,0,Low
7000757701,0,0.018575033,0,Low
7002077353,0,0.018563593,0,Low
7001297806,0,0.018561495,0,Low
7001628526,0,0.018544087,0,Low
7000738212,0,0.018543543,0,Low
7001070172,0,0.018542277,0,Low
7001859773,0,0.018535774,0,Low
7000977489,0,0.018529404,0,Low
7000562224,0,0.018516205,0,Low
7000531793,0,0.018511578,0,Low
7001900100,0,0.018503996,0,Low
7001256828,0,0.01848305,0,Low
7002284145,0,0.018470999,0,Low
7000665927,0,0.018464983,0,Low
7000658228,0,0.018464115,0,Low
7001377998,0,0.018462092,0,Low
7002171599,0,0.01846121,0,Low
7001089862,0,0.018458778,0,Low
7002225811,0,0.018455012,0,Low
7001400404,0,0.018454839,0,Low
7001030666,0,0.018453456,0,Low
7001966811,0,0.018444598,0,Low
7000906581,0,0.018444512,0,Low
7002069680,0,0.018436687,0,Low
7000612059,0,0.018433059,0,Low
7001467936,0,0.018430563,0,Low
7001901472,0,0.018415915,0,Low
7000991969,0,0.01841536,0,Low
7000338966,0,0.018414373,0,Low
7001821810,0,0.01840922,0,Low
7001450131,0,0.018400028,0,Low
7001053407,0,0.01839329,0,Low
7001630858,0,0.01839254,0,Low
7001218211,0,0.018385543,0,Low
7000808307,0,0.018385118,0,Low
7001772033,0,0.018383913,0,Low
7000032520,0,0.018382406,0,Low
7001112529,0,0.018371878,0,Low
7001105563,0,0.018371018,0,Low
7001593823,0,0.018369118,0,Low
7001925105,0,0.018365515,0,Low
7001056195,0,0.01836261,0,Low
7002190780,0,0.018361919,0,Low
7000551768,0,0.018360088,0,Low
7001479986,0,0.018357575,0,Low
7002066947,0,0.018351113,0,Low
7001434027,0,0.018348537,0,Low
7001891015,0,0.018337848,0,Low
7000161816,0,0.018321287,0,Low
7000518094,0,0.018321007,0,Low
7001210341,0,0.018320194,0,Low
7000114062,0,0.018313952,0,Low
7001801603,0,0.018313583,0,Low
7002275808,0,0.018308047,0,Low
7002371848,0,0.018307777,0,Low
7001465471,0,0.018302139,0,Low
7002375237,0,0.018300561,0,Low
7000929792,0,0.018290916,0,Low
7000736880,0,0.018284446,0,Low
7001457105,0,0.018279528,0,Low
7001410378,0,0.018277664,0,Low
7002184054,0,0.018274276,0,Low
7000615473,0,0.018263372,0,Low
7002111599,0,0.018252796,0,Low
7001664234,0,0.018242924,0,Low
7000990578,0,0.018232875,0,Low
7000168023,0,0.01822714,0,Low
7002139444,0,0.01822116,0,Low
7000707298,0,0.01821408,0,Low
7002373771,0,0.01820158,0,Low
7000742991,0,0.018198906,0,Low
7001344013,0,0.018194951,0,Low
7001893896,0,0.018193742,0,Low
7002145004,0,0.018182911,0,Low
7000542124,0,0.018180463,0,Low
7002141661,0,0.0181778,0,Low
7001835410,0,0.018174848,0,Low
7001425673,0,0.018167283,0,Low
7001788528,0,0.01816694,0,Low
7000418615,0,0.018161276,0,Low
7001946383,0,0.01815428,0,Low
7000911140,0,0.0181374,0,Low
7000191899,0,0.018123163,0,Low
7001282008,0,0.018120626,0,Low
7000418437,0,0.018112946,0,Low
7000744747,0,0.018105794,0,Low
7000721609,0,0.018104637,0,Low
7001903450,0,0.018079754,0,Low
7002382698,0,0.018076511,0,Low
7002175885,0,0.018068321,0,Low
7001970379,0,0.018053293,0,Low
7001451297,0,0.018050868,0,Low
7001683716,0,0.018050216,0,Low
7002332146,0,0.0180497,0,Low
7001377388,0,0.018034842,0,Low
7000340994,0,0.018033916,0,Low
7002373323,0,0.01802845,0,Low
7000514623,0,0.01802339,0,Low
7000591445,0,0.018013459,0,Low
7001965682,0,0.018012835,0,Low
7001042373,0,0.01801049,0,Low
7000041403,0,0.018009529,0,Low
7000980243,0,0.01800783,0,Low
7002210745,0,0.018003527,0,Low
7001592087,0,0.018002734,0,Low
7001014948,0,0.018001735,0,Low
7002007959,0,0.018000407,0,Low
7001631619,0,0.017999422,0,Low
7001325238,0,0.017996648,0,Low
7001119269,0,0.017990652,0,Low
7001888759,0,0.017990258,0,Low
7000060412,0,0.017981116,0,Low
7001408662,0,0.017976366,0,Low
7001269054,0,0.017974194,0,Low
7000983190,0,0.017955663,0,Low
7002280042,0,0.017954856,0,Low
7001018545,0,0.017944014,0,Low
7000799474,0,0.017940467,0,Low
7002111137,0,0.017936537,0,Low
7001718058,0,0.017933184,0,Low
7000706358,0,0.017923547,0,Low
7000958044,0,0.017921668,0,Low
7001294496,0,0.017910995,0,Low
7000612799,0,0.017909829,0,Low
7000705037,0,0.017896665,0,Low
7001382979,0,0.017890807,0,Low
7002237102,0,0.017888956,0,Low
7000643685,0,0.017881135,0,Low
7001737622,0,0.01787714,0,Low
7001119531,0,0.017874846,0,Low
7000161320,0,0.017872185,0,Low
7002397494,0,0.017871214,0,Low
7000166417,0,0.017868761,0,Low
7001824574,0,0.01785388,0,Low
7001287391,0,0.017839195,0,Low
7000603591,0,0.017836714,0,Low
7001681148,0,0.017833639,0,Low
7000977799,0,0.017831016,0,Low
7000158558,0,0.01782731,0,Low
7001933549,0,0.01781998,0,Low
7002271373,0,0.017818687,0,Low
7000778006,0,0.017811002,0,Low
7001695150,0,0.017809484,0,Low
7001188261,0,0.017806515,0,Low
7000486682,0,0.01779792,0,Low
7002154647,0,0.017780948,0,Low
7000664190,0,0.017763535,0,Low
7002258733,0,0.01776341,0,Low
7001899187,0,0.017761713,0,Low
7001000381,0,0.017759817,0,Low
7002247070,0,0.017756656,0,Low
7001470150,0,0.017755698,0,Low
7001114916,0,0.017753387,0,Low
7001765715,0,0.017751466,0,Low
7002147111,0,0.017749928,0,Low
7000940360,0,0.017741192,0,Low
7001227588,0,0.017737463,0,Low
7001022613,0,0.017734755,0,Low
7000991264,0,0.017731091,0,Low
7000127937,0,0.01772655,0,Low
7002061845,0,0.017725013,0,Low
7002091119,0,0.017723652,0,Low
7001309912,0,0.017717676,0,Low
7002347077,0,0.017717592,0,Low
7000252435,0,0.017711112,0,Low
7000891514,0,0.017706186,0,Low
7002044461,0,0.017704353,0,Low
7001638063,0,0.017702073,0,Low
7001217442,0,0.017689878,0,Low
7001569798,0,0.017670086,0,Low
7001821992,0,0.017663997,0,Low
7001572929,0,0.017646514,0,Low
7001387108,0,0.017645158,0,Low
7001645656,0,0.017644297,0,Low
7002140851,0,0.017642116,0,Low
7001853742,0,0.017634036,0,Low
7000189451,0,0.01762724,0,Low
7001290704,0,0.017627198,0,Low
7000684417,0,0.017620618,0,Low
7000354532,0,0.017593432,0,Low
7000343138,0,0.017589461,0,Low
7000173623,0,0.017585399,0,Low
7001064478,0,0.017575871,0,Low
7001322272,0,0.01757481,0,Low
7002189363,0,0.01757373,0,Low
7000152227,0,0.01757014,0,Low
7000446911,0,0.01756684,0,Low
7002117638,0,0.017549256,0,Low
7001179759,0,0.017544257,0,Low
7000886612,0,0.017542128,0,Low
7000617808,0,0.01753996,0,Low
7001494396,0,0.01753281,0,Low
7002187747,0,0.017526202,0,Low
7000815213,0,0.017526127,0,Low
7001837542,0,0.0175218,0,Low
7000814958,0,0.01751421,0,Low
7001651946,0,0.017510386,0,Low
7000912016,0,0.017500773,0,Low
7001991760,0,0.017500512,0,Low
7001187950,0,0.01749538,0,Low
7001452810,0,0.017465308,0,Low
7002219287,0,0.017464286,0,Low
7000289228,0,0.017457897,0,Low
7001823022,0,0.01745267,0,Low
7002152836,0,0.017448068,0,Low
7001257444,0,0.017444782,0,Low
7000409654,0,0.017440442,0,Low
7000405967,0,0.01743956,0,Low
7000151651,0,0.017389249,0,Low
7001339304,0,0.017385721,0,Low
7002122671,0,0.017385697,0,Low
7001692570,0,0.017373621,0,Low
7001389728,0,0.017366653,0,Low
7001024704,0,0.017342616,0,Low
7001034608,0,0.017328767,0,Low
7000227134,0,0.017319903,0,Low
7001591709,0,0.017317224,0,Low
7002351125,0,0.017288223,0,Low
7001890592,0,0.017286384,0,Low
7000149615,0,0.017271081,0,Low
7002035409,0,0.017261704,0,Low
7001405409,0,0.01726092,0,Low
7002210545,0,0.017256932,0,Low
7000474268,0,0.01724774,0,Low
7000046349,0,0.017245768,0,Low
7001587978,0,0.017243197,0,Low
7001049201,0,0.017231267,0,Low
7001872251,0,0.017219555,0,Low
7001226850,0,0.017214801,0,Low
7001792458,0,0.017205898,0,Low
7001144692,0,0.017205212,0,Low
7000692644,0,0.017197553,0,Low
7000720576,0,0.017193701,0,Low
7001273397,0,0.017191213,0,Low
7001130035,0,0.017190624,0,Low
7000219617,0,0.017184455,0,Low
7001289447,0,0.017183078,0,Low
7001622263,0,0.017180711,0,Low
7001122512,0,0.017178593,0,Low
7000601621,0,0.017171333,0,Low
7000864835,0,0.017155558,0,Low
7000802052,0,0.017155334,0,Low
7000822191,0,0.017151596,0,Low
7001875568,0,0.0171481,0,Low
7002116021,0,0.017143745,0,Low
7001129166,0,0.017139148,0,Low
7001849076,0,0.01713715,0,Low
7001046829,0,0.017130228,0,Low
7001121824,0,0.017126888,0,Low
7001671077,0,0.01712481,0,Low
7001096906,0,0.017116055,0,Low
7002029596,0,0.017114546,0,Low
7001041621,1,0.01710951,0,Low
7000226559,0,0.017099874,0,Low
7000176695,0,0.017099561,0,Low
7002094451,0,0.017096942,0,Low
7000475036,0,0.017093305,0,Low
7001413205,0,0.017086303,0,Low
7000919066,0,0.017086152,0,Low
7001454304,0,0.017081356,0,Low
7000474823,0,0.01708117,0,Low
7000793665,0,0.017079016,0,Low
7002077466,0,0.017075054,0,Low
7001269880,0,0.017073022,0,Low
7002243677,0,0.017070454,0,Low
7000167294,0,0.017070087,0,Low
7000476729,0,0.017066093,0,Low
7001754921,0,0.017065238,0,Low
7000041364,0,0.017062927,0,Low
7000227898,0,0.01706208,0,Low
7000847660,0,0.017061783,0,Low
7001417478,0,0.017058808,0,Low
7002146263,0,0.017047921,0,Low
7001224701,0,0.017035982,0,Low
7000636649,0,0.017032659,0,Low
7000948112,0,0.017029498,0,Low
7001201939,0,0.017025484,0,Low
7000945027,0,0.016999263,0,Low
7001457893,0,0.016978232,0,Low
7001811746,0,0.016977174,0,Low
7001895114,0,0.016967174,0,Low
7001750198,0,0.01696226,0,Low
7001506043,0,0.016961854,0,Low
7002110478,0,0.016954271,0,Low
7001942452,0,0.016952887,0,Low
7002132939,0,0.016947566,0,Low
7001859677,0,0.016939797,0,Low
7001273414,0,0.01693524,0,Low
7000408389,0,0.016923241,0,Low
7001966344,0,0.016922321,0,Low
7000901393,0,0.01692229,0,Low
7001520263,0,0.01691297,0,Low
7002145293,0,0.01690479,0,Low
7001712916,0,0.016902674,0,Low
7001562404,0,0.016898587,0,Low
7001181606,0,0.016896851,0,Low
7000397914,0,0.016886992,0,Low
7001008019,0,0.016881865,0,Low
7001697081,0,0.016881565,0,Low
7001858932,0,0.016880907,0,Low
7000567421,0,0.016876912,0,Low
7002408631,0,0.016867174,0,Low
7001136769,0,0.016863331,0,Low
7000373177,0,0.016862534,0,Low
7000138219,0,0.016860534,0,Low
7001369981,0,0.016859949,0,Low
7000825495,0,0.016846556,0,Low
7000696750,0,0.016842324,0,Low
7001898650,0,0.016838755,0,Low
7002038111,0,0.016829032,0,Low
7001238188,0,0.016827865,0,Low
7002078183,0,0.016823519,0,Low
7001748732,0,0.016821934,0,Low
7001678462,0,0.016821278,0,Low
7000264433,0,0.016820539,0,Low
7002257041,0,0.01681948,0,Low
7000652570,0,0.01681855,0,Low
7000605987,0,0.016816005,0,Low
7001446096,0,0.016815735,0,Low
7000252407,0,0.016814293,0,Low
7002278269,0,0.016811455,0,Low
7001491676,0,0.01680453,0,Low
7000819190,0,0.01680408,0,Low
7000883774,0,0.016803205,0,Low
7002066479,0,0.016797245,0,Low
7001291100,0,0.016796494,0,Low
7001158152,0,0.01679511,0,Low
7000586832,0,0.016794441,0,Low
7001880174,0,0.016783847,0,Low
7001342786,0,0.01678228,0,Low
7002406254,0,0.016781721,0,Low
7001854038,0,0.016771354,0,Low
7002115576,0,0.016766015,0,Low
7001233368,0,0.016764626,0,Low
7001722592,0,0.016759077,0,Low
7002029690,0,0.01675617,0,Low
7001778572,0,0.016752392,0,Low
7001710606,0,0.01673618,0,Low
7000845145,0,0.016726013,0,Low
7000860924,0,0.01672436,0,Low
7001286603,0,0.016710492,0,Low
7001984259,0,0.016706755,0,Low
7002219941,0,0.016703082,0,Low
7000635384,0,0.016699316,0,Low
7000834021,0,0.016696997,0,Low
7000845624,0,0.016695777,0,Low
7002362345,0,0.01668572,0,Low
7001150674,0,0.01666157,0,Low
7001102991,0,0.016658744,0,Low
7001400749,0,0.016656533,0,Low
7000866341,0,0.016648177,0,Low
7001296375,0,0.016644292,0,Low
7000460625,0,0.016642058,0,Low
7001543113,0,0.016640358,0,Low
7002328537,0,0.016636433,0,Low
7000682080,0,0.016632907,0,Low
7000902746,0,0.016627379,0,Low
7000497402,0,0.016626209,0,Low
7000419688,0,0.016625687,0,Low
7002407176,0,0.0166243,0,Low
7000506469,0,0.016622934,0,Low
7001854904,0,0.016618516,0,Low
7000643705,0,0.016608499,0,Low
7000867120,0,0.016604496,0,Low
7002205302,0,0.016601194,0,Low
7000581914,0,0.016600914,0,Low
7001575131,0,0.016595474,0,Low
7000241666,0,0.016593792,0,Low
7001125508,0,0.016589623,0,Low
7002378735,1,0.016587336,0,Low
7002031024,0,0.01658351,0,Low
7001682518,0,0.016575664,0,Low
7001006548,0,0.01656313,0,Low
7000779049,0,0.016555522,0,Low
7000850924,0,0.01655237,0,Low
7000444256,0,0.016547697,0,Low
7001707585,0,0.016544199,0,Low
7000115042,0,0.016529424,0,Low
7000308640,0,0.01652868,0,Low
7001143912,0,0.016526913,0,Low
7000204255,0,0.016523255,0,Low
7000654071,0,0.01651712,0,Low
7002030447,0,0.01651506,0,Low
7001720102,0,0.016514162,0,Low
7001437265,0,0.016508067,0,Low
7002345476,0,0.016498888,0,Low
7002082811,0,0.01649536,0,Low
7000709271,0,0.016493697,0,Low
7000421754,0,0.016490279,0,Low
7001289181,0,0.016486822,0,Low
7000628252,0,0.016476527,0,Low
7000558881,0,0.016471574,0,Low
7001679525,0,0.016468408,0,Low
7000248071,0,0.01646405,0,Low
7001343288,0,0.016444111,0,Low
7000400842,0,0.01643778,0,Low
7000777246,0,0.016433341,0,Low
7001949866,0,0.016426422,0,Low
7000401635,0,0.016425073,0,Low
7002060337,0,0.01642421,0,Low
7001658233,0,0.016418211,0,Low
7001715556,0,0.01641557,0,Low
7001748334,0,0.01640538,0,Low
7002098955,0,0.016403371,0,Low
7000277218,0,0.016403202,0,Low
7000265468,0,0.01638976,0,Low
7000604802,0,0.016388014,0,Low
7001749916,0,0.016378095,0,Low
7000824234,0,0.016370261,0,Low
7000279030,0,0.016370121,0,Low
7001397530,0,0.016366115,0,Low
7001640404,0,0.016361887,0,Low
7001768007,0,0.016358893,0,Low
7001947620,0,0.016356753,0,Low
7000323184,0,0.016347695,0,Low
7002392404,0,0.01634636,0,Low
7001505604,0,0.016343914,0,Low
7001506286,0,0.016343186,0,Low
7002058923,0,0.01634009,0,Low
7001174008,0,0.016334351,0,Low
7001035780,0,0.016332129,0,Low
7001638180,0,0.016328529,0,Low
7002097305,0,0.01632767,0,Low
7000195258,0,0.01632336,0,Low
7001541541,0,0.016319968,0,Low
7001306006,0,0.016315904,0,Low
7001007389,0,0.01631419,0,Low
7001855273,0,0.016313737,0,Low
7001976130,0,0.016313218,0,Low
7001253945,0,0.01631292,0,Low
7000744492,0,0.016305208,0,Low
7000688966,0,0.01629471,0,Low
7000969925,0,0.016294481,0,Low
7001594026,0,0.01629176,0,Low
7002023440,0,0.016288728,0,Low
7001005553,0,0.016283806,0,Low
7001248965,0,0.016277278,0,Low
7000495319,0,0.016276468,0,Low
7001809017,0,0.016273629,0,Low
7000675408,0,0.016272727,0,Low
7001068198,0,0.01627185,0,Low
7000820725,0,0.016269919,0,Low
7000105785,0,0.016249241,0,Low
7001192397,0,0.016248655,0,Low
7002054836,0,0.016247077,0,Low
7002091324,0,0.016242255,0,Low
7001307881,0,0.016241986,0,Low
7002061384,0,0.016236883,0,Low
7001775786,0,0.016236525,0,Low
7000659211,0,0.016233746,0,Low
7001826195,0,0.016230837,0,Low
7000528983,0,0.01622859,0,Low
7001994400,0,0.01622773,0,Low
7002314871,0,0.016226703,0,Low
7002204417,0,0.016224526,0,Low
7000052306,0,0.01622174,0,Low
7001407002,0,0.016219793,0,Low
7001796098,0,0.016210292,0,Low
7001082420,0,0.016188756,0,Low
7001424618,0,0.016186895,0,Low
7002167754,0,0.016182575,0,Low
7001908288,0,0.016168725,0,Low
7001255100,0,0.016164683,0,Low
7000736598,0,0.016162658,0,Low
7000246544,0,0.016162537,0,Low
7001797261,0,0.016158693,0,Low
7000452124,0,0.016150191,0,Low
7001695798,0,0.016142335,0,Low
7001887423,0,0.016136996,0,Low
7000731265,0,0.016115269,0,Low
7001041132,0,0.016113244,0,Low
7000903955,0,0.016100941,0,Low
7002035954,0,0.016097646,0,Low
7002202195,0,0.016090624,0,Low
7001736861,0,0.016086103,0,Low
7001990328,0,0.016075095,0,Low
7001487146,0,0.016070105,0,Low
7002364548,0,0.016069856,0,Low
7002228938,0,0.016065205,0,Low
7001407166,0,0.016062973,0,Low
7001894547,0,0.016061021,0,Low
7000441990,0,0.016048547,0,Low
7000140702,0,0.016045235,0,Low
7001159445,0,0.016028004,0,Low
7000626763,0,0.016019478,0,Low
7002090700,0,0.016016698,0,Low
7002176002,0,0.0160156,0,Low
7000922719,0,0.016012287,0,Low
7001195870,0,0.016011026,0,Low
7000878513,0,0.0160095,0,Low
7000595638,0,0.015995804,0,Low
7001011227,0,0.015993403,0,Low
7001268684,0,0.015988054,0,Low
7001124411,0,0.015986418,0,Low
7000737067,0,0.015979983,0,Low
7000892531,0,0.01596748,0,Low
7002156617,0,0.015965383,0,Low
7000630997,0,0.015962956,0,Low
7002251079,0,0.015958035,0,Low
7001928547,0,0.015955333,0,Low
7001296176,0,0.015942896,0,Low
7002112316,0,0.015935812,0,Low
7001197743,0,0.01592744,0,Low
7000770925,0,0.015926138,0,Low
7001033123,0,0.015920535,0,Low
7000125053,0,0.01589934,0,Low
7001191975,0,0.015898699,0,Low
7001521267,0,0.015894357,0,Low
7000271437,0,0.015893722,0,Low
7000111953,0,0.015890583,0,Low
7000279897,0,0.015885469,0,Low
7000202827,0,0.01588198,0,Low
7001714143,0,0.01587964,0,Low
7000840831,0,0.015877524,0,Low
7000882629,0,0.015876437,0,Low
7001988515,0,0.015876302,0,Low
7000578954,0,0.015872607,0,Low
7000504948,0,0.015867148,0,Low
7001759479,0,0.01586053,0,Low
7001677816,0,0.015856177,0,Low
7000125826,0,0.01585448,0,Low
7002335718,0,0.015851602,0,Low
7001556824,0,0.015846083,0,Low
7001535130,0,0.015842231,0,Low
7000838908,0,0.015832443,0,Low
7002279751,0,0.015823796,0,Low
7001773819,0,0.015821783,0,Low
7001266799,0,0.015819483,0,Low
7001403884,0,0.015814347,0,Low
7001610606,0,0.015812306,0,Low
7000219740,0,0.01580568,0,Low
7001540448,0,0.01580298,0,Low
7000355066,0,0.015802208,0,Low
7001253813,0,0.015801808,0,Low
7001887379,0,0.015798079,0,Low
7002204336,0,0.015786776,0,Low
7000610418,0,0.015779851,0,Low
7001466611,0,0.015771195,0,Low
7001879205,0,0.015767835,0,Low
7000069615,0,0.015767118,0,Low
7001503019,0,0.015756361,0,Low
7002383234,0,0.01574905,0,Low
7001362697,0,0.015747838,0,Low
7001218763,0,0.015731726,0,Low
7002206960,0,0.015724588,0,Low
7001110269,0,0.015721386,0,Low
7001850001,0,0.015719755,0,Low
7000907344,0,0.015716296,0,Low
7002378259,0,0.01571392,0,Low
7001736238,0,0.015712837,0,Low
7002300192,0,0.01570861,0,Low
7002255140,0,0.015699802,0,Low
7000402706,0,0.015689747,0,Low
7001981778,0,0.015687259,0,Low
7001326936,0,0.015686817,0,Low
7000889080,0,0.015684778,0,Low
7002189997,0,0.01568159,0,Low
7000482782,0,0.015678419,0,Low
7001707691,0,0.015673283,0,Low
7000857424,0,0.015666883,0,Low
7001563069,0,0.015664266,0,Low
7000152628,0,0.015661702,0,Low
7001655392,0,0.015650604,0,Low
7000271085,0,0.015644765,0,Low
7002201444,0,0.015643656,0,Low
7002275604,0,0.015635949,0,Low
7000906478,0,0.015625456,0,Low
7001743021,0,0.015624944,0,Low
7000879977,0,0.015624452,0,Low
7002137012,0,0.015623484,0,Low
7001292821,0,0.015621842,0,Low
7001132924,0,0.0156174265,0,Low
7000778689,0,0.015615918,0,Low
7000918449,0,0.015613088,0,Low
7002018307,0,0.015611762,0,Low
7001121830,0,0.015602435,0,Low
7002316999,0,0.0155988475,0,Low
7000012438,0,0.015592354,0,Low
7001407276,0,0.015591615,0,Low
7000135022,0,0.015583144,0,Low
7000533191,0,0.015581584,0,Low
7001294230,0,0.015567504,0,Low
7001558642,0,0.015567086,0,Low
7000966521,0,0.015565422,0,Low
7001915542,0,0.015558861,0,Low
7000839404,0,0.0155547345,0,Low
7000395467,0,0.015551734,0,Low
7000875435,0,0.015538986,0,Low
7001799299,0,0.015525395,0,Low
7000092417,0,0.015521898,0,Low
7001772025,0,0.015521112,0,Low
7000789060,0,0.015518743,0,Low
7000499196,0,0.015509137,0,Low
7001756108,0,0.015508961,0,Low
7002027415,0,0.01550084,0,Low
7001948420,0,0.015500073,0,Low
7001313689,0,0.015496881,0,Low
7002059664,0,0.015491884,0,Low
7002155524,0,0.015485892,0,Low
7000259507,0,0.015477133,0,Low
7000982505,0,0.015474823,0,Low
7002174757,0,0.015474411,0,Low
7001724549,0,0.015466573,0,Low
7002031207,0,0.015461317,0,Low
7001434110,0,0.015459968,0,Low
7002098801,0,0.0154599305,0,Low
7001770366,0,0.015458211,0,Low
7001963765,0,0.015454461,0,Low
7001573418,0,0.015447278,0,Low
7001361417,0,0.015444485,0,Low
7002336570,0,0.015440166,0,Low
7002208879,0,0.015433172,0,Low
7001987364,0,0.015428274,0,Low
7001138808,0,0.01542744,0,Low
7001763384,0,0.015423973,0,Low
7001509470,0,0.015419375,0,Low
7001364580,0,0.015411667,0,Low
7001758368,0,0.015407529,0,Low
7001611105,0,0.01540742,0,Low
7000648823,0,0.015398424,0,Low
7001337868,0,0.015395396,0,Low
7001950495,0,0.015395353,0,Low
7000083381,0,0.0153935375,0,Low
7000927149,0,0.01538989,0,Low
7001834578,0,0.015388618,0,Low
7001467495,0,0.015384392,0,Low
7001910368,0,0.01537847,0,Low
7000638661,0,0.0153764915,0,Low
7001368866,0,0.015374852,0,Low
7001596252,0,0.015373943,0,Low
7001447615,0,0.015373316,0,Low
7001590745,0,0.015370918,0,Low
7001053614,0,0.015368473,0,Low
7001507370,0,0.015363805,0,Low
7001966001,0,0.015363162,0,Low
7002091179,0,0.015357364,0,Low
7000708766,0,0.015353608,0,Low
7002354621,0,0.015348122,0,Low
7001573627,0,0.015341539,0,Low
7000011427,0,0.015335086,0,Low
7001483671,0,0.0153314,0,Low
7000303734,0,0.015325778,0,Low
7001818367,0,0.0153246205,0,Low
7002353434,0,0.015321353,0,Low
7002316560,0,0.015313938,0,Low
7000976684,0,0.015310552,0,Low
7000132322,0,0.01530826,0,Low
7001675931,0,0.015303926,0,Low
7000893399,0,0.015300972,0,Low
7000978803,0,0.015299902,0,Low
7001450316,0,0.015297258,0,Low
7001422801,0,0.01528699,0,Low
7001840613,0,0.015276637,0,Low
7001732151,0,0.015274276,0,Low
7001219153,0,0.0152707705,0,Low
7001610105,0,0.015270039,0,Low
7001970969,0,0.015266002,0,Low
7000382569,0,0.015257561,0,Low
7001227493,0,0.0152483275,0,Low
7001423826,0,0.015246373,0,Low
7000029286,0,0.015241605,0,Low
7001799228,0,0.015232677,0,Low
7001572103,0,0.015230931,0,Low
7001801605,0,0.015230717,0,Low
7001703340,0,0.015230096,0,Low
7000831655,0,0.015225833,0,Low
7001516777,0,0.015224153,0,Low
7001731125,0,0.015205784,0,Low
7000344327,0,0.01520417,0,Low
7001806212,0,0.015201786,0,Low
7000214723,0,0.015192123,0,Low
7001784247,0,0.015188378,0,Low
7001086333,0,0.015184043,0,Low
7002388372,0,0.015184006,0,Low
7002194525,0,0.015175959,0,Low
7000408079,0,0.015169261,0,Low
7001746985,0,0.01516726,0,Low
7000893101,0,0.015159,0,Low
7002286501,0,0.015155014,0,Low
7001630944,0,0.015150494,0,Low
7002247143,0,0.015149435,0,Low
7000677758,0,0.015147428,0,Low
7000326203,0,0.01514235,0,Low
7000726007,0,0.01514009,0,Low
7001291408,0,0.015139108,0,Low
7001511795,0,0.015130792,0,Low
7002126341,0,0.015128974,0,Low
7000485105,0,0.015126111,0,Low
7002369726,0,0.015124107,0,Low
7001853731,0,0.015122097,0,Low
7002013722,0,0.015117417,0,Low
7001029198,0,0.015116467,0,Low
7001203695,0,0.0151123,0,Low
7000590968,0,0.0150924055,0,Low
7001825131,0,0.01509147,0,Low
7000513044,0,0.015077804,0,Low
7001543106,0,0.015077315,0,Low
7000963913,0,0.0150735555,0,Low
7001446666,0,0.015067356,0,Low
7000124076,0,0.015064313,0,Low
7002403307,0,0.015060727,0,Low
7001677585,0,0.0150551535,0,Low
7001259058,0,0.015054228,0,Low
7001873894,0,0.01504788,0,Low
7001824480,0,0.015046232,0,Low
7000277572,0,0.015045392,0,Low
7001906344,0,0.01503652,0,Low
7001322218,0,0.015036392,0,Low
7000710984,0,0.015034682,0,Low
7001387801,0,0.015030836,0,Low
7001359108,0,0.0150259165,0,Low
7001486822,0,0.015024645,0,Low
7001533230,0,0.015016441,0,Low
7002322637,0,0.0150108915,0,Low
7001364329,0,0.015008289,0,Low
7002140927,0,0.01500239,0,Low
7000280114,0,0.01499422,0,Low
7001427875,0,0.014987939,0,Low
7002385520,0,0.014981921,0,Low
7002209411,0,0.014978979,0,Low
7001711870,0,0.014978782,0,Low
7000581108,0,0.014977312,0,Low
7000608671,0,0.014966799,0,Low
7002040660,0,0.014962082,0,Low
7000176648,0,0.014952782,0,Low
7001779728,0,0.014940256,0,Low
7001591995,0,0.014931065,0,Low
7000177473,0,0.0149240885,0,Low
7001241902,0,0.014922568,0,Low
7001674557,0,0.014919091,0,Low
7001744004,0,0.01491661,0,Low
7000801890,0,0.014909655,0,Low
7001508653,0,0.014905334,0,Low
7002309279,0,0.014904957,0,Low
7001883402,0,0.014904635,0,Low
7002214688,0,0.014899581,0,Low
7000630859,0,0.014899223,0,Low
7001031876,0,0.014897209,0,Low
7000485547,0,0.01489571,0,Low
7001032256,0,0.01489408,0,Low
7001406179,0,0.014885841,0,Low
7001627463,0,0.014885002,0,Low
7001044924,0,0.014879032,0,Low
7001085198,0,0.014855469,0,Low
7001364834,0,0.014845675,0,Low
7001401946,0,0.014836477,0,Low
7002197400,0,0.014834331,0,Low
7000691196,0,0.014819196,0,Low
7001553626,0,0.014812849,0,Low
7002238046,0,0.014808333,0,Low
7001673612,0,0.014805767,0,Low
7001667553,0,0.0148050925,0,Low
7000215561,0,0.014802143,0,Low
7001679302,0,0.014796206,0,Low
7001829996,0,0.014791029,0,Low
7001275606,0,0.014782254,0,Low
7001018252,0,0.0147667825,0,Low
7000314880,0,0.014762829,0,Low
7000669928,0,0.014762593,0,Low
7000724053,0,0.014762107,0,Low
7000411249,0,0.014761893,0,Low
7001116890,0,0.01475803,0,Low
7001023371,0,0.014751294,0,Low
7002062897,0,0.014745424,0,Low
7000962184,0,0.014738117,0,Low
7001725862,0,0.014737771,0,Low
7002346713,0,0.014725874,0,Low
7001888999,0,0.014720125,0,Low
7001666848,0,0.01471642,0,Low
7002237287,0,0.014715921,0,Low
7001905943,0,0.0147103565,0,Low
7000749093,0,0.014707206,0,Low
7001159114,0,0.014704676,0,Low
7000914728,0,0.014699745,0,Low
7002313073,0,0.014697797,0,Low
7001477267,0,0.0146952905,0,Low
7001810323,0,0.014692764,0,Low
7002190402,0,0.0146921575,0,Low
7000635187,0,0.014679157,0,Low
7001318167,0,0.014674807,0,Low
7002155225,0,0.014674261,0,Low
7001667298,0,0.014671297,0,Low
7002070640,0,0.014666665,0,Low
7000014235,0,0.014660417,0,Low
7001759531,0,0.014659963,0,Low
7001451886,0,0.014658186,0,Low
7000290810,0,0.0146578,0,Low
7002163370,0,0.014656553,0,Low
7001720972,0,0.014653798,0,Low
7000179530,0,0.014651492,0,Low
7001350508,0,0.014647204,0,Low
7001704753,0,0.014646336,0,Low
7002246167,0,0.014635193,0,Low
7000362645,0,0.014626415,0,Low
7001761635,0,0.014626229,0,Low
7001573213,0,0.014624277,0,Low
7002139000,0,0.014619949,0,Low
7001161307,0,0.014615726,0,Low
7001356612,0,0.014608276,0,Low
7000367623,0,0.014606648,0,Low
7001429089,0,0.014603033,0,Low
7001556600,0,0.014597057,0,Low
7001358501,0,0.014589802,0,Low
7001592508,0,0.014585737,0,Low
7001459927,0,0.014585641,0,Low
7000085117,0,0.01458201,0,Low
7001021932,0,0.014581579,0,Low
7001601743,0,0.014570099,0,Low
7002271364,0,0.014565772,0,Low
7000687900,0,0.014564295,0,Low
7000316659,0,0.014559478,0,Low
7002190840,1,0.014555175,0,Low
7001417048,0,0.014547784,0,Low
7002344511,0,0.014545008,0,Low
7000097170,0,0.014543634,0,Low
7002066824,0,0.014537069,0,Low
7001048132,0,0.014536972,0,Low
7001310562,0,0.014534084,0,Low
7001393517,0,0.014528294,0,Low
7001160126,0,0.0145277735,0,Low
7000331036,0,0.014521379,0,Low
7002334054,0,0.014519401,0,Low
7000308430,0,0.014519264,0,Low
7000942303,0,0.01451809,0,Low
7001719039,0,0.014510724,0,Low
7001659741,0,0.014509135,0,Low
7001693744,0,0.014508099,0,Low
7001253836,0,0.014497269,0,Low
7000871180,0,0.014481542,0,Low
7000172778,0,0.014476363,0,Low
7000187567,0,0.014467582,0,Low
7000355321,0,0.014461499,0,Low
7000766306,0,0.014460269,0,Low
7001047939,0,0.014458972,0,Low
7002160108,0,0.014458381,0,Low
7000866419,0,0.014444593,0,Low
7001398181,0,0.014437672,0,Low
7001361973,0,0.0144294165,0,Low
7000709947,0,0.014429383,0,Low
7000964712,0,0.014414607,0,Low
7001734163,0,0.014405998,0,Low
7001344353,0,0.014405059,0,Low
7001066364,0,0.014404036,0,Low
7000596056,0,0.014402695,0,Low
7001944895,0,0.014401572,0,Low
7002073325,0,0.01439967,0,Low
7000827120,0,0.014398695,0,Low
7001379059,0,0.01438195,0,Low
7002377352,0,0.014380659,0,Low
7001252751,0,0.014368695,0,Low
7001353138,0,0.014360424,0,Low
7001350510,0,0.014359007,0,Low
7000812393,0,0.014344573,0,Low
7001103076,0,0.014344127,0,Low
7000085221,0,0.014338648,0,Low
7002202574,0,0.014332154,0,Low
7001703057,0,0.014320517,0,Low
7002352544,0,0.014316594,0,Low
7000795234,0,0.014316513,0,Low
7000438133,0,0.014312987,0,Low
7001188401,0,0.014312033,0,Low
7002299063,0,0.014301448,0,Low
7000427145,0,0.014301064,0,Low
7001537156,0,0.014298955,0,Low
7001479367,0,0.014290113,0,Low
7001138553,0,0.014287312,0,Low
7001100238,0,0.014285344,0,Low
7000568457,0,0.014278592,0,Low
7000178491,0,0.014278128,0,Low
7001147395,0,0.014277336,0,Low
7001852806,0,0.01427635,0,Low
7000755290,0,0.014266529,0,Low
7001070181,0,0.0142663615,0,Low
7000327192,0,0.014262661,0,Low
7000662636,0,0.0142502375,0,Low
7001403024,0,0.01424052,0,Low
7001695301,0,0.014233969,0,Low
7000957129,0,0.014218555,0,Low
7001080982,0,0.014208179,0,Low
7001234130,0,0.014202684,0,Low
7001388582,0,0.014180463,0,Low
7000190796,0,0.014178171,0,Low
7001093010,0,0.014177824,0,Low
7002262968,0,0.014166165,0,Low
7002287638,0,0.0141501445,0,Low
7001005675,0,0.01414902,0,Low
7001693589,0,0.014144531,0,Low
7001391607,0,0.01413805,0,Low
7001076161,0,0.014133273,0,Low
7000326870,0,0.014125415,0,Low
7002355810,0,0.014124074,0,Low
7001776106,0,0.014123423,0,Low
7001842859,0,0.014120987,0,Low
7002187295,0,0.014105627,0,Low
7001468768,0,0.014103519,0,Low
7000510961,0,0.014102563,0,Low
7001500749,0,0.014093511,0,Low
7001212414,0,0.0140921455,0,Low
7000125778,0,0.01409202,0,Low
7002294542,0,0.014083642,0,Low
7001406711,0,0.014075864,0,Low
7000601579,0,0.014065281,0,Low
7002079691,0,0.014064665,0,Low
7001303984,0,0.014061617,0,Low
7001349506,0,0.014045635,0,Low
7001418132,0,0.01403993,0,Low
7001348246,0,0.014039573,0,Low
7000732754,0,0.01403898,0,Low
7002026226,0,0.014038281,0,Low
7000807453,0,0.014033681,0,Low
7001407848,0,0.01402562,0,Low
7001312664,0,0.014024256,0,Low
7000043727,0,0.0140077425,0,Low
7000674756,0,0.014007386,0,Low
7001164215,0,0.014004305,0,Low
7001483786,0,0.014002579,0,Low
7002300796,0,0.014000979,0,Low
7000264611,0,0.013996181,0,Low
7000101953,0,0.013993964,0,Low
7002244256,0,0.01398982,0,Low
7000737385,0,0.0139897205,0,Low
7000555348,0,0.013988604,0,Low
7001341350,0,0.013977354,0,Low
7000753381,0,0.013973313,0,Low
7001687981,0,0.013967711,0,Low
7001659493,0,0.013965051,0,Low
7001184078,0,0.013952489,0,Low
7001097325,0,0.013951577,0,Low
7000684311,0,0.013951032,0,Low
7000716016,0,0.013950612,0,Low
7001868609,0,0.013945085,0,Low
7001340594,0,0.01394353,0,Low
7002157171,0,0.0139397355,0,Low
7000609880,0,0.013932737,0,Low
7001321715,0,0.013927825,0,Low
7000249915,0,0.013927177,0,Low
7001511051,0,0.013912999,0,Low
7001557955,0,0.0139117045,0,Low
7000474638,0,0.013910846,0,Low
7001369139,0,0.013909853,0,Low
7000247733,0,0.013901556,0,Low
7001819878,0,0.013894177,0,Low
7001871642,0,0.013886405,0,Low
7001975281,0,0.013882181,0,Low
7001670166,0,0.013871819,0,Low
7000026582,0,0.013863805,0,Low
7000112569,0,0.013861164,0,Low
7000796409,0,0.013860937,0,Low
7000943816,0,0.013852428,0,Low
7000907364,0,0.013846291,0,Low
7000192317,0,0.013840668,0,Low
7000480259,0,0.013831247,0,Low
7000150661,0,0.013828951,0,Low
7001933701,0,0.013817894,0,Low
7001875884,0,0.013815782,0,Low
7001436150,0,0.0138109885,0,Low
7000355262,0,0.013810761,0,Low
7001257348,0,0.013809144,0,Low
7002148422,0,0.013806819,0,Low
7001067029,0,0.013797265,0,Low
7001988639,0,0.013785754,0,Low
7001971375,0,0.0137848845,0,Low
7001418968,0,0.013781889,0,Low
7000926999,0,0.013766558,0,Low
7001154331,0,0.013761968,0,Low
7001293351,0,0.013759082,0,Low
7002262669,0,0.013751112,0,Low
7000184182,0,0.013746542,0,Low
7001319214,0,0.013743995,0,Low
7001671580,0,0.013727277,0,Low
7000598515,0,0.013717668,0,Low
7000358048,0,0.013714112,0,Low
7001579106,0,0.013710443,0,Low
7000627287,0,0.013709471,0,Low
7000747183,0,0.013690682,0,Low
7000053971,0,0.013678852,0,Low
7000169767,0,0.01367637,0,Low
7001700785,0,0.013665958,0,Low
7001412940,0,0.013662867,0,Low
7002046751,0,0.013657189,0,Low
7002033609,0,0.013653708,0,Low
7001337834,0,0.013650337,0,Low
7000253941,0,0.013639536,0,Low
7001337415,0,0.013637156,0,Low
7001544626,0,0.013637111,0,Low
7000127227,0,0.013627801,0,Low
7000204757,0,0.013626448,0,Low
7001900845,0,0.01362548,0,Low
7002188429,0,0.01360968,0,Low
7001339621,0,0.013608036,0,Low
7002146384,0,0.013607996,0,Low
7000737230,0,0.013601994,0,Low
7001484955,0,0.013601131,0,Low
7001628316,0,0.0135999285,0,Low
7001263511,0,0.013577953,0,Low
7002224626,0,0.013568786,0,Low
7001724134,0,0.013562411,0,Low
7000140427,0,0.013561339,0,Low
7001825728,0,0.013554202,0,Low
7002175371,0,0.013548218,0,Low
7001639480,0,0.013539343,0,Low
7002121366,0,0.013529997,0,Low
7000945131,0,0.013529826,0,Low
7001707525,0,0.013526879,0,Low
7001518447,0,0.013526681,0,Low
7001821316,0,0.013524945,0,Low
7002210022,0,0.013523699,0,Low
7002047599,0,0.013515915,0,Low
7001376212,0,0.013515374,0,Low
7000634057,0,0.013508807,0,Low
7000758571,0,0.013490844,0,Low
7002099684,0,0.013485659,0,Low
7000557801,0,0.013478664,0,Low
7002222269,0,0.013477928,0,Low
7000570901,0,0.013474258,0,Low
7001230314,0,0.013458604,0,Low
7000638514,0,0.013458326,0,Low
7001266488,0,0.013452256,0,Low
7001287141,0,0.013445714,0,Low
7000337355,0,0.013437816,0,Low
7002338391,0,0.013426727,0,Low
7002052689,0,0.013418088,0,Low
7000803791,0,0.01340093,0,Low
7001162001,0,0.0133960005,0,Low
7001499690,0,0.013391405,0,Low
7002141860,0,0.013384662,0,Low
7001012919,0,0.013382539,0,Low
7001086050,0,0.013373608,0,Low
7001500906,0,0.013358221,0,Low
7002244807,0,0.013354456,0,Low
7001101981,0,0.013345085,0,Low
7000975787,0,0.013344075,0,Low
7002224409,0,0.013341935,0,Low
7001623408,0,0.013316185,0,Low
7000061559,0,0.013315126,0,Low
7000468711,0,0.013295039,0,Low
7001585999,0,0.013295032,0,Low
7001070162,0,0.013294195,0,Low
7001044461,0,0.013294113,0,Low
7001927965,0,0.013283859,0,Low
7002294186,0,0.013281078,0,Low
7002134302,0,0.0132799465,0,Low
7001843124,0,0.013278711,0,Low
7000699245,0,0.013277586,0,Low
7001411012,0,0.013271595,0,Low
7000765111,0,0.013270441,0,Low
7001209735,0,0.013262201,0,Low
7002259446,0,0.0132606225,0,Low
7002329022,0,0.013241189,0,Low
7001880667,0,0.013241138,0,Low
7002222802,0,0.013229257,0,Low
7002262232,0,0.013227651,0,Low
7001566764,0,0.013227476,0,Low
7001348909,0,0.013224695,0,Low
7000838786,0,0.01322261,0,Low
7000991236,0,0.01321935,0,Low
7001725718,0,0.013218286,0,Low
7000853563,0,0.013215912,0,Low
7002093655,0,0.013209135,0,Low
7002226738,0,0.013207543,0,Low
7002313936,0,0.013206313,0,Low
7000962128,0,0.013202261,0,Low
7001342506,0,0.013196784,0,Low
7002336503,0,0.013194324,0,Low
7001308183,0,0.013183838,0,Low
7000189484,0,0.013179098,0,Low
7000966650,0,0.013163709,0,Low
7000460397,0,0.013145776,0,Low
7000837178,0,0.013142263,0,Low
7002122635,0,0.013125638,0,Low
7001548348,0,0.01312284,0,Low
7002238169,0,0.013117419,0,Low
7002265806,0,0.013111284,0,Low
7001620458,0,0.013106818,0,Low
7000436650,0,0.013104123,0,Low
7001301114,0,0.013092091,0,Low
7001318854,0,0.013078205,0,Low
7001867000,0,0.013077535,0,Low
7001685790,0,0.013074704,0,Low
7002193541,0,0.0130701205,0,Low
7001491271,0,0.013061414,0,Low
7001067776,0,0.013058095,0,Low
7000197604,0,0.013048518,0,Low
7000730762,0,0.01304258,0,Low
7001578585,0,0.013038831,0,Low
7001955090,0,0.01303707,0,Low
7001202381,0,0.013026607,0,Low
7001348394,0,0.013021477,0,Low
7001711212,0,0.013020821,0,Low
7002404740,0,0.013016998,0,Low
7000250772,0,0.01301682,0,Low
7001648489,0,0.0130089205,0,Low
7002215856,0,0.013000235,0,Low
7001369951,0,0.012987913,0,Low
7000640065,0,0.01298221,0,Low
7001941142,0,0.012976358,0,Low
7001826796,0,0.012969099,0,Low
7001989134,0,0.012966321,0,Low
7002013967,0,0.012966188,0,Low
7001221568,0,0.0129643865,0,Low
7001388302,0,0.012956048,0,Low
7000764020,0,0.012954982,0,Low
7000372269,0,0.012947825,0,Low
7002324639,0,0.012937056,0,Low
7000701733,0,0.012933147,0,Low
7002386328,0,0.012929708,0,Low
7001847759,0,0.012927378,0,Low
7001742567,0,0.012925315,0,Low
7001359111,0,0.0129213855,0,Low
7001787552,0,0.012910473,0,Low
7001734768,0,0.012898149,0,Low
7000295261,0,0.012895806,0,Low
7001869195,0,0.012893312,0,Low
7002101015,0,0.012889282,0,Low
7001467648,0,0.012886073,0,Low
7002241350,0,0.01288144,0,Low
7001614850,0,0.012879434,0,Low
7002242438,0,0.012876924,0,Low
7001469058,0,0.012874748,0,Low
7002054151,0,0.012860945,0,Low
7001072613,0,0.0128501,0,Low
7000345676,0,0.01284568,0,Low
7000714261,0,0.012841139,0,Low
7001163894,0,0.012837901,0,Low
7001866400,0,0.012836221,0,Low
7000756227,0,0.012835913,0,Low
7000436634,0,0.012832886,0,Low
7001812709,0,0.012829406,0,Low
7001675090,0,0.012826568,0,Low
7000421325,1,0.012826448,0,Low
7002344791,0,0.012823478,0,Low
7001637102,0,0.012820466,0,Low
7001556731,0,0.012817033,0,Low
7000917859,0,0.0128086,0,Low
7001597197,0,0.012806207,0,Low
7001774289,0,0.012801259,0,Low
7001006814,0,0.012793849,0,Low
7000872888,0,0.012787719,0,Low
7001672904,0,0.012787197,0,Low
7000689385,0,0.012783393,0,Low
7001676383,0,0.012772704,0,Low
7000432899,0,0.012769306,0,Low
7001991695,0,0.0127672395,0,Low
7002029110,0,0.012766788,0,Low
7002368923,0,0.012762203,0,Low
7002259666,0,0.012748788,0,Low
7001547477,0,0.012742051,0,Low
7001223676,0,0.012727328,0,Low
7001033640,0,0.012726027,0,Low
7001777999,0,0.0127240615,0,Low
7001020001,0,0.01272375,0,Low
7000931987,0,0.012718803,0,Low
7000773699,0,0.0127146365,0,Low
7001740821,0,0.012710962,0,Low
7000081414,0,0.012710729,0,Low
7000131758,0,0.012705159,0,Low
7001896657,0,0.012704752,0,Low
7000724918,0,0.012704555,0,Low
7001790424,0,0.012700177,0,Low
7000205688,0,0.012695191,0,Low
7000252802,0,0.012693124,0,Low
7001013555,0,0.012691565,0,Low
7002001302,0,0.012682802,0,Low
7000990161,0,0.012678128,0,Low
7000135987,0,0.012677275,0,Low
7002225044,0,0.012677137,0,Low
7000573170,0,0.0126770185,0,Low
7001133966,0,0.012670407,0,Low
7002003637,0,0.012670156,0,Low
7000580920,0,0.012665295,0,Low
7002241765,0,0.012664937,0,Low
7000720892,0,0.012660692,0,Low
7000837417,0,0.012660359,0,Low
7000117206,0,0.012659084,0,Low
7000870585,0,0.012656337,0,Low
7001651242,0,0.0126561755,0,Low
7000632171,0,0.01265515,0,Low
7001844622,0,0.0126531245,0,Low
7000236389,0,0.012651994,0,Low
7000639232,0,0.012632697,0,Low
7000086767,0,0.012622429,0,Low
7000540528,0,0.012617776,0,Low
7002141759,0,0.012617594,0,Low
7000609580,0,0.012613073,0,Low
7002410111,0,0.0126100145,0,Low
7002398220,0,0.01259836,0,Low
7000721339,0,0.012595862,0,Low
7002385239,0,0.012594843,0,Low
7001681129,0,0.012591689,0,Low
7001031240,0,0.012590953,0,Low
7000855234,0,0.012582781,0,Low
7002356885,0,0.012581915,0,Low
7001414526,0,0.01258044,0,Low
7001232351,0,0.012574388,0,Low
7001041778,0,0.012565197,0,Low
7000964801,0,0.012562511,0,Low
7001550215,0,0.0125559475,0,Low
7001893360,0,0.01255499,0,Low
7000559433,0,0.012541494,0,Low
7001030938,0,0.012535962,0,Low
7000436876,0,0.012531141,0,Low
7001905905,0,0.012522671,0,Low
7001742829,0,0.012521704,0,Low
7002296929,0,0.012520343,0,Low
7000519924,0,0.01251195,0,Low
7000140523,0,0.01250394,0,Low
7001401117,0,0.012498247,0,Low
7000732391,0,0.0124945,0,Low
7001502913,0,0.01249097,0,Low
7002173296,0,0.012478466,0,Low
7000218443,0,0.012476538,0,Low
7000917980,0,0.012475781,0,Low
7001181772,0,0.012473519,0,Low
7001598517,0,0.012470101,0,Low
7002112595,0,0.012462218,0,Low
7001726204,0,0.012461672,0,Low
7002179403,0,0.012427267,0,Low
7000701234,0,0.012427196,0,Low
7001666637,0,0.012423675,0,Low
7002046552,0,0.012417598,0,Low
7001254411,0,0.012415586,0,Low
7000665506,0,0.012414762,0,Low
7000999818,0,0.012407613,0,Low
7000006020,0,0.012403857,0,Low
7001831767,0,0.012394333,0,Low
7001073103,0,0.01239299,0,Low
7002311088,0,0.012392051,0,Low
7000757735,0,0.01238221,0,Low
7001866802,0,0.0123645775,0,Low
7001903731,0,0.012362167,0,Low
7000588010,0,0.01235981,0,Low
7000599241,0,0.012354945,0,Low
7000765424,0,0.012352756,0,Low
7001382086,0,0.012346418,0,Low
7000866100,0,0.0123396795,0,Low
7002162909,0,0.012318904,0,Low
7001639565,0,0.012315743,0,Low
7002256281,0,0.012312859,0,Low
7000369937,0,0.012305022,0,Low
7001020275,0,0.012301001,0,Low
7001961271,0,0.012296638,0,Low
7001304640,0,0.012295544,0,Low
7000204287,0,0.01228946,0,Low
7000159381,0,0.012284252,0,Low
7002082904,0,0.012265284,0,Low
7001300766,0,0.012265029,0,Low
7001157291,0,0.012259652,0,Low
7001383561,0,0.012249713,0,Low
7001670794,0,0.0122471,0,Low
7000380142,0,0.0122346,0,Low
7002112459,0,0.012228741,0,Low
7001477810,0,0.012224278,0,Low
7001295491,0,0.01222281,0,Low
7000152993,0,0.012215253,0,Low
7002231213,0,0.012210162,0,Low
7001231103,0,0.012199953,0,Low
7002301724,0,0.012196574,0,Low
7002073959,0,0.012194414,0,Low
7001882098,0,0.012192336,0,Low
7001954958,0,0.012184459,0,Low
7000135468,0,0.012161381,0,Low
7000853181,0,0.012159707,0,Low
7002179168,0,0.0121589685,0,Low
7000120502,0,0.0121520525,0,Low
7002152423,0,0.012140311,0,Low
7002380093,0,0.012139442,0,Low
7002144193,0,0.012139431,0,Low
7002114865,0,0.012137212,0,Low
7001593181,0,0.0121355085,0,Low
7001595032,0,0.012133125,0,Low
7002006711,0,0.012132943,0,Low
7001892802,0,0.0121324,0,Low
7002176598,0,0.012127052,0,Low
7000172055,0,0.012126274,0,Low
7000109182,0,0.012115255,0,Low
7002388941,0,0.012108329,0,Low
7000864724,0,0.012106943,0,Low
7001270061,0,0.012103989,0,Low
7000819865,0,0.012102694,0,Low
7002003261,0,0.012101593,0,Low
7001761337,0,0.012100853,0,Low
7001762087,0,0.01208615,0,Low
7000421131,0,0.012080412,0,Low
7001574995,0,0.012077225,0,Low
7001468227,0,0.012073499,0,Low
7002262530,0,0.012069371,0,Low
7000860291,0,0.012066409,0,Low
7002166747,0,0.012057403,0,Low
7001708884,0,0.0120552,0,Low
7000101045,0,0.012053552,0,Low
7002214948,0,0.012029699,0,Low
7001821263,0,0.012025976,0,Low
7002119037,0,0.012024367,0,Low
7001212055,0,0.012022708,0,Low
7001531902,0,0.012021427,0,Low
7001276294,0,0.012017945,0,Low
7001705212,0,0.012012109,0,Low
7001784440,0,0.0120079,0,Low
7000750650,0,0.01200635,0,Low
7000760348,0,0.012006208,0,Low
7000347292,0,0.0120054,0,Low
7001023863,0,0.012004206,0,Low
7001520372,0,0.012003284,0,Low
7001210419,0,0.011997846,0,Low
7000668869,0,0.011992387,0,Low
7001400142,0,0.011989031,0,Low
7000074697,0,0.011985732,0,Low
7001035027,0,0.011985377,0,Low
7002073888,0,0.011974117,0,Low
7001554459,0,0.011972848,0,Low
7000640634,0,0.011959436,0,Low
7001512076,0,0.011958501,0,Low
7001568500,0,0.011948876,0,Low
7001380171,0,0.011947215,0,Low
7002132273,1,0.011946506,0,Low
7000714094,0,0.011941245,0,Low
7000506351,0,0.0119408,0,Low
7000755552,0,0.011940479,0,Low
7001373248,0,0.011937313,0,Low
7001563076,0,0.011936486,0,Low
7001446195,0,0.011927215,0,Low
7002380538,0,0.011924581,0,Low
7001826116,0,0.011921867,0,Low
7000195455,0,0.011919194,0,Low
7000624344,0,0.011907749,0,Low
7002002708,0,0.0119071985,0,Low
7000271656,0,0.011906627,0,Low
7001319948,0,0.0119039845,0,Low
7001109531,0,0.011902964,0,Low
7002305300,0,0.011889736,0,Low
7001668596,0,0.011886745,0,Low
7002061178,0,0.011883749,0,Low
7001171104,0,0.011874871,0,Low
7000977810,0,0.011874245,0,Low
7002143425,0,0.011873317,0,Low
7001645484,0,0.011872382,0,Low
7001872090,0,0.011870514,0,Low
7001298012,0,0.011864246,0,Low
7001480538,0,0.011863854,0,Low
7002002087,0,0.011858568,0,Low
7000003492,0,0.011851138,0,Low
7001374936,0,0.011841342,0,Low
7002146878,0,0.011841041,0,Low
7000747448,0,0.011840493,0,Low
7001145806,0,0.0118386755,0,Low
7000445728,0,0.011821501,0,Low
7001970977,0,0.011819963,0,Low
7001500872,0,0.0118191615,0,Low
7002102963,0,0.011818304,0,Low
7001086596,0,0.011810989,0,Low
7002003921,0,0.011783428,0,Low
7002239123,0,0.011780463,0,Low
7001524847,0,0.011777488,0,Low
7000836718,0,0.011775117,0,Low
7001133332,0,0.011771995,0,Low
7001036889,0,0.011769837,0,Low
7001254676,0,0.011762629,0,Low
7000976524,0,0.011758567,0,Low
7001690737,0,0.011747717,0,Low
7000577573,0,0.011742591,0,Low
7000416408,0,0.011742232,0,Low
7000987762,0,0.011731707,0,Low
7001901377,0,0.011729319,0,Low
7001101744,0,0.011729108,0,Low
7001755969,0,0.0117234,0,Low
7001403349,0,0.011722296,0,Low
7002346606,0,0.011717651,0,Low
7001092397,0,0.011713101,0,Low
7001593881,0,0.011710865,0,Low
7000180631,0,0.011698224,0,Low
7002140977,0,0.011687016,0,Low
7002120721,0,0.011678889,0,Low
7000941387,0,0.01167693,0,Low
7000556142,0,0.011673332,0,Low
7001125817,0,0.011669366,0,Low
7001134168,0,0.011669228,0,Low
7001532752,0,0.011668122,0,Low
7000015526,0,0.011665549,0,Low
7001250508,0,0.011665264,0,Low
7000166197,0,0.01164184,0,Low
7000534261,0,0.011635242,0,Low
7000095725,0,0.011633245,0,Low
7001408876,0,0.011628318,0,Low
7001854001,0,0.0116210915,0,Low
7001909916,0,0.011618774,0,Low
7001432590,0,0.011614827,0,Low
7001927495,0,0.011608556,0,Low
7001673807,0,0.0116063235,0,Low
7001098211,0,0.011597433,0,Low
7001985377,0,0.011588521,0,Low
7000760154,0,0.011587177,0,Low
7001104620,0,0.011582805,0,Low
7001258242,0,0.0115818875,0,Low
7001699627,0,0.011577444,0,Low
7002152553,0,0.011570418,0,Low
7001912397,0,0.011569649,0,Low
7000237554,0,0.011566864,0,Low
7001119631,0,0.01155889,0,Low
7001749961,0,0.01155864,0,Low
7001260661,0,0.011558302,0,Low
7001558572,0,0.0115493545,0,Low
7002261847,0,0.011540262,0,Low
7000997701,0,0.011534966,0,Low
7002372851,0,0.0115289,0,Low
7000454297,0,0.011526166,0,Low
7002096385,0,0.011521897,0,Low
7001912911,0,0.011518226,0,Low
7001522382,0,0.011515936,0,Low
7001401530,0,0.011514426,0,Low
7000973353,0,0.011505719,0,Low
7001201080,0,0.011494054,0,Low
7000811517,0,0.011488664,0,Low
7002036945,0,0.0114819305,0,Low
7001645112,0,0.011472593,0,Low
7001785571,0,0.011469029,0,Low
7000214677,0,0.011461755,0,Low
7001741962,0,0.01146061,0,Low
7001369466,0,0.011457174,0,Low
7000286952,0,0.01145352,0,Low
7000882514,0,0.011436449,0,Low
7002075272,0,0.011434531,0,Low
7000858061,0,0.01143426,0,Low
7001083875,0,0.011431113,0,Low
7001681222,0,0.011425823,0,Low
7000490480,0,0.011424482,0,Low
7000597510,0,0.011414862,0,Low
7001448223,0,0.011414217,0,Low
7001041754,0,0.0114085255,0,Low
7002027650,0,0.0114055835,0,Low
7002030009,0,0.011403896,0,Low
7001057481,0,0.011399252,0,Low
7000900003,0,0.011397576,0,Low
7002078979,0,0.011394605,0,Low
7000859432,0,0.011385784,0,Low
7002287236,0,0.01137575,0,Low
7002086247,0,0.01136751,0,Low
7002311925,0,0.011362834,0,Low
7002333984,0,0.011353806,0,Low
7001576590,0,0.01135356,0,Low
7000260408,0,0.01134999,0,Low
7001548321,0,0.011349567,0,Low
7001103069,0,0.011346139,0,Low
7001037385,0,0.011344679,0,Low
7000587802,0,0.011308624,0,Low
7001287864,0,0.011306343,0,Low
7000950372,0,0.01130606,0,Low
7001392803,0,0.011296474,0,Low
7000606135,0,0.011293588,0,Low
7002073778,0,0.011290501,0,Low
7001742865,0,0.011287052,0,Low
7000253676,0,0.011283349,0,Low
7001860919,0,0.011279434,0,Low
7000778150,0,0.011276792,0,Low
7002211233,0,0.01127667,0,Low
7000976634,0,0.011276298,0,Low
7001839424,0,0.011270733,0,Low
7001556853,0,0.011270344,0,Low
7002020722,0,0.011264024,0,Low
7000876492,0,0.011263142,0,Low
7000855130,0,0.011262038,0,Low
7001666269,0,0.011257021,0,Low
7000880137,0,0.011238354,0,Low
7001207934,0,0.011229323,0,Low
7001479960,0,0.011224427,0,Low
7002072921,0,0.01122256,0,Low
7000839682,0,0.011211348,0,Low
7002079414,0,0.011209028,0,Low
7000495559,0,0.011207246,0,Low
7001632862,0,0.011204251,0,Low
7002157385,0,0.011203357,0,Low
7001548052,0,0.011200046,0,Low
7000935463,0,0.0111980075,0,Low
7001388928,0,0.011194398,0,Low
7002403462,0,0.011192012,0,Low
7000091566,0,0.011181621,0,Low
7000970405,0,0.01117252,0,Low
7001742279,0,0.011165531,0,Low
7002215187,0,0.01116003,0,Low
7000585334,0,0.011155564,0,Low
7000181717,0,0.011150452,0,Low
7001212640,0,0.0111446595,0,Low
7002408531,0,0.011144613,0,Low
7002174220,0,0.011130922,0,Low
7001144649,0,0.011128796,0,Low
7001189464,0,0.011123917,0,Low
7001645247,0,0.01112334,0,Low
7001674577,0,0.011116418,0,Low
7001109600,0,0.011112629,0,Low
7000603603,0,0.011105752,0,Low
7000839270,0,0.011100615,0,Low
7001939420,0,0.01109907,0,Low
7002171094,1,0.011092463,0,Low
7000168017,0,0.0110778,0,Low
7000763013,0,0.011074191,0,Low
7002351742,0,0.011070933,0,Low
7001826548,0,0.011068855,0,Low
7000682026,0,0.011065171,0,Low
7000307592,0,0.011063027,0,Low
7000820082,0,0.011061801,0,Low
7001902528,0,0.011051826,0,Low
7000564484,0,0.011051117,0,Low
7001142691,0,0.011050524,0,Low
7001465849,0,0.011043814,0,Low
7001732688,0,0.011042763,0,Low
7002089713,0,0.011040955,0,Low
7001452230,0,0.011033876,0,Low
7000257117,0,0.0110322,0,Low
7001463767,0,0.011023465,0,Low
7000260435,0,0.011022841,0,Low
7000372110,0,0.01102019,0,Low
7001723912,0,0.011006214,0,Low
7000765364,0,0.011003493,0,Low
7000940006,0,0.010996361,0,Low
7000544026,0,0.010992783,0,Low
7000601563,0,0.010992188,0,Low
7000213054,0,0.01099171,0,Low
7001299506,0,0.010986912,0,Low
7002056190,0,0.010980499,0,Low
7001684641,0,0.010979887,0,Low
7000291686,0,0.010978739,0,Low
7000695439,0,0.010967519,0,Low
7001214193,0,0.0109531125,0,Low
7000772775,0,0.010951465,0,Low
7000542897,0,0.010948465,0,Low
7002030513,0,0.01094496,0,Low
7002332027,0,0.0109428065,0,Low
7001574860,0,0.010919938,0,Low
7000690645,0,0.010913218,0,Low
7000413107,0,0.0109074805,0,Low
7001596081,0,0.0109039415,0,Low
7001889047,0,0.010895388,0,Low
7000402805,0,0.010890025,0,Low
7000236575,0,0.010889141,0,Low
7002122783,0,0.010889091,0,Low
7001090820,0,0.010888432,0,Low
7000287209,0,0.010885285,0,Low
7001242683,0,0.010871805,0,Low
7000848979,0,0.010869586,0,Low
7000701852,0,0.010867156,0,Low
7001414850,0,0.010866505,0,Low
7002303358,0,0.010855759,0,Low
7001331651,0,0.01085415,0,Low
7001735059,0,0.010848914,0,Low
7001380006,0,0.010841978,0,Low
7002259058,0,0.010841799,0,Low
7001026601,0,0.010839763,0,Low
7001424688,0,0.010839227,0,Low
7001771155,0,0.010838327,0,Low
7001323617,0,0.010834953,0,Low
7000447810,0,0.010829109,0,Low
7000404742,0,0.010826856,0,Low
7000261866,0,0.010824022,0,Low
7001357687,0,0.010813342,0,Low
7002268590,1,0.010808951,0,Low
7000616352,0,0.010801138,0,Low
7001935562,0,0.01079244,0,Low
7001117138,0,0.01078761,0,Low
7001632373,0,0.010787412,0,Low
7000592626,0,0.010785316,0,Low
7002385331,0,0.010772228,0,Low
7002144204,0,0.010769998,0,Low
7001834489,0,0.010766311,0,Low
7001928637,0,0.0107644005,0,Low
7001582882,0,0.010764253,0,Low
7000751728,0,0.01075493,0,Low
7000935617,0,0.010743172,0,Low
7001665033,0,0.010737163,0,Low
7000249782,0,0.010735421,0,Low
7001799353,0,0.010728374,0,Low
7001286809,0,0.010725838,0,Low
7001462042,0,0.0107244225,0,Low
7001603913,0,0.010723,0,Low
7001566639,0,0.0107175335,0,Low
7001328519,0,0.010715122,0,Low
7000551967,0,0.010711676,0,Low
7000839705,0,0.010706634,0,Low
7001132114,0,0.0107018165,0,Low
7001448221,0,0.010700575,0,Low
7002175675,0,0.010692693,0,Low
7001287432,0,0.01069062,0,Low
7001855838,0,0.010690394,0,Low
7000816493,0,0.010689511,0,Low
7001676085,0,0.010683103,0,Low
7000966869,0,0.010682564,0,Low
7001906462,0,0.010677667,0,Low
7001518279,0,0.010675915,0,Low
7001635981,0,0.010675205,0,Low
7001936086,0,0.0106691625,0,Low
7001815718,0,0.010667552,0,Low
7001897953,0,0.010656878,0,Low
7000317249,0,0.010655345,0,Low
7000761356,0,0.010654531,0,Low
7001390018,0,0.010650797,0,Low
7000427963,0,0.010646683,0,Low
7000219954,0,0.010642294,0,Low
7002073998,0,0.010636803,0,Low
7001078801,0,0.010633431,0,Low
7000450660,0,0.010625638,0,Low
7001067973,0,0.010623278,0,Low
7001634847,0,0.01061691,0,Low
7000082264,0,0.0106169,0,Low
7000830221,0,0.0106126275,0,Low
7001410707,0,0.010612512,0,Low
7000577206,0,0.010610661,0,Low
7001834028,0,0.010608448,0,Low
7001017322,0,0.010588293,0,Low
7002034611,0,0.0105869835,0,Low
7001666611,0,0.010575597,0,Low
7000831716,0,0.010571595,0,Low
7000179572,0,0.0105631305,0,Low
7002060588,0,0.010559562,0,Low
7000602246,0,0.010557659,0,Low
7001686591,0,0.010554143,0,Low
7002290825,0,0.010547716,0,Low
7002003377,0,0.010542413,0,Low
7000115797,0,0.010538719,0,Low
7000565837,0,0.010537958,0,Low
7000784503,0,0.010528609,0,Low
7002095889,0,0.010528529,0,Low
7001840009,0,0.010518083,0,Low
7000631520,0,0.010496854,0,Low
7001980618,0,0.010492754,0,Low
7001534977,0,0.010492571,0,Low
7002222378,0,0.010491121,0,Low
7001896373,0,0.010486409,0,Low
7001762672,0,0.010479291,0,Low
7001608411,0,0.010474329,0,Low
7000687778,0,0.010472827,0,Low
7000933316,0,0.010462962,0,Low
7001885107,0,0.01046046,0,Low
7001319385,0,0.010454923,0,Low
7002205448,0,0.010452171,0,Low
7001984665,0,0.010444076,0,Low
7001456156,0,0.0104279835,0,Low
7001586179,0,0.010419233,0,Low
7001645983,0,0.010416559,0,Low
7000406112,0,0.010412234,0,Low
7000886301,0,0.010411458,0,Low
7000105207,0,0.010407891,0,Low
7000794429,0,0.010406787,0,Low
7000948696,0,0.010401789,0,Low
7000706100,0,0.010390814,0,Low
7001865440,0,0.010385922,0,Low
7001555958,0,0.010380596,0,Low
7000184300,0,0.0103796115,0,Low
7002200468,0,0.010367609,0,Low
7001031708,0,0.010366929,0,Low
7002021574,0,0.010361696,0,Low
7002108640,0,0.010361466,0,Low
7000333295,0,0.010349918,0,Low
7000421686,0,0.010345615,0,Low
7001080130,0,0.010337486,0,Low
7000574977,0,0.010336846,0,Low
7000417807,0,0.010329664,0,Low
7000789727,0,0.010328786,0,Low
7001232039,0,0.01032419,0,Low
7000393393,0,0.010320362,0,Low
7000298469,0,0.010319144,0,Low
7000991637,0,0.010316082,0,Low
7002337479,0,0.010313882,0,Low
7001707313,0,0.010313692,0,Low
7001058672,0,0.010312061,0,Low
7001804432,0,0.010308972,0,Low
7002138529,0,0.010306184,0,Low
7002227041,0,0.010304779,0,Low
7000348515,0,0.010300816,0,Low
7001761346,0,0.010279706,0,Low
7001071515,0,0.010278658,0,Low
7001573224,0,0.010270633,0,Low
7001103753,0,0.010266892,0,Low
7001199906,0,0.010260532,0,Low
7000647807,0,0.010255588,0,Low
7002180077,0,0.010252743,0,Low
7000340005,0,0.010247867,0,Low
7001921317,0,0.010247311,0,Low
7002307588,0,0.01024498,0,Low
7000947218,0,0.010237,0,Low
7000673746,0,0.010228027,0,Low
7000723832,0,0.010222155,0,Low
7002095141,0,0.0102130305,0,Low
7000577443,0,0.010199326,0,Low
7001825593,0,0.010192296,0,Low
7001787444,0,0.010173811,0,Low
7002316564,0,0.010166428,0,Low
7002074629,0,0.010157411,0,Low
7001218524,0,0.010145207,0,Low
7001905310,0,0.0101389075,0,Low
7001333977,0,0.010138854,0,Low
7000561199,0,0.010127577,0,Low
7001971559,0,0.010115065,0,Low
7000443843,0,0.01011211,0,Low
7001660153,0,0.010107863,0,Low
7000027144,0,0.010101767,0,Low
7000253123,0,0.01009965,0,Low
7000936616,0,0.010088554,0,Low
7001157015,0,0.010084739,0,Low
7002201758,0,0.010078443,0,Low
7002271920,0,0.010078287,0,Low
7001410095,0,0.010070972,0,Low
7001429773,0,0.010064585,0,Low
7000612279,0,0.0100612175,0,Low
7001682853,0,0.010054604,0,Low
7000141625,0,0.010052406,0,Low
7001214488,0,0.010048436,0,Low
7000653468,0,0.010048412,0,Low
7001415862,0,0.010047862,0,Low
7000319526,0,0.010043433,0,Low
7002253814,0,0.010041821,0,Low
7000279077,0,0.010037897,0,Low
7001349167,0,0.010029357,0,Low
7000371265,0,0.010029276,0,Low
7002063648,0,0.010023626,0,Low
7000224380,0,0.010022707,0,Low
7000917885,0,0.010018842,0,Low
7002363397,0,0.01001827,0,Low
7002138049,0,0.01001688,0,Low
7002185494,0,0.010016554,0,Low
7002145361,0,0.010015457,0,Low
7002112792,0,0.010014634,0,Low
7002316848,0,0.010013727,0,Low
7001477035,0,0.010011982,0,Low
7002227429,0,0.010009847,0,Low
7000102741,0,0.01000806,0,Low
7000540606,0,0.010007333,0,Low
7001715248,0,0.010006676,0,Low
7001189980,0,0.010002638,0,Low
7000706319,0,0.010001208,0,Low
7000858376,0,0.009998979,0,Low
7001395734,0,0.009997101,0,Low
7001619408,0,0.009984485,0,Low
7001275084,0,0.009972826,0,Low
7002136885,0,0.009960931,0,Low
7000824046,0,0.0099503035,0,Low
7002025091,0,0.009949153,0,Low
7000275795,0,0.009946429,0,Low
7000569856,0,0.009941013,0,Low
7001611850,0,0.009940759,0,Low
7000640209,0,0.00993998,0,Low
7001862587,0,0.009936194,0,Low
7000802443,0,0.009932592,0,Low
7000196682,0,0.009923119,0,Low
7001250580,0,0.009910286,0,Low
7000939233,0,0.0099085085,0,Low
7002357542,0,0.009901961,0,Low
7000334756,0,0.009899606,0,Low
7000679545,0,0.009897667,0,Low
7002081656,0,0.009897508,0,Low
7001860052,0,0.009888858,0,Low
7000003026,0,0.009888488,0,Low
7000705642,0,0.009887177,0,Low
7001583394,0,0.009884843,0,Low
7001305409,0,0.009881684,0,Low
7000907158,0,0.009873276,0,Low
7002229841,0,0.009872036,0,Low
7001884230,0,0.009870069,0,Low
7001069419,0,0.009865294,0,Low
7002061861,0,0.00986303,0,Low
7001039099,0,0.009858152,0,Low
7000781599,0,0.009857942,0,Low
7001453870,0,0.009857295,0,Low
7001130569,0,0.009852549,0,Low
7001066542,0,0.00985021,0,Low
7001909655,0,0.009842608,0,Low
7001797606,0,0.009841089,0,Low
7001096829,0,0.009837229,0,Low
7001153078,0,0.009837019,0,Low
7001928401,0,0.009833663,0,Low
7001385478,0,0.009829815,0,Low
7002259485,0,0.009823291,0,Low
7001701196,0,0.009813769,0,Low
7000288402,0,0.009805496,0,Low
7000354696,0,0.009803488,0,Low
7001184850,0,0.009802534,0,Low
7001061598,0,0.0098019745,0,Low
7001369560,0,0.009800974,0,Low
7001985513,0,0.009798151,0,Low
7000909214,0,0.009794716,0,Low
7001471140,0,0.00979459,0,Low
7002221857,0,0.009794479,0,Low
7002206451,0,0.009790017,0,Low
7002346993,0,0.009782707,0,Low
7001454663,0,0.009775163,0,Low
7001668124,0,0.009771323,0,Low
7001537515,0,0.009769644,0,Low
7000640484,0,0.009761118,0,Low
7001542984,0,0.009760953,0,Low
7001385990,0,0.009758666,0,Low
7002079404,0,0.009756197,0,Low
7002394816,0,0.00973936,0,Low
7001484590,0,0.009726036,0,Low
7001479961,0,0.009721885,0,Low
7002071190,0,0.009713934,0,Low
7002142894,0,0.0097117415,0,Low
7002251296,0,0.009700681,0,Low
7001738563,0,0.009700403,0,Low
7001748037,0,0.0096995635,0,Low
7001080195,0,0.009698387,0,Low
7000068109,0,0.009694426,0,Low
7001830116,0,0.009689117,0,Low
7002140745,0,0.009681539,0,Low
7000751367,0,0.009677329,0,Low
7001715962,0,0.009672779,0,Low
7000032311,0,0.009669965,0,Low
7002000683,0,0.00966237,0,Low
7002061969,0,0.009658702,0,Low
7000959204,0,0.009657192,0,Low
7002107655,0,0.009656358,0,Low
7000036177,0,0.009652742,0,Low
7000739854,0,0.009647297,0,Low
7001456152,0,0.009646536,0,Low
7002055514,0,0.009645315,0,Low
7000233706,0,0.009643238,0,Low
7001623329,0,0.009640666,0,Low
7001741412,0,0.009639651,0,Low
7000376811,0,0.009636833,0,Low
7002200601,0,0.009633725,0,Low
7001374878,0,0.009631578,0,Low
7001127442,0,0.009626407,0,Low
7001266032,0,0.00962614,0,Low
7000289343,0,0.009621971,0,Low
7000687695,0,0.009618833,0,Low
7000468249,0,0.009610687,0,Low
7002206419,0,0.009609607,0,Low
7000766797,0,0.0096071195,0,Low
7000376539,0,0.009606013,0,Low
7001437387,0,0.009604716,0,Low
7000785961,0,0.009602497,0,Low
7000716960,0,0.009599011,0,Low
7001963513,0,0.00959761,0,Low
7001982789,0,0.00959278,0,Low
7001555964,0,0.009585267,0,Low
7002091254,0,0.009584411,0,Low
7000797913,0,0.009583551,0,Low
7000412284,0,0.009582198,0,Low
7000393618,0,0.009579412,0,Low
7000069012,0,0.0095703,0,Low
7000597297,0,0.009568537,0,Low
7001210155,0,0.009564358,0,Low
7001421439,0,0.0095642945,0,Low
7000293126,0,0.009561337,0,Low
7001982667,0,0.009547212,0,Low
7001632601,0,0.009539356,0,Low
7000645437,0,0.009536609,0,Low
7000689754,0,0.009526993,0,Low
7001699635,0,0.009524469,0,Low
7000566278,0,0.009522158,0,Low
7000969902,0,0.009520511,0,Low
7001574737,0,0.009507894,0,Low
7001647827,0,0.009503453,0,Low
7000784741,0,0.009498001,0,Low
7001093648,0,0.009496418,0,Low
7001494938,0,0.009490893,0,Low
7000063259,0,0.009487223,0,Low
7002008189,0,0.009459942,0,Low
7001671297,0,0.009451532,0,Low
7001700617,0,0.009446278,0,Low
7000801837,0,0.009443923,0,Low
7001274972,0,0.009442376,0,Low
7000317682,0,0.009441965,0,Low
7002060404,0,0.009441649,0,Low
7001619817,0,0.009437315,0,Low
7001484151,0,0.009434855,0,Low
7000957024,0,0.009433562,0,Low
7000584830,0,0.009428075,0,Low
7002221499,0,0.009419416,0,Low
7001782506,0,0.0094178235,0,Low
7002229988,0,0.009413038,0,Low
7001921101,0,0.009407451,0,Low
7000449505,0,0.0094039375,0,Low
7000925154,0,0.009401769,0,Low
7000820465,0,0.009400202,0,Low
7001061594,0,0.009400157,0,Low
7001791945,0,0.009399762,0,Low
7001890568,0,0.009396855,0,Low
7001859634,0,0.009396673,0,Low
7001241531,0,0.00939117,0,Low
7001447007,0,0.009390953,0,Low
7001254636,0,0.009390545,0,Low
7001616937,0,0.009387108,0,Low
7001969294,0,0.009385508,0,Low
7001063856,0,0.009380685,0,Low
7000581985,0,0.009380189,0,Low
7002140925,0,0.009376578,0,Low
7001264025,0,0.009374276,0,Low
7001216703,0,0.009367299,0,Low
7001487136,0,0.009364583,0,Low
7001843069,0,0.009353221,0,Low
7002159454,0,0.009352846,0,Low
7000966255,0,0.009348543,0,Low
7001764877,0,0.009342447,0,Low
7000653263,0,0.009335799,0,Low
7001154703,0,0.0093125375,0,Low
7001290762,0,0.009310246,0,Low
7000857571,0,0.0093091335,0,Low
7002243126,0,0.009308439,0,Low
7001290194,0,0.009306776,0,Low
7000116786,0,0.009290107,0,Low
7001934511,0,0.009289299,0,Low
7001879908,0,0.009283982,0,Low
7000321752,0,0.0092805,0,Low
7000199115,0,0.009274452,0,Low
7000006367,0,0.009274031,0,Low
7002097625,0,0.009271486,0,Low
7002151588,0,0.009265479,0,Low
7001250155,0,0.009260551,0,Low
7000828877,0,0.009257166,0,Low
7001520423,0,0.009250118,0,Low
7000014146,0,0.009242143,0,Low
7000334720,0,0.00924168,0,Low
7001572404,0,0.009237328,0,Low
7001843848,0,0.009231207,0,Low
7000614252,0,0.009229851,0,Low
7001043974,0,0.009229506,0,Low
7001201128,0,0.009227501,0,Low
7000844821,0,0.009224659,0,Low
7001724933,0,0.009221721,0,Low
7001256834,0,0.009220877,0,Low
7002162123,0,0.009217736,0,Low
7000876303,0,0.009211032,0,Low
7001721849,0,0.009206273,0,Low
7000975315,0,0.009206129,0,Low
7000922904,0,0.009201942,0,Low
7001696667,0,0.00919723,0,Low
7001674484,0,0.009193342,0,Low
7001566046,0,0.009176609,0,Low
7001028200,0,0.009174927,0,Low
7001988745,0,0.009170207,0,Low
7001354685,0,0.009169293,0,Low
7001556272,0,0.009160689,0,Low
7000795400,0,0.009140063,0,Low
7000824419,0,0.009139282,0,Low
7001883512,0,0.00913512,0,Low
7001279924,0,0.009132651,0,Low
7001580083,0,0.009126909,0,Low
7001512809,0,0.0091208145,0,Low
7001876307,0,0.009117427,0,Low
7001473166,0,0.009115859,0,Low
7000904743,0,0.009115747,0,Low
7001544205,0,0.0091131935,0,Low
7001474613,0,0.009106306,0,Low
7002041907,0,0.009104999,0,Low
7001500109,0,0.0091021,0,Low
7000822508,0,0.009101773,0,Low
7001816032,0,0.009097722,0,Low
7001496427,0,0.00909263,0,Low
7001727589,0,0.00907906,0,Low
7000587395,0,0.00907851,0,Low
7002309734,0,0.009067509,0,Low
7000100160,0,0.009065003,0,Low
7000983988,0,0.009057511,0,Low
7002161826,0,0.009046903,0,Low
7001906702,0,0.009035616,0,Low
7001561390,0,0.00902607,0,Low
7000752723,0,0.009024833,0,Low
7001983718,0,0.009024722,0,Low
7000526428,0,0.0090141995,0,Low
7001712024,0,0.009010051,0,Low
7001816508,0,0.009006871,0,Low
7001738862,0,0.008991039,0,Low
7000841990,0,0.008981948,0,Low
7001313362,0,0.008979359,0,Low
7001893216,0,0.008977275,0,Low
7001240407,0,0.008976979,0,Low
7001729743,0,0.008971479,0,Low
7000995057,0,0.008970609,0,Low
7001575267,0,0.008967355,0,Low
7001284678,0,0.008953719,0,Low
7000818441,0,0.008951735,0,Low
7000316671,0,0.008944462,0,Low
7001248379,0,0.00894128,0,Low
7002296689,0,0.008931309,0,Low
7001757502,0,0.008929503,0,Low
7001839390,0,0.008929275,0,Low
7000723031,0,0.008925267,0,Low
7001302359,0,0.00892331,0,Low
7000266260,0,0.008918648,0,Low
7001570134,0,0.008912908,0,Low
7000575014,0,0.0089062555,0,Low
7000386617,0,0.008900062,0,Low
7001379318,0,0.008898683,0,Low
7000323456,0,0.008896555,0,Low
7001121051,0,0.008864071,0,Low
7001312262,0,0.008857513,0,Low
7000910775,0,0.008852039,0,Low
7000164899,0,0.008849902,0,Low
7002134167,0,0.008842636,0,Low
7001537851,0,0.0088421,0,Low
7001756583,0,0.008834394,0,Low
7001024275,0,0.00882714,0,Low
7000338431,0,0.008824779,0,Low
7000242188,0,0.008820034,0,Low
7001564332,0,0.008804407,0,Low
7000545559,0,0.008799947,0,Low
7001357066,0,0.008782919,0,Low
7000306947,0,0.008782449,0,Low
7000343722,0,0.008782151,0,Low
7001480955,0,0.00878079,0,Low
7002063656,0,0.008779018,0,Low
7000916485,0,0.0087781465,0,Low
7000530916,0,0.00877601,0,Low
7001750633,0,0.008769927,0,Low
7001071145,0,0.008744896,0,Low
7000395692,0,0.0087446235,0,Low
7001679443,0,0.008739628,0,Low
7001568462,0,0.008727594,0,Low
7000815357,0,0.00870751,0,Low
7001866238,0,0.008702014,0,Low
7001136496,0,0.008700417,0,Low
7001689909,0,0.008697942,0,Low
7000764423,0,0.0086977,0,Low
7002110588,0,0.008685194,0,Low
7002146643,0,0.0086704185,0,Low
7000986737,0,0.008661259,0,Low
7000086658,0,0.0086611975,0,Low
7000963783,0,0.008628281,0,Low
7002377201,0,0.0086279465,0,Low
7001557336,0,0.008625365,0,Low
7000192267,0,0.008617295,0,Low
7001948296,0,0.0086153075,0,Low
7001059487,0,0.008611337,0,Low
7000993319,0,0.008610413,0,Low
7001850934,0,0.008605957,0,Low
7002382960,0,0.008605843,0,Low
7000692864,0,0.008594411,0,Low
7001410907,0,0.008594123,0,Low
7001929089,0,0.008583136,0,Low
7002091126,0,0.008577899,0,Low
7002200488,0,0.008570214,0,Low
7001100288,0,0.008559771,0,Low
7001928347,0,0.008550797,0,Low
7002165103,0,0.008539924,0,Low
7000211050,0,0.008539779,0,Low
7000126883,0,0.0085391095,0,Low
7001653048,0,0.00853898,0,Low
7001080665,0,0.008536647,0,Low
7001520346,0,0.008533488,0,Low
7001607483,0,0.008530434,0,Low
7001731961,0,0.008529737,0,Low
7000854746,0,0.008524967,0,Low
7001535769,0,0.008523932,0,Low
7001095883,0,0.008523262,0,Low
7001496178,0,0.008516455,0,Low
7001308461,0,0.008509154,0,Low
7002363503,0,0.008508491,0,Low
7002398102,0,0.00850695,0,Low
7001776796,0,0.008506475,0,Low
7000474299,0,0.008501928,0,Low
7000963895,0,0.008498745,0,Low
7002330378,0,0.008492684,0,Low
7000992819,0,0.008478627,0,Low
7001940492,0,0.008476057,0,Low
7001941983,0,0.00846805,0,Low
7001312186,0,0.008456575,0,Low
7001606928,0,0.008449816,0,Low
7002126533,0,0.008436854,0,Low
7002223960,0,0.008431534,0,Low
7000745620,0,0.008431303,0,Low
7000606199,0,0.008428303,0,Low
7001999317,0,0.008415878,0,Low
7001247821,0,0.008412938,0,Low
7000817533,0,0.008412043,0,Low
7001646526,0,0.008409399,0,Low
7001993883,0,0.008407053,0,Low
7001602275,0,0.008399825,0,Low
7000988754,0,0.008399103,0,Low
7002080557,0,0.008397041,0,Low
7001291678,0,0.008396819,0,Low
7001604155,0,0.0083937505,0,Low
7001319581,0,0.008393052,0,Low
7000469399,0,0.008385384,0,Low
7001520095,0,0.008384492,0,Low
7001140555,0,0.008380936,0,Low
7000070216,0,0.008380834,0,Low
7001539226,0,0.008373985,0,Low
7000986084,0,0.0083640525,0,Low
7001803746,0,0.0083594415,0,Low
7000944956,0,0.0083540715,0,Low
7000253176,0,0.0083367955,0,Low
7001899879,0,0.008330447,0,Low
7002017150,0,0.008325875,0,Low
7000078295,0,0.0083257565,0,Low
7001546488,0,0.0083239265,0,Low
7001172703,0,0.008318476,0,Low
7001226163,0,0.008316769,0,Low
7001547490,0,0.008311592,0,Low
7001193200,0,0.008302581,0,Low
7000231674,0,0.008286534,0,Low
7001768282,0,0.008280208,0,Low
7001846447,0,0.008276051,0,Low
7002074414,0,0.008271167,0,Low
7000024540,0,0.0082700765,0,Low
7001874327,0,0.008269885,0,Low
7001838577,0,0.008264705,0,Low
7001800425,0,0.008264368,0,Low
7001301562,0,0.008262774,0,Low
7001292738,0,0.008254475,0,Low
7001209693,0,0.008249937,0,Low
7000639183,0,0.0082463985,0,Low
7000201299,0,0.0082432795,0,Low
7000464393,0,0.0082428,0,Low
7001297319,0,0.008240395,0,Low
7001755239,0,0.008240333,0,Low
7000914533,0,0.008239016,0,Low
7001670636,0,0.008236581,0,Low
7000276183,0,0.008228222,0,Low
7001959645,0,0.008226487,0,Low
7001148508,0,0.0082232,0,Low
7000686446,0,0.008220728,0,Low
7000771650,0,0.008217862,0,Low
7001370423,0,0.008215228,0,Low
7000736080,0,0.008215177,0,Low
7000873343,0,0.00820948,0,Low
7001933604,0,0.008197678,0,Low
7001441387,0,0.008193341,0,Low
7001681256,0,0.008189405,0,Low
7001791622,0,0.008181833,0,Low
7001151685,0,0.008177682,0,Low
7000681906,0,0.0081629865,0,Low
7001026831,0,0.008162905,0,Low
7000335640,0,0.00816074,0,Low
7001097097,0,0.008158335,0,Low
7002309534,0,0.008154451,0,Low
7001324549,0,0.008154293,0,Low
7002060675,0,0.008149609,0,Low
7000966093,0,0.00814371,0,Low
7000413872,0,0.008136838,0,Low
7000763453,0,0.008133821,0,Low
7002154712,0,0.00812477,0,Low
7002222419,0,0.008120253,0,Low
7000319571,0,0.0081105335,0,Low
7001181998,0,0.008104629,0,Low
7001452205,0,0.0081017045,0,Low
7002055529,0,0.008099907,0,Low
7001759883,0,0.00809638,0,Low
7002107334,0,0.0080957245,0,Low
7000781735,0,0.0080941245,0,Low
7001426839,0,0.008090565,0,Low
7002108597,0,0.00808589,0,Low
7000225015,0,0.0080832215,0,Low
7001570618,0,0.008079796,0,Low
7001987731,0,0.008074108,0,Low
7000329576,0,0.008064696,0,Low
7000649681,0,0.008064364,0,Low
7000002700,0,0.008062262,0,Low
7002036107,0,0.008060794,0,Low
7000105513,0,0.008059452,0,Low
7001014306,0,0.008057329,0,Low
7001190743,0,0.008052323,0,Low
7001420053,0,0.008050548,0,Low
7000891767,0,0.008034814,0,Low
7000961858,0,0.0080331685,0,Low
7001086964,0,0.008030349,0,Low
7000815683,0,0.0080197025,0,Low
7000432047,0,0.008017711,0,Low
7001568425,0,0.008015478,0,Low
7000559329,0,0.008012286,0,Low
7001126045,0,0.008007126,0,Low
7001217535,0,0.00800198,0,Low
7002000568,0,0.008001465,0,Low
7000848946,0,0.007996504,0,Low
7002000097,0,0.007985974,0,Low
7000820697,0,0.00797317,0,Low
7001130597,0,0.007966832,0,Low
7000954992,0,0.007962789,0,Low
7001010605,0,0.0079625975,0,Low
7000751590,0,0.007960775,0,Low
7001805818,0,0.007957496,0,Low
7001673473,0,0.00795272,0,Low
7001826766,0,0.007934713,0,Low
7001105768,0,0.007934409,0,Low
7001659141,0,0.007933999,0,Low
7000046865,0,0.007926186,0,Low
7000263624,0,0.007921759,0,Low
7001977350,0,0.007920076,0,Low
7001560170,0,0.007914383,0,Low
7001331623,0,0.007900177,0,Low
7002298015,0,0.007898334,0,Low
7002240537,0,0.007897748,0,Low
7000808325,0,0.007896679,0,Low
7000215979,0,0.007896593,0,Low
7001733457,0,0.007896089,0,Low
7000687283,0,0.0078934925,0,Low
7001146323,0,0.007890667,0,Low
7001313565,0,0.007889073,0,Low
7001982829,0,0.007873372,0,Low
7001610687,0,0.00786474,0,Low
7002102252,0,0.007861261,0,Low
7002093862,0,0.007852641,0,Low
7001084977,0,0.0078513445,0,Low
7000633026,0,0.007849485,0,Low
7002029770,0,0.007845163,0,Low
7002271035,0,0.007841463,0,Low
7001190489,0,0.007838032,0,Low
7001669494,0,0.007835812,0,Low
7001706162,0,0.007834517,0,Low
7000736480,0,0.007831502,0,Low
7000536075,0,0.007828246,0,Low
7000079461,1,0.007828112,0,Low
7001030452,0,0.007812976,0,Low
7001082338,0,0.007812199,0,Low
7001580202,0,0.0078112753,0,Low
7001751502,0,0.0078086443,0,Low
7000218022,0,0.0077986275,0,Low
7002209465,0,0.0077984584,0,Low
7000064754,0,0.007794272,0,Low
7000640457,0,0.007787475,0,Low
7002268222,0,0.0077867075,0,Low
7001660505,0,0.0077835633,0,Low
7000636064,0,0.0077793947,0,Low
7000672857,0,0.00776806,0,Low
7000261425,0,0.007762339,0,Low
7002164610,0,0.0077546383,0,Low
7001695549,0,0.007753387,0,Low
7001669797,0,0.007753288,0,Low
7001919779,0,0.007751252,0,Low
7001748467,0,0.0077507095,0,Low
7000783107,0,0.0077504274,0,Low
7001425302,0,0.0077477326,0,Low
7000254436,0,0.0077411663,0,Low
7001684866,0,0.007734759,0,Low
7001841124,0,0.007728438,0,Low
7001111370,0,0.0077200793,0,Low
7001080490,0,0.007717478,0,Low
7000443798,0,0.0077172373,0,Low
7001331061,0,0.007711729,0,Low
7001012134,0,0.007704949,0,Low
7001312398,0,0.0077016973,0,Low
7002367232,0,0.0076996535,0,Low
7001826367,0,0.0076984223,0,Low
7001160202,0,0.0076857926,0,Low
7000584031,0,0.007676093,0,Low
7001022794,0,0.007663118,0,Low
7001149380,0,0.007659924,0,Low
7001128228,0,0.007649522,0,Low
7001953149,0,0.0076395124,0,Low
7001801659,0,0.0076393858,0,Low
7001551666,0,0.007637687,0,Low
7002164574,0,0.0076315496,0,Low
7001094623,0,0.0076314304,0,Low
7002083223,0,0.007630206,0,Low
7001342418,0,0.0076301154,0,Low
7001870606,0,0.007625542,0,Low
7001863691,0,0.007616325,0,Low
7002234729,0,0.0076160654,0,Low
7000686980,0,0.007610373,0,Low
7000997781,0,0.0076016914,0,Low
7002340102,0,0.0075978977,0,Low
7000527480,0,0.0075911307,0,Low
7001452097,0,0.0075888424,0,Low
7002113893,0,0.0075879954,0,Low
7002381373,0,0.0075827935,0,Low
7001551946,0,0.0075807455,0,Low
7000855493,0,0.0075743156,0,Low
7001237492,0,0.0075736633,0,Low
7001776045,0,0.007568397,0,Low
7001352816,0,0.0075678807,0,Low
7001785129,0,0.007564487,0,Low
7000330968,0,0.007562901,0,Low
7000247537,0,0.007562858,0,Low
7001620884,0,0.0075536766,0,Low
7000882116,0,0.0075533865,0,Low
7002295851,0,0.00754966,0,Low
7001542824,0,0.007546534,0,Low
7002130530,0,0.0075448803,0,Low
7000684357,0,0.00753835,0,Low
7002017121,0,0.007535011,0,Low
7000366227,0,0.0075346897,0,Low
7000746094,0,0.00753095,0,Low
7001442601,0,0.007529539,0,Low
7001971406,0,0.007525852,0,Low
7001006629,0,0.0075256773,0,Low
7001236000,0,0.007516043,0,Low
7001576567,0,0.0075120702,0,Low
7000582071,0,0.0075117224,0,Low
7001033922,0,0.0075086406,0,Low
7000737387,0,0.0075049284,0,Low
7001388508,0,0.007501409,0,Low
7000416382,0,0.007501367,0,Low
7001272980,0,0.007495774,0,Low
7002150965,0,0.007495135,0,Low
7001027707,0,0.0074895117,0,Low
7001707275,0,0.0074832547,0,Low
7000126261,0,0.007478864,0,Low
7001919576,0,0.0074682813,0,Low
7001506264,0,0.007468101,0,Low
7001912169,0,0.0074680867,0,Low
7000139185,0,0.0074671395,0,Low
7000807788,0,0.0074660582,0,Low
7001927704,0,0.007462741,0,Low
7000327494,0,0.007461434,0,Low
7000281373,0,0.007458211,0,Low
7001364007,0,0.007449416,0,Low
7001190303,0,0.007446444,0,Low
7002275030,0,0.0074439044,0,Low
7001926523,0,0.007436474,0,Low
7002361669,0,0.007435911,0,Low
7002021333,0,0.007435658,0,Low
7000776450,0,0.0074275467,0,Low
7000022409,0,0.0074194404,0,Low
7000652027,0,0.0074088923,0,Low
7001140737,0,0.007406617,0,Low
7002305255,0,0.007406196,0,Low
7002144254,0,0.0074023763,0,Low
7002025167,0,0.00739769,0,Low
7000666587,0,0.007389872,0,Low
7001957778,0,0.0073815277,0,Low
7001654424,0,0.0073809996,0,Low
7002092396,0,0.007374617,0,Low
7001446045,0,0.0073741316,0,Low
7001121768,0,0.0073718387,0,Low
7000500829,0,0.0073710503,0,Low
7000956983,0,0.0073654843,0,Low
7001144359,0,0.0073474264,0,Low
7001461091,0,0.0073424056,0,Low
7002236501,0,0.0073403004,0,Low
7001849294,0,0.00733717,0,Low
7001243798,0,0.0073368303,0,Low
7002291009,0,0.0073326253,0,Low
7000996491,0,0.007325011,0,Low
7001815378,0,0.0073233326,0,Low
7000274281,0,0.0073097292,0,Low
7001304106,0,0.007307685,0,Low
7002194936,0,0.007299232,0,Low
7000128241,0,0.0072883326,0,Low
7002069061,0,0.0072797434,0,Low
7001736232,0,0.0072784377,0,Low
7002215390,0,0.007270431,0,Low
7001463466,0,0.007263837,0,Low
7001501823,0,0.0072597945,0,Low
7002045756,0,0.0072597326,0,Low
7001019238,0,0.0072597293,0,Low
7000813453,0,0.007257647,0,Low
7000176740,0,0.007250964,0,Low
7001572504,0,0.0072481534,0,Low
7000273886,0,0.007245913,0,Low
7002224254,0,0.0072422097,0,Low
7000010065,0,0.007241795,0,Low
7001526593,0,0.007240482,0,Low
7002381060,0,0.00723835,0,Low
7000234200,0,0.007238172,0,Low
7001695632,0,0.00723549,0,Low
7001826031,0,0.0072253686,0,Low
7001005107,0,0.0072158934,0,Low
7000281832,0,0.0072125904,0,Low
7001640324,0,0.007200534,0,Low
7002093519,0,0.0071980976,0,Low
7000818224,0,0.0071823746,0,Low
7002088446,0,0.007180875,0,Low
7002211882,0,0.0071694045,0,Low
7002052795,0,0.0071673715,0,Low
7000106381,0,0.0071632904,0,Low
7000401437,0,0.0071612634,0,Low
7000134349,0,0.007159591,0,Low
7002061779,0,0.0071583004,0,Low
7001426761,0,0.0071499883,0,Low
7000100230,0,0.007148212,0,Low
7000548967,0,0.0071478463,0,Low
7001036458,0,0.0071463473,0,Low
7001500853,0,0.0071432185,0,Low
7001334240,0,0.007139368,0,Low
7002391483,0,0.007128928,0,Low
7001719370,0,0.0071276557,0,Low
7001678670,0,0.007123907,0,Low
7001822440,0,0.007122872,0,Low
7000969730,0,0.0071205758,0,Low
7001757591,0,0.0071009453,0,Low
7001970667,0,0.0070961667,0,Low
7000118566,0,0.0070953737,0,Low
7001287163,0,0.007091075,0,Low
7001548903,0,0.007090927,0,Low
7001925545,0,0.0070887655,0,Low
7000996702,0,0.007087987,0,Low
7000762991,0,0.007082995,0,Low
7001663458,0,0.0070828376,0,Low
7001256048,0,0.007081318,0,Low
7000153127,0,0.0070795985,0,Low
7002329464,0,0.0070688133,0,Low
7001673477,0,0.007058403,0,Low
7002343457,0,0.0070555625,0,Low
7000108423,0,0.0070508705,0,Low
7001675729,0,0.0070475796,0,Low
7001099602,0,0.0070330054,0,Low
7001815855,0,0.0070323898,0,Low
7000563397,0,0.007031304,0,Low
7002101050,0,0.007019352,0,Low
7000757871,0,0.007017405,0,Low
7000857693,0,0.00701236,0,Low
7002084852,0,0.007009578,0,Low
7001632463,0,0.007006668,0,Low
7002161142,0,0.0070054405,0,Low
7000264738,0,0.0070041274,0,Low
7001863155,0,0.007002512,0,Low
7000564765,0,0.007000792,0,Low
7000749506,0,0.006994417,0,Low
7002005383,0,0.0069868793,0,Low
7000618785,0,0.006981634,0,Low
7001646918,0,0.0069780517,0,Low
7000213836,0,0.0069773053,0,Low
7000504254,0,0.0069728065,0,Low
7001034017,0,0.0069687366,0,Low
7000042598,0,0.006964933,0,Low
7000975197,0,0.0069607133,0,Low
7000065893,0,0.0069566006,0,Low
7002163631,0,0.006956235,0,Low
7000185697,0,0.006955754,0,Low
7000916048,0,0.0069460445,0,Low
7002162362,0,0.006944673,0,Low
7002273331,0,0.006937784,0,Low
7000367607,0,0.0069355536,0,Low
7001071367,0,0.006929015,0,Low
7002225618,0,0.0069288863,0,Low
7001048320,0,0.006919191,0,Low
7000508867,0,0.0069074486,0,Low
7001049215,0,0.0069014714,0,Low
7001868733,0,0.006896787,0,Low
7001940447,0,0.0068919645,0,Low
7002332215,0,0.006886395,0,Low
7001231916,0,0.006879153,0,Low
7001313697,0,0.006878205,0,Low
7001246983,0,0.0068779252,0,Low
7001231416,0,0.006873878,0,Low
7001037123,0,0.0068730605,0,Low
7001852217,0,0.006869784,0,Low
7001318554,0,0.0068637645,0,Low
7001287498,0,0.006863755,0,Low
7002162021,0,0.0068631666,0,Low
7002341831,0,0.0068625263,0,Low
7001083569,0,0.006859248,0,Low
7001848168,0,0.0068556727,0,Low
7000946221,0,0.0068532224,0,Low
7000519309,0,0.006845298,0,Low
7002166710,0,0.0068451907,0,Low
7000374364,0,0.0068426593,0,Low
7000984698,0,0.0068411333,0,Low
7000221070,0,0.006840191,0,Low
7000800178,0,0.0068225525,0,Low
7000797713,0,0.0068211793,0,Low
7002219780,0,0.0068158805,0,Low
7001040323,0,0.006814615,0,Low
7001193222,0,0.0068087406,0,Low
7001387523,0,0.006803084,0,Low
7002347038,0,0.0068025487,0,Low
7001037665,0,0.0067979856,0,Low
7001759646,0,0.0067828293,0,Low
7002144062,0,0.0067826197,0,Low
7002138771,0,0.006773892,0,Low
7000624307,0,0.006773247,0,Low
7001871510,0,0.0067703985,0,Low
7001452109,0,0.0067612277,0,Low
7000724506,0,0.0067592105,0,Low
7001452535,0,0.0067534572,0,Low
7001209530,0,0.0067484723,0,Low
7002281456,0,0.0067393756,0,Low
7001618821,0,0.0067289146,0,Low
7000825367,0,0.006726212,0,Low
7001193668,0,0.006724575,0,Low
7001424216,0,0.0067211874,0,Low
7000666469,0,0.0067191785,0,Low
7001968322,0,0.00671739,0,Low
7001516970,0,0.006711828,0,Low
7002058307,0,0.00670871,0,Low
7000441536,0,0.006704981,0,Low
7001277085,0,0.0067041167,0,Low
7001295825,0,0.006699692,0,Low
7000413471,0,0.0066910596,0,Low
7000936149,0,0.006689257,0,Low
7001429371,0,0.006688047,0,Low
7001752200,0,0.0066835433,0,Low
7001191863,0,0.006680746,0,Low
7001112110,0,0.006678338,0,Low
7001624261,0,0.0066766683,0,Low
7002316733,0,0.006668467,0,Low
7000904652,0,0.0066658203,0,Low
7000884416,0,0.0066645388,0,Low
7000319424,0,0.0066627017,0,Low
7002257204,0,0.006662475,0,Low
7001422836,0,0.0066621844,0,Low
7001259865,0,0.0066617834,0,Low
7000608056,0,0.006656926,0,Low
7001462512,0,0.0066423113,0,Low
7000008811,0,0.006638612,0,Low
7002250862,0,0.0066339946,0,Low
7001459593,0,0.0066336645,0,Low
7001592443,0,0.0066332845,0,Low
7002226852,0,0.006628262,0,Low
7002354386,0,0.0066251075,0,Low
7001191242,0,0.0066232593,0,Low
7000748458,0,0.006616477,0,Low
7000685100,0,0.0066157565,0,Low
7000898866,0,0.006615214,0,Low
7001602896,0,0.0066142487,0,Low
7001556200,0,0.006607735,0,Low
7000974995,0,0.0066012912,0,Low
7001819052,0,0.0065978896,0,Low
7001904386,0,0.006589619,0,Low
7001397763,0,0.006588607,0,Low
7002261582,0,0.006585328,0,Low
7001115744,0,0.006565319,0,Low
7002194579,0,0.0065591917,0,Low
7002264049,0,0.0065518725,0,Low
7002304974,0,0.0065461053,0,Low
7002033670,0,0.00653767,0,Low
7001678928,0,0.006534211,0,Low
7001816744,0,0.0065289694,0,Low
7001345055,0,0.0065247677,0,Low
7000881217,0,0.0065228543,0,Low
7000998220,0,0.006495817,0,Low
7002404838,0,0.006492756,0,Low
7001641405,0,0.006481078,0,Low
7002016127,0,0.0064785574,0,Low
7000230642,0,0.0064769248,0,Low
7001662991,0,0.006476836,0,Low
7001578505,0,0.0064714346,0,Low
7000793881,0,0.0064675086,0,Low
7001631934,0,0.006466865,0,Low
7000305501,0,0.0064555393,0,Low
7001471454,0,0.006450944,0,Low
7001375631,0,0.0064506107,0,Low
7001142082,0,0.0064496915,0,Low
7001628779,0,0.006447583,0,Low
7001653831,0,0.0064431434,0,Low
7001710905,0,0.006440421,0,Low
7000767743,0,0.006440018,0,Low
7002270210,0,0.006437746,0,Low
7002327435,0,0.006434751,0,Low
7001589174,0,0.0064307926,0,Low
7000392555,0,0.0064230645,0,Low
7001846004,0,0.006414665,0,Low
7002242443,0,0.0064102113,0,Low
7001509293,0,0.0064052017,0,Low
7000802145,0,0.0063936077,0,Low
7000057480,0,0.006391248,0,Low
7000868482,0,0.0063824425,0,Low
7000730965,0,0.0063816714,0,Low
7001906688,0,0.006381285,0,Low
7000450239,0,0.0063748113,0,Low
7002152737,0,0.006362151,0,Low
7000819773,0,0.006361816,0,Low
7002217864,0,0.0063566216,0,Low
7000091372,0,0.0063562063,0,Low
7002334055,0,0.00635523,0,Low
7000697019,0,0.006341866,0,Low
7001423648,0,0.0063416017,0,Low
7000610494,0,0.006339507,0,Low
7001573415,0,0.006311873,0,Low
7001312065,0,0.0063079563,0,Low
7000741929,0,0.0063065547,0,Low
7000906210,0,0.006302832,0,Low
7002234116,0,0.0062970174,0,Low
7000464480,0,0.006289416,0,Low
7000107924,0,0.0062857484,0,Low
7000446344,0,0.0062839147,0,Low
7001007460,0,0.0062835035,0,Low
7001818293,0,0.0062813754,0,Low
7000849530,0,0.006280384,0,Low
7000002665,0,0.0062753027,0,Low
7001609286,0,0.0062745777,0,Low
7002296889,0,0.006270586,0,Low
7001639859,0,0.006248924,0,Low
7002187735,0,0.006243001,0,Low
7001750512,0,0.0062389052,0,Low
7001750617,0,0.006223321,0,Low
7000273287,0,0.006218737,0,Low
7001178764,0,0.0062163095,0,Low
7001936178,0,0.006215685,0,Low
7000451396,0,0.0062112096,0,Low
7000238995,0,0.0062104003,0,Low
7001268950,0,0.0062023182,0,Low
7001481685,0,0.0062011485,0,Low
7001048643,0,0.0061751283,0,Low
7001759080,0,0.006173759,0,Low
7001937936,0,0.0061635976,0,Low
7000607567,0,0.0061623063,0,Low
7002290642,0,0.006156212,0,Low
7000092101,0,0.0061559323,0,Low
7001460321,0,0.0061544823,0,Low
7001028688,0,0.0061496277,0,Low
7000363588,0,0.0061477283,0,Low
7002086935,0,0.0061411965,0,Low
7000097783,0,0.006132292,0,Low
7001499288,0,0.006123855,0,Low
7001979532,0,0.006118558,0,Low
7002030104,0,0.0061185258,0,Low
7001474439,0,0.0061167516,0,Low
7001348151,0,0.0060874587,0,Low
7001800313,0,0.006086394,0,Low
7001740279,0,0.0060858033,0,Low
7000018324,0,0.006081853,0,Low
7001796978,0,0.0060798214,0,Low
7000244359,0,0.006071503,0,Low
7002193444,0,0.0060643675,0,Low
7001512755,0,0.006063715,0,Low
7001227037,0,0.0060630883,0,Low
7000640324,0,0.0060622953,0,Low
7002232579,0,0.0060614306,0,Low
7001109381,0,0.006056397,0,Low
7001540911,0,0.0060561383,0,Low
7001005118,0,0.0060508996,0,Low
7000819177,0,0.006040052,0,Low
7001691607,0,0.006036792,0,Low
7000640784,0,0.0060330904,0,Low
7001818992,0,0.006030829,0,Low
7001168350,0,0.0060294713,0,Low
7001758678,0,0.0060240356,0,Low
7001316147,0,0.0060164374,0,Low
7002309074,0,0.006009167,0,Low
7000822972,0,0.006008723,0,Low
7000302403,0,0.00599973,0,Low
7001600230,0,0.0059957723,0,Low
7001143207,0,0.005988479,0,Low
7000200685,0,0.0059881844,0,Low
7001414729,0,0.0059829694,0,Low
7001052451,0,0.005979468,0,Low
7001977955,0,0.0059720785,0,Low
7000020911,0,0.005971059,0,Low
7000985787,0,0.0059693106,0,Low
7001592767,0,0.005963677,0,Low
7000092683,0,0.0059548076,0,Low
7000810206,0,0.005943325,0,Low
7002104776,0,0.005938206,0,Low
7002079212,0,0.0059367674,0,Low
7000073742,0,0.0059193852,0,Low
7001750762,0,0.005918698,0,Low
7000529118,0,0.0059176907,0,Low
7001826668,0,0.0059155175,0,Low
7001207005,0,0.0059110573,0,Low
7001222461,0,0.0059102955,0,Low
7000800610,0,0.0058978805,0,Low
7000996094,0,0.0058953287,0,Low
7001851385,0,0.0058916803,0,Low
7002379798,0,0.0058769025,0,Low
7002266932,0,0.005867491,0,Low
7000950262,0,0.0058667315,0,Low
7000473856,0,0.005865441,0,Low
7001335293,0,0.0058612945,0,Low
7000978315,0,0.0058611967,0,Low
7000387153,0,0.005856481,0,Low
7000437715,0,0.005855024,0,Low
7001904956,0,0.0058536306,0,Low
7001997123,0,0.005852202,0,Low
7000348688,0,0.0058489596,0,Low
7001880077,0,0.0058488348,0,Low
7001570653,0,0.005844979,0,Low
7001590391,0,0.0058425693,0,Low
7001354514,0,0.0058372067,0,Low
7000341066,0,0.005836269,0,Low
7002127630,0,0.0058346004,0,Low
7000888625,0,0.0058331573,0,Low
7001682193,0,0.0058311555,0,Low
7001233454,0,0.0058279745,0,Low
7000932502,0,0.00581967,0,Low
7000661951,0,0.005815059,0,Low
7001769968,0,0.005809744,0,Low
7002124257,0,0.0058068167,0,Low
7001067886,0,0.0058018635,0,Low
7002134977,0,0.005799452,0,Low
7001720461,0,0.0057975114,0,Low
7001534699,0,0.005791929,0,Low
7000810540,0,0.0057833297,0,Low
7000640156,0,0.005773539,0,Low
7000181742,0,0.0057717003,0,Low
7001030482,0,0.005769692,0,Low
7000673226,0,0.0057675396,0,Low
7000398280,0,0.005766168,0,Low
7001541634,0,0.00576415,0,Low
7001356677,0,0.005758507,0,Low
7001580714,0,0.0057561295,0,Low
7001558008,0,0.0057459953,0,Low
7001948024,0,0.005741045,0,Low
7000073426,0,0.005738016,0,Low
7001165306,0,0.005736673,0,Low
7000665744,0,0.0057333093,0,Low
7000720812,0,0.0057250326,0,Low
7000709509,0,0.0057019265,0,Low
7000459355,0,0.005700186,0,Low
7001555431,0,0.0056975703,0,Low
7000934365,0,0.0056974865,0,Low
7001318387,0,0.005693965,0,Low
7000286629,0,0.0056867804,0,Low
7000479082,0,0.005686319,0,Low
7000062647,0,0.0056847017,0,Low
7000110120,0,0.0056706904,0,Low
7002076345,0,0.0056701256,0,Low
7000618968,0,0.0056693302,0,Low
7001202232,0,0.0056678844,0,Low
7000358101,0,0.0056563187,0,Low
7000190088,0,0.0056445734,0,Low
7000591378,0,0.0056440863,0,Low
7001353251,0,0.0056431205,0,Low
7001195580,0,0.0056387745,0,Low
7000442750,0,0.0056378813,0,Low
7001735604,0,0.005628661,0,Low
7002025838,0,0.005622923,0,Low
7000293463,0,0.005621806,0,Low
7000121606,0,0.005618912,0,Low
7001897999,0,0.0056068744,0,Low
7000156205,0,0.0055976007,0,Low
7001651108,0,0.0055872803,0,Low
7000019966,0,0.005579105,0,Low
7001648301,0,0.005575606,0,Low
7000645919,0,0.005571079,0,Low
7001865571,0,0.00557054,0,Low
7001533069,0,0.0055638957,0,Low
7000727246,0,0.005562685,0,Low
7001124820,0,0.005561511,0,Low
7001975699,0,0.005559199,0,Low
7001410406,0,0.0055540525,0,Low
7002076656,0,0.005548417,0,Low
7001158825,0,0.0055451426,0,Low
7002341524,0,0.005543118,0,Low
7001054582,0,0.0055393633,0,Low
7000191043,0,0.005525121,0,Low
7000981725,0,0.005522313,0,Low
7001389512,0,0.0055157985,0,Low
7000853613,0,0.0055138636,0,Low
7000011100,0,0.0055128965,0,Low
7000889278,0,0.0055104448,0,Low
7000688845,0,0.0054967194,0,Low
7000732866,0,0.00549656,0,Low
7002013162,0,0.0054953326,0,Low
7000174942,0,0.0054934225,0,Low
7000482253,0,0.0054934225,0,Low
7001809853,0,0.0054921415,0,Low
7001251702,0,0.005489678,0,Low
7001231279,0,0.0054883477,0,Low
7000142613,0,0.005487143,0,Low
7001124143,0,0.0054848795,0,Low
7001517700,0,0.005464914,0,Low
7000872915,0,0.0054634106,0,Low
7001285893,0,0.005463079,0,Low
7001263540,0,0.0054626074,0,Low
7002145381,0,0.0054606935,0,Low
7000832985,0,0.005449624,0,Low
7000049351,0,0.0054495125,0,Low
7001054729,0,0.005449171,0,Low
7001529807,0,0.005441556,0,Low
7002152078,0,0.005440575,0,Low
7001231457,0,0.0054391203,0,Low
7001605158,0,0.0054364614,0,Low
7000562833,0,0.005434477,0,Low
7001367322,0,0.0054326574,0,Low
7001543776,0,0.005420346,0,Low
7001182987,0,0.0054200813,0,Low
7001836818,0,0.005419459,0,Low
7002174576,0,0.005417773,0,Low
7000650479,0,0.0054104216,0,Low
7002087075,0,0.0054064873,0,Low
7001183256,0,0.0054015,0,Low
7000380967,0,0.0053900657,0,Low
7001429596,0,0.0053886604,0,Low
7001673091,0,0.005388346,0,Low
7002200411,0,0.005385556,0,Low
7000062064,0,0.0053806542,0,Low
7002287719,0,0.005378909,0,Low
7002402550,0,0.005375173,0,Low
7000588473,0,0.005370268,0,Low
7000800466,0,0.005369058,0,Low
7001658429,0,0.005365026,0,Low
7001539496,0,0.005360946,0,Low
7000501815,0,0.0053565977,0,Low
7000146006,0,0.005353672,0,Low
7001757023,0,0.005352638,0,Low
7000398017,0,0.005348941,0,Low
7001310692,0,0.0053476575,0,Low
7000066710,0,0.0053443154,0,Low
7001740525,0,0.0053404155,0,Low
7000065110,0,0.0053292424,0,Low
7002129340,0,0.00530739,0,Low
7000822704,0,0.005307236,0,Low
7000465784,0,0.005306247,0,Low
7001115353,0,0.00529825,0,Low
7000788845,0,0.005297433,0,Low
7002261511,0,0.005293844,0,Low
7001053837,0,0.0052906787,0,Low
7000805329,0,0.0052896496,0,Low
7001481851,0,0.0052871015,0,Low
7000570803,0,0.005285306,0,Low
7001674284,0,0.005281171,0,Low
7000798707,0,0.005281078,0,Low
7001676046,0,0.00527545,0,Low
7002288067,0,0.005268596,0,Low
7000600143,0,0.005262814,0,Low
7000428302,0,0.005260688,0,Low
7000432947,0,0.0052513513,0,Low
7001128992,0,0.0052493685,0,Low
7001509058,0,0.0052408623,0,Low
7001550156,0,0.005229097,0,Low
7001343151,0,0.005220079,0,Low
7000114326,0,0.0052189645,0,Low
7001373025,0,0.0052180164,0,Low
7001202132,0,0.005217655,0,Low
7001741105,0,0.005215653,0,Low
7001140581,0,0.0052094394,0,Low
7001816284,0,0.005208743,0,Low
7001256992,0,0.0052077547,0,Low
7000037515,0,0.0052044927,0,Low
7000407068,0,0.005201661,0,Low
7001614795,0,0.0051918305,0,Low
7001301367,0,0.00519054,0,Low
7001760769,0,0.0051896637,0,Low
7000805841,0,0.0051831636,0,Low
7000073805,0,0.00518002,0,Low
7001421684,0,0.005172268,0,Low
7000788166,0,0.005168626,0,Low
7000280617,0,0.005167417,0,Low
7001069341,0,0.0051668854,0,Low
7000140776,0,0.005163783,0,Low
7000709804,0,0.005162762,0,Low
7001494144,0,0.0051621594,0,Low
7000670907,0,0.005159295,0,Low
7001330048,0,0.005157966,0,Low
7001049149,0,0.0051572374,0,Low
7002368744,0,0.0051559014,0,Low
7002053132,0,0.005154838,0,Low
7000899718,0,0.0051544663,0,Low
7000257356,0,0.005145886,0,Low
7000723240,0,0.005143948,0,Low
7001095118,0,0.0051436066,0,Low
7002023786,0,0.0051402426,0,Low
7001930899,0,0.005140223,0,Low
7000424230,0,0.005139389,0,Low
7002044322,0,0.005139243,0,Low
7000554151,0,0.0051366277,0,Low
7001199173,0,0.005132548,0,Low
7000458332,0,0.005129391,0,Low
7001136926,0,0.0051279725,0,Low
7000243273,0,0.005124889,0,Low
7002143394,0,0.0051217196,0,Low
7001423813,0,0.0051134625,0,Low
7000930269,0,0.0051131104,0,Low
7000280403,0,0.0051127733,0,Low
7001930828,0,0.005108048,0,Low
7001208416,0,0.005107086,0,Low
7001047117,0,0.005106052,0,Low
7001064703,0,0.0051043686,0,Low
7002218315,0,0.005101517,0,Low
7002213170,0,0.0050996705,0,Low
7000152168,0,0.0050969957,0,Low
7000521147,0,0.0050946483,0,Low
7002072087,0,0.005093152,0,Low
7000286024,0,0.0050926036,0,Low
7000974046,0,0.005076361,0,Low
7002261426,0,0.005074268,0,Low
7001587660,0,0.005067561,0,Low
7002385544,0,0.005067186,0,Low
7000827577,0,0.0050656716,0,Low
7001725996,0,0.005065489,0,Low
7001016463,0,0.0050615952,0,Low
7000037571,0,0.0050603845,0,Low
7001394778,0,0.005059374,0,Low
7001447986,0,0.0050588055,0,Low
7001244828,0,0.0050539644,0,Low
7001739360,0,0.005053921,0,Low
7001558753,0,0.005048012,0,Low
7001986640,0,0.0050476026,0,Low
7001264713,0,0.0050466713,0,Low
7001229226,0,0.0050433893,0,Low
7000715869,0,0.0050421883,0,Low
7000729300,0,0.0050403923,0,Low
7001605532,0,0.005039053,0,Low
7000135313,0,0.005037772,0,Low
7001949570,0,0.005037057,0,Low
7000849794,0,0.0050365482,0,Low
7000778287,0,0.0050331373,0,Low
7001942078,0,0.005027956,0,Low
7002201992,0,0.005024927,0,Low
7001755452,0,0.0050223866,0,Low
7000807418,0,0.0050170207,0,Low
7002248959,0,0.0050149453,0,Low
7002333610,0,0.005007979,0,Low
7001568028,0,0.0050054872,0,Low
7001411840,0,0.005005252,0,Low
7000816409,0,0.0050045946,0,Low
7000655119,0,0.005003635,0,Low
7001533752,0,0.0049835797,0,Low
7001303814,0,0.0049832296,0,Low
7000069330,0,0.0049774684,0,Low
7001817849,0,0.0049735853,0,Low
7000633355,0,0.004973368,0,Low
7000732235,0,0.0049733184,0,Low
7002347167,0,0.004962872,0,Low
7000849723,0,0.004958781,0,Low
7001278463,0,0.004957444,0,Low
7000272310,0,0.004957061,0,Low
7002360064,0,0.0049540373,0,Low
7000471573,0,0.004952392,0,Low
7002092406,0,0.004949183,0,Low
7001820744,0,0.0049465494,0,Low
7000463530,0,0.0049458593,0,Low
7000329897,0,0.0049409666,0,Low
7002080525,0,0.00492635,0,Low
7000030108,0,0.004920864,0,Low
7002282558,0,0.004919085,0,Low
7002377726,0,0.0049162013,0,Low
7002219706,0,0.0049050776,0,Low
7002335310,0,0.004903116,0,Low
7000069309,0,0.004901204,0,Low
7001144403,0,0.0048985346,0,Low
7001726732,0,0.0048973495,0,Low
7000422783,0,0.0048956047,0,Low
7001371759,0,0.004893412,0,Low
7000148635,0,0.0048893085,0,Low
7000656380,0,0.004888745,0,Low
7000694116,0,0.0048881858,0,Low
7000634841,0,0.0048859506,0,Low
7000759105,0,0.0048828125,0,Low
7000309290,0,0.0048757857,0,Low
7001444397,0,0.00487474,0,Low
7001378942,0,0.004870629,0,Low
7000595827,0,0.0048699677,0,Low
7001007067,0,0.004861497,0,Low
7002186364,0,0.0048597157,0,Low
7000246578,0,0.0048579844,0,Low
7001769228,0,0.004857678,0,Low
7000074591,0,0.0048496975,0,Low
7001672684,0,0.004849161,0,Low
7000224875,0,0.0048481994,0,Low
7001764593,0,0.004846812,0,Low
7001977022,0,0.004839226,0,Low
7001924905,0,0.0048377593,0,Low
7001891690,0,0.004833507,0,Low
7001658524,0,0.0048311064,0,Low
7001021413,0,0.004826182,0,Low
7002048577,0,0.0048255706,0,Low
7001856146,0,0.0048249867,0,Low
7002304399,0,0.004822192,0,Low
7001850882,0,0.0048155007,0,Low
7000781848,0,0.0048131845,0,Low
7001499370,0,0.004811401,0,Low
7000972162,0,0.004808534,0,Low
7001827060,0,0.0048075984,0,Low
7001313473,0,0.004800071,0,Low
7001769196,0,0.004799896,0,Low
7000064524,0,0.004799463,0,Low
7001996126,0,0.004788886,0,Low
7001302483,0,0.0047848606,0,Low
7001963857,0,0.0047825496,0,Low
7000521515,0,0.0047822865,0,Low
7001996769,0,0.0047811293,0,Low
7000167817,0,0.0047795866,0,Low
7001697838,0,0.004779042,0,Low
7000781332,0,0.0047780126,0,Low
7001055689,0,0.004776424,0,Low
7001078018,0,0.0047709118,0,Low
7001077621,0,0.004770715,0,Low
7000194932,0,0.004761457,0,Low
7000627608,0,0.004759702,0,Low
7001022033,0,0.004759074,0,Low
7002001799,0,0.004756078,0,Low
7002128931,0,0.004751478,0,Low
7001333153,0,0.004750468,0,Low
7000929464,0,0.0047487705,0,Low
7000611413,0,0.004745724,0,Low
7001292592,0,0.004744673,0,Low
7001072870,0,0.0047378126,0,Low
7001983020,0,0.0047315387,0,Low
7000247076,0,0.004729738,0,Low
7002224206,0,0.0047290963,0,Low
7001594877,0,0.0047279317,0,Low
7000202203,0,0.004722904,0,Low
7000471124,0,0.0047211917,0,Low
7001481525,0,0.0047106454,0,Low
7000357829,0,0.004706757,0,Low
7002271094,0,0.004704868,0,Low
7000420156,0,0.004693605,0,Low
7000011523,0,0.004693202,0,Low
7001358305,0,0.0046909996,0,Low
7001811637,0,0.0046908148,0,Low
7001013620,0,0.004687859,0,Low
7000556134,0,0.0046830894,0,Low
7000522096,0,0.0046830093,0,Low
7001092639,0,0.0046767257,0,Low
7002131606,0,0.0046761576,0,Low
7000019148,0,0.0046745953,0,Low
7001474802,0,0.00466989,0,Low
7001463602,0,0.0046696085,0,Low
7001128963,0,0.0046661324,0,Low
7002162983,0,0.0046630395,0,Low
7000366774,0,0.004658965,0,Low
7000104134,0,0.0046577533,0,Low
7000561554,0,0.0046558017,0,Low
7001592573,0,0.0046536364,0,Low
7002236308,0,0.0046490803,0,Low
7002268913,0,0.0046484447,0,Low
7001130436,0,0.0046418705,0,Low
7001338689,0,0.0046367706,0,Low
7002066304,0,0.0046315114,0,Low
7001165209,0,0.0046185227,0,Low
7002079634,0,0.004618152,0,Low
7001841556,0,0.004617488,0,Low
7000263945,0,0.004610119,0,Low
7000361525,0,0.0046100537,0,Low
7001818871,0,0.0046056993,0,Low
7001363438,0,0.004605651,0,Low
7001936945,0,0.004604941,0,Low
7001171986,0,0.0045991694,0,Low
7001828517,0,0.0045911954,0,Low
7002164957,0,0.004589542,0,Low
7000296012,0,0.0045869807,0,Low
7000362474,0,0.004585729,0,Low
7001895463,0,0.0045827306,0,Low
7001118120,0,0.004576168,0,Low
7001132033,0,0.004571379,0,Low
7002321680,0,0.004566456,0,Low
7000415768,0,0.0045637046,0,Low
7000851970,0,0.0045494298,0,Low
7000351333,0,0.00454734,0,Low
7001062662,0,0.004546265,0,Low
7000144110,0,0.004545667,0,Low
7001288956,0,0.0045453887,0,Low
7001424411,0,0.0045388904,0,Low
7001245858,0,0.0045388495,0,Low
7001676760,0,0.004538352,0,Low
7001728803,0,0.0045374474,0,Low
7001217060,0,0.0045345253,0,Low
7000600254,0,0.004534106,0,Low
7001230793,0,0.0045322315,0,Low
7000707025,0,0.004526736,0,Low
7000593209,0,0.0045259264,0,Low
7001879431,0,0.0045220973,0,Low
7002101332,0,0.0045209425,0,Low
7000446297,0,0.00451845,0,Low
7000099478,0,0.004518171,0,Low
7001610587,0,0.004516434,0,Low
7000719354,0,0.0045157177,0,Low
7000543265,0,0.004512767,0,Low
7001219912,0,0.004510694,0,Low
7000254507,0,0.004507715,0,Low
7001284450,0,0.004504632,0,Low
7001048272,0,0.004494905,0,Low
7001976806,0,0.0044937935,0,Low
7000063062,0,0.00449303,0,Low
7000089149,0,0.0044880584,0,Low
7002250503,0,0.0044868723,0,Low
7000294215,0,0.004486804,0,Low
7002202859,0,0.0044798683,0,Low
7000645256,0,0.00447876,0,Low
7000934302,0,0.004474912,0,Low
7001678186,0,0.0044736476,0,Low
7002169022,0,0.0044716964,0,Low
7001405124,0,0.0044643558,0,Low
7000423238,0,0.0044636717,0,Low
7002209000,0,0.0044629425,0,Low
7000279924,0,0.0044586714,0,Low
7001007240,0,0.0044575473,0,Low
7002292280,0,0.0044559184,0,Low
7000815980,0,0.004455242,0,Low
7001140532,0,0.0044531464,0,Low
7000364641,0,0.004451016,0,Low
7001523225,0,0.004450532,0,Low
7002293763,0,0.0044480017,0,Low
7001257162,0,0.0044471617,0,Low
7001593287,0,0.004446317,0,Low
7000789485,0,0.004442933,0,Low
7001410357,0,0.0044415724,0,Low
7002344832,0,0.00444051,0,Low
7000200202,0,0.004439854,0,Low
7001506501,0,0.004434121,0,Low
7002322505,0,0.0044335485,0,Low
7001830823,0,0.004430113,0,Low
7000589458,0,0.004428136,0,Low
7000916031,0,0.0044280626,0,Low
7000248598,0,0.004426747,0,Low
7000305474,0,0.0044252025,0,Low
7002364088,0,0.0044202916,0,Low
7002397517,0,0.00441191,0,Low
7001987726,0,0.0044104396,0,Low
7000949530,0,0.004409006,0,Low
7002150207,0,0.004408623,0,Low
7001809941,0,0.0044069886,0,Low
7001504009,0,0.0044021793,0,Low
7002002852,0,0.004401561,0,Low
7000344395,0,0.0043996656,0,Low
7001758577,0,0.004395737,0,Low
7002387171,0,0.004394954,0,Low
7001056228,0,0.004389404,0,Low
7001875035,0,0.0043891617,0,Low
7001673066,0,0.004387745,0,Low
7001416448,0,0.004384859,0,Low
7002060624,0,0.004382307,0,Low
7000024479,0,0.004381596,0,Low
7002347208,0,0.0043809097,0,Low
7000517639,0,0.0043759295,0,Low
7002109221,0,0.004375011,0,Low
7001736587,0,0.0043726293,0,Low
7000040047,0,0.0043725003,0,Low
7000480302,0,0.004371071,0,Low
7001181725,0,0.0043682843,0,Low
7001951068,0,0.004368054,0,Low
7002195385,0,0.004366431,0,Low
7001424148,0,0.0043656477,0,Low
7000489756,0,0.0043649073,0,Low
7000219096,0,0.004363573,0,Low
7000596966,0,0.0043630614,0,Low
7000472995,0,0.004359273,0,Low
7000036614,0,0.0043527293,0,Low
7001369539,0,0.004348152,0,Low
7001163726,0,0.0043459004,0,Low
7001993517,0,0.004340764,0,Low
7000696917,0,0.004340496,0,Low
7001147263,0,0.004339307,0,Low
7002396007,0,0.004339052,0,Low
7000805621,0,0.004331321,0,Low
7002113059,0,0.0043276106,0,Low
7001092845,0,0.0043237456,0,Low
7000758435,0,0.00431947,0,Low
7001918554,0,0.004318834,0,Low
7002350806,0,0.0043111355,0,Low
7002353915,0,0.004307655,0,Low
7000266539,0,0.0043049194,0,Low
7002299782,0,0.0043040244,0,Low
7000780703,0,0.0043036197,0,Low
7000818819,0,0.004297335,0,Low
7001121854,0,0.004294559,0,Low
7001548482,0,0.004292826,0,Low
7000865559,0,0.0042913305,0,Low
7002048352,0,0.0042882813,0,Low
7001393586,0,0.0042839753,0,Low
7002129699,0,0.0042833383,0,Low
7002400179,0,0.0042821732,0,Low
7001016419,0,0.0042777844,0,Low
7000446552,0,0.004277443,0,Low
7000390226,0,0.0042725326,0,Low
7000055855,0,0.0042711273,0,Low
7000814818,0,0.004270377,0,Low
7001088515,0,0.0042656716,0,Low
7001584738,0,0.0042645275,0,Low
7000528404,0,0.0042577414,0,Low
7002125450,0,0.0042483574,0,Low
7001680147,0,0.004247236,0,Low
7000042943,0,0.0042470424,0,Low
7001711538,0,0.004244726,0,Low
7002359145,0,0.0042434665,0,Low
7001992427,0,0.0042353426,0,Low
7000409569,0,0.0042347875,0,Low
7002232673,0,0.0042324373,0,Low
7000045967,0,0.0042278077,0,Low
7001601043,0,0.0042241737,0,Low
7001575205,0,0.0042223753,0,Low
7000600347,0,0.0042221104,0,Low
7000595050,0,0.0042210463,0,Low
7002293107,0,0.004218734,0,Low
7000219369,0,0.004215708,0,Low
7001868057,0,0.0042149974,0,Low
7002227324,0,0.0042124125,0,Low
7001125317,0,0.004208356,0,Low
7000349909,0,0.0042079426,0,Low
7000501673,0,0.004201374,0,Low
7002382705,0,0.004199274,0,Low
7001408653,0,0.0041990182,0,Low
7001040129,0,0.0041981195,0,Low
7000556652,0,0.0041980296,0,Low
7000559947,0,0.004197709,0,Low
7000517161,0,0.00418519,0,Low
7001197201,0,0.00418339,0,Low
7000133277,0,0.00418137,0,Low
7000172824,0,0.0041810805,0,Low
7001162426,0,0.0041790893,0,Low
7002294806,0,0.00417827,0,Low
7000077875,0,0.004173418,0,Low
7002183081,0,0.0041705077,0,Low
7001254253,0,0.004164403,0,Low
7000362650,0,0.004152736,0,Low
7001137904,0,0.004150579,0,Low
7001279376,0,0.004149754,0,Low
7001017506,0,0.004148331,0,Low
7000522628,0,0.0041461885,0,Low
7001146952,0,0.0041460446,0,Low
7000802909,0,0.004145218,0,Low
7001403745,0,0.0041444935,0,Low
7000685077,0,0.0041383305,0,Low
7002095144,0,0.004136132,0,Low
7001702214,0,0.004135433,0,Low
7001619541,0,0.004135101,0,Low
7001180199,0,0.0041224766,0,Low
7001361349,0,0.00411958,0,Low
7000702014,0,0.004118479,0,Low
7001646662,0,0.004116027,0,Low
7001778733,0,0.0041147135,0,Low
7000397230,0,0.0041139596,0,Low
7001781959,0,0.0041110907,0,Low
7001771613,0,0.004106334,0,Low
7000024456,0,0.0041029383,0,Low
7002369398,0,0.0040996703,0,Low
7001067248,0,0.0040982435,0,Low
7002360884,0,0.0040973774,0,Low
7000053062,0,0.004092275,0,Low
7000395788,0,0.0040910332,0,Low
7000985988,0,0.0040900814,0,Low
7000261646,0,0.0040899087,0,Low
7000679221,0,0.00408886,0,Low
7001162932,0,0.004082659,0,Low
7002341818,0,0.004079215,0,Low
7000298685,0,0.004078477,0,Low
7002176562,0,0.00407286,0,Low
7001335907,0,0.004072239,0,Low
7001145163,0,0.0040707774,0,Low
7000818128,0,0.0040700603,0,Low
7000422090,0,0.0040697665,0,Low
7000887069,0,0.00406899,0,Low
7000394946,0,0.0040673786,0,Low
7002159687,0,0.0040623536,0,Low
7001814524,0,0.0040556956,0,Low
7000725160,0,0.0040545207,0,Low
7001006104,0,0.0040538106,0,Low
7000989957,0,0.004050908,0,Low
7001666123,0,0.004046847,0,Low
7001142544,0,0.0040460476,0,Low
7000100409,0,0.0040440406,0,Low
7000898060,0,0.0040422296,0,Low
7002271859,0,0.0040387562,0,Low
7001286751,0,0.004038275,0,Low
7000934193,0,0.0040375753,0,Low
7001930935,0,0.0040375576,0,Low
7000547541,0,0.0040337574,0,Low
7001033581,0,0.004030854,0,Low
7000700032,0,0.0040261247,0,Low
7000302957,0,0.0040243603,0,Low
7002156670,0,0.004022169,0,Low
7001210639,0,0.004021363,0,Low
7001794083,0,0.0040206276,0,Low
7000702502,0,0.004019633,0,Low
7000047212,0,0.004019612,0,Low
7000918788,0,0.004013809,0,Low
7001461884,0,0.004009063,0,Low
7001773305,0,0.004007626,0,Low
7001391132,0,0.004007491,0,Low
7002385237,0,0.0040074526,0,Low
7000187029,0,0.0040051294,0,Low
7002283460,0,0.0039987946,0,Low
7001325899,0,0.003995854,0,Low
7001549289,0,0.0039934576,0,Low
7001340599,0,0.003992657,0,Low
7001951169,0,0.0039904187,0,Low
7001100154,0,0.003990244,0,Low
7002114920,0,0.0039898083,0,Low
7001928427,0,0.003989073,0,Low
7000157529,0,0.003988088,0,Low
7001058697,0,0.0039879708,0,Low
7002350453,0,0.0039874613,0,Low
7002194564,0,0.003985227,0,Low
7001858139,0,0.003982953,0,Low
7001377721,0,0.0039783283,0,Low
7000049768,0,0.0039758766,0,Low
7001905524,0,0.0039748685,0,Low
7002325350,0,0.003973121,0,Low
7001045106,0,0.0039724167,0,Low
7000207994,0,0.0039691995,0,Low
7000833227,0,0.003968221,0,Low
7002258646,0,0.003966245,0,Low
7000053066,0,0.0039646514,0,Low
7000473695,0,0.003962306,0,Low
7001020274,0,0.003961783,0,Low
7000514933,0,0.003958704,0,Low
7002261570,0,0.0039573824,0,Low
7002328523,0,0.0039572264,0,Low
7001514663,0,0.0039568935,0,Low
7001642333,0,0.003955888,0,Low
7000858218,0,0.0039530126,0,Low
7001356043,0,0.003952778,0,Low
7001221982,0,0.003948712,0,Low
7001176567,0,0.0039455025,0,Low
7000107710,0,0.003944472,0,Low
7001749567,0,0.0039436645,0,Low
7001023209,0,0.0039421907,0,Low
7002005636,0,0.003941112,0,Low
7000110900,0,0.0039405394,0,Low
7000343006,0,0.003937647,0,Low
7002280312,0,0.003933391,0,Low
7002000796,0,0.003932388,0,Low
7001247769,0,0.003924046,0,Low
7000048080,0,0.0039228927,0,Low
7002363726,0,0.0039227935,0,Low
7001835359,0,0.0039218995,0,Low
7001808264,0,0.0039206794,0,Low
7000936187,0,0.003920512,0,Low
7001034935,0,0.0039182557,0,Low
7002074028,0,0.0039156605,0,Low
7000831331,0,0.0039150375,0,Low
7000884840,0,0.003913669,0,Low
7002354661,0,0.00390712,0,Low
7001441138,0,0.0039019312,0,Low
7000292756,0,0.0038944765,0,Low
7002274864,0,0.0038937295,0,Low
7001121969,0,0.0038911542,0,Low
7000859548,0,0.0038909027,0,Low
7001878274,0,0.0038871677,0,Low
7001628637,0,0.0038859844,0,Low
7000497500,0,0.003883248,0,Low
7000514702,0,0.0038792677,0,Low
7001751359,0,0.0038779615,0,Low
7001186122,0,0.003877383,0,Low
7002222456,0,0.003877177,0,Low
7001708952,0,0.0038698763,0,Low
7000662279,0,0.0038691428,0,Low
7002087444,0,0.0038667396,0,Low
7001772770,0,0.0038667396,0,Low
7000507634,0,0.0038613088,0,Low
7002316150,0,0.003861129,0,Low
7001133000,0,0.003860579,0,Low
7001381603,0,0.0038603607,0,Low
7002396845,0,0.0038591854,0,Low
7000883885,0,0.0038564058,0,Low
7001194194,0,0.003855869,0,Low
7000098235,0,0.003854278,0,Low
7001231754,0,0.0038529197,0,Low
7002109574,0,0.0038526158,0,Low
7001241165,0,0.003852312,0,Low
7001714873,0,0.0038509034,0,Low
7001554970,0,0.0038490142,0,Low
7001670513,0,0.0038485846,0,Low
7000854092,0,0.0038472412,0,Low
7001042599,0,0.0038472286,0,Low
7000223914,0,0.0038471464,0,Low
7001200028,0,0.0038360276,0,Low
7002135257,0,0.0038298413,0,Low
7002147116,0,0.0038285733,0,Low
7000760454,0,0.003827597,0,Low
7002133554,0,0.0038264424,0,Low
7001487345,0,0.0038220445,0,Low
7001481391,0,0.003821322,0,Low
7000847582,0,0.0038153403,0,Low
7000697287,0,0.0038150777,0,Low
7000828341,0,0.0038141008,0,Low
7001758970,0,0.0038130537,0,Low
7000109212,0,0.0038124092,0,Low
7000572263,0,0.003811873,0,Low
7000793971,0,0.0038077452,0,Low
7000421297,0,0.0038063922,0,Low
7001953828,0,0.003801759,0,Low
7001197899,0,0.0038011703,0,Low
7001139830,0,0.0038006469,0,Low
7001071117,0,0.0037987444,0,Low
7002219639,0,0.0037975518,0,Low
7000268977,0,0.0037970054,0,Low
7001663973,0,0.0037940089,0,Low
7001131514,0,0.003793117,0,Low
7001634742,0,0.0037917187,0,Low
7001691317,0,0.0037907157,0,Low
7001535928,0,0.003789884,0,Low
7001403847,0,0.0037794507,0,Low
7002374083,0,0.0037750225,0,Low
7001063916,0,0.0037740003,0,Low
7001048014,0,0.0037739682,0,Low
7001591809,0,0.0037734467,0,Low
7000749575,0,0.00377314,0,Low
7000995275,0,0.0037693707,0,Low
7000642789,0,0.0037670543,0,Low
7000815025,0,0.003766709,0,Low
7000920051,0,0.0037663423,0,Low
7001851981,0,0.0037609928,0,Low
7001439537,0,0.0037606177,0,Low
7000260695,0,0.0037593476,0,Low
7000075334,0,0.003755351,0,Low
7001925585,0,0.0037548624,0,Low
7002244543,0,0.0037536141,0,Low
7000227321,0,0.0037514998,0,Low
7000551468,0,0.0037487762,0,Low
7000998774,0,0.0037477822,0,Low
7002214096,0,0.0037455966,0,Low
7000782098,0,0.0037377938,0,Low
7001052103,0,0.0037376406,0,Low
7001327250,0,0.0037359437,0,Low
7002111441,0,0.0037321849,0,Low
7001750574,0,0.003728187,0,Low
7000707284,0,0.0037278237,0,Low
7000053008,0,0.0037276007,0,Low
7000781785,0,0.0037258305,0,Low
7000513531,0,0.0037255012,0,Low
7001845186,0,0.003724176,0,Low
7000651709,0,0.0037233427,0,Low
7000453669,0,0.003718888,0,Low
7000413050,0,0.0037173727,0,Low
7001683776,0,0.0037156052,0,Low
7001109518,0,0.0037152765,0,Low
7000192461,0,0.003714052,0,Low
7001053672,0,0.0037057,0,Low
7000546631,0,0.0037049956,0,Low
7002088970,0,0.0037048692,0,Low
7000242594,0,0.003703896,0,Low
7000680272,0,0.0037037707,0,Low
7000698619,0,0.0037036778,0,Low
7001649841,0,0.0037036722,0,Low
7000787178,0,0.0037014438,0,Low
7000146284,0,0.0037009479,0,Low
7000751020,0,0.0036978684,0,Low
7001503065,0,0.0036961546,0,Low
7002196910,0,0.0036930582,0,Low
7000955892,0,0.003692946,0,Low
7001402694,0,0.0036929213,0,Low
7001751131,0,0.003690559,0,Low
7000519900,0,0.0036887762,0,Low
7000130120,0,0.0036869454,0,Low
7002099397,0,0.003686152,0,Low
7000050123,0,0.0036854115,0,Low
7001391467,0,0.0036839775,0,Low
7001316148,0,0.0036811384,0,Low
7001512473,0,0.0036792695,0,Low
7000749983,0,0.003669736,0,Low
7000305454,0,0.0036683904,0,Low
7000242490,0,0.0036668465,0,Low
7000796652,0,0.0036658796,0,Low
7000643889,0,0.0036627965,0,Low
7000028272,0,0.0036569717,0,Low
7002059682,0,0.0036567526,0,Low
7002135237,0,0.0036549724,0,Low
7000196015,0,0.0036505922,0,Low
7002005726,0,0.003646044,0,Low
7000639972,0,0.0036436873,0,Low
7001777675,0,0.0036409548,0,Low
7000928056,0,0.0036409548,0,Low
7000038589,0,0.0036408752,0,Low
7001259335,0,0.0036402526,0,Low
7000344485,0,0.0036402093,0,Low
7000886604,0,0.0036396838,0,Low
7000801309,0,0.0036359662,0,Low
7000996198,0,0.0036355306,0,Low
7002019875,0,0.003626729,0,Low
7001962890,0,0.0036264788,0,Low
7001509068,0,0.0036261638,0,Low
7000084324,0,0.0036248253,0,Low
7000814446,0,0.0036247496,0,Low
7001938226,0,0.0036220897,0,Low
7000715829,0,0.0036217852,0,Low
7000194719,0,0.003621381,0,Low
7000451851,0,0.0036208115,0,Low
7001580693,0,0.0036189505,0,Low
7000514208,0,0.0036160322,0,Low
7000877662,0,0.0036152955,0,Low
7000775709,0,0.0036148056,0,Low
7002027876,0,0.0036145844,0,Low
7000213212,0,0.0036129102,0,Low
7002310038,0,0.0036128364,0,Low
7000710537,0,0.0036128126,0,Low
7000611906,0,0.0036081295,0,Low
7000939704,0,0.0036079613,0,Low
7002082471,0,0.003607106,0,Low
7001411360,0,0.0036042691,0,Low
7001140632,0,0.0035980241,0,Low
7002196665,0,0.0035952216,0,Low
7001488545,0,0.0035933363,0,Low
7000361426,0,0.0035907489,0,Low
7002260995,0,0.003586316,0,Low
7000233083,0,0.0035842734,0,Low
7002121962,0,0.003580818,0,Low
7000012706,0,0.0035792666,0,Low
7000770304,0,0.0035761439,0,Low
7000490746,0,0.0035686044,0,Low
7000836317,0,0.0035651182,0,Low
7000603259,0,0.003564148,0,Low
7001992762,0,0.003563359,0,Low
7000045737,0,0.0035605866,0,Low
7001441657,0,0.0035599186,0,Low
7000256516,0,0.0035597729,0,Low
7001423668,0,0.003558816,0,Low
7002063215,0,0.003558359,0,Low
7001003457,0,0.0035549218,0,Low
7000981632,0,0.0035546704,0,Low
7000349800,0,0.0035524315,0,Low
7001289497,0,0.003551019,0,Low
7002285933,0,0.0035485765,0,Low
7001380627,0,0.003545457,0,Low
7001508555,0,0.0035424444,0,Low
7000344578,0,0.0035405883,0,Low
7000894677,0,0.0035376188,0,Low
7002027512,0,0.0035345408,0,Low
7000104554,0,0.0035336677,0,Low
7000929240,0,0.0035323177,0,Low
7000248481,0,0.0035314905,0,Low
7002341544,0,0.0035309333,0,Low
7000925468,0,0.0035292443,0,Low
7001218590,0,0.003528666,0,Low
7001016663,0,0.0035278392,0,Low
7000776347,0,0.0035264918,0,Low
7001768114,0,0.003525917,0,Low
7002016912,0,0.003525036,0,Low
7000370131,0,0.0035245202,0,Low
7000032200,0,0.0035240194,0,Low
7002388755,0,0.0035217276,0,Low
7002128240,0,0.0035208461,0,Low
7001705010,0,0.0035201905,0,Low
7001858654,0,0.0035167646,0,Low
7000119364,0,0.0035167213,0,Low
7000700830,0,0.0035143609,0,Low
7000676058,0,0.0035139034,0,Low
7001939905,0,0.0035127802,0,Low
7002381518,0,0.003509977,0,Low
7001929092,0,0.0035094048,0,Low
7001287662,0,0.0035047904,0,Low
7002207877,0,0.0034994038,0,Low
7000481049,0,0.0034978762,0,Low
7001338424,0,0.0034976366,0,Low
7000156424,0,0.0034913467,0,Low
7001158080,0,0.0034904727,0,Low
7001852990,0,0.0034855818,0,Low
7002327478,0,0.0034855087,0,Low
7001406589,0,0.0034835353,0,Low
7001183848,0,0.003482726,0,Low
7000866491,0,0.0034813571,0,Low
7002281891,0,0.0034792074,0,Low
7001734185,0,0.0034787247,0,Low
7000503025,0,0.0034772507,0,Low
7000191818,0,0.003474791,0,Low
7000087541,0,0.0034747599,0,Low
7000344718,0,0.0034721075,0,Low
7001452843,0,0.0034698644,0,Low
7000971044,0,0.00346949,0,Low
7000082098,0,0.0034688173,0,Low
7002005139,0,0.0034650862,0,Low
7001801918,0,0.0034644224,0,Low
7002173692,0,0.0034611446,0,Low
7001953004,0,0.0034601977,0,Low
7000723938,0,0.0034597963,0,Low
7001922470,0,0.003459295,0,Low
7000493079,0,0.003457489,0,Low
7000464901,0,0.0034550994,0,Low
7000269332,0,0.0034520878,0,Low
7000663559,0,0.0034503657,0,Low
7001966518,0,0.0034483103,0,Low
7001165582,0,0.0034460397,0,Low
7000908619,0,0.003443537,0,Low
7000138615,0,0.003442683,0,Low
7000064286,0,0.0034419321,0,Low
7000075335,0,0.0034407843,0,Low
7001140303,0,0.0034398376,0,Low
7000679246,0,0.0034388276,0,Low
7000208203,0,0.0034363756,0,Low
7001004675,0,0.0034347922,0,Low
7002098247,0,0.003434624,0,Low
7002078773,0,0.003433666,0,Low
7002294493,0,0.0034299705,0,Low
7001042501,0,0.003428996,0,Low
7000677826,0,0.0034272792,0,Low
7000803255,0,0.0034246854,0,Low
7000343185,0,0.0034232165,0,Low
7001358779,0,0.0034230894,0,Low
7001562879,0,0.0034223397,0,Low
7000995751,0,0.0034206,0,Low
7000282472,0,0.0034201771,0,Low
7000715221,0,0.0034199613,0,Low
7000383191,0,0.003419628,0,Low
7001962316,0,0.0034179676,0,Low
7001362290,0,0.0034154104,0,Low
7001932733,0,0.0034143508,0,Low
7001858512,0,0.0034142616,0,Low
7002056269,0,0.003413929,0,Low
7001681249,0,0.0034112078,0,Low
7001266276,0,0.0034089598,0,Low
7000319522,0,0.0034074506,0,Low
7001334993,0,0.0034063514,0,Low
7001391653,0,0.0034044757,0,Low
7001918691,0,0.00340444,0,Low
7001801159,0,0.0034027272,0,Low
7001923120,0,0.003399653,0,Low
7000527800,0,0.003397579,0,Low
7002141093,0,0.0033971868,0,Low
7001266412,0,0.0033946887,0,Low
7000862388,0,0.0033933113,0,Low
7001432955,0,0.0033911818,0,Low
7000828980,0,0.0033906614,0,Low
7000195882,0,0.0033894577,0,Low
7000046347,0,0.003387875,0,Low
7001681226,0,0.0033877655,0,Low
7002160332,0,0.003386922,0,Low
7002263064,0,0.0033843108,0,Low
7002306901,0,0.0033815163,0,Low
7001281727,0,0.0033807664,0,Low
7000595830,0,0.003378967,0,Low
7000039766,0,0.0033775177,0,Low
7001658160,0,0.0033770504,0,Low
7001392461,0,0.003376439,0,Low
7001425259,0,0.00337603,0,Low
7001739315,0,0.0033753596,0,Low
7000289350,0,0.0033739898,0,Low
7000032701,0,0.0033724539,0,Low
7001396012,0,0.0033717058,0,Low
7001901555,0,0.0033706257,0,Low
7001274507,0,0.0033704417,0,Low
7001131819,0,0.0033700156,0,Low
7000450764,0,0.0033695751,0,Low
7002330133,0,0.0033683889,0,Low
7001954812,0,0.0033682704,0,Low
7001910746,0,0.003365339,0,Low
7001111880,0,0.003365037,0,Low
7000856315,0,0.0033641271,0,Low
7000641154,0,0.0033624314,0,Low
7002241420,0,0.003360361,0,Low
7001183838,0,0.0033595993,0,Low
7001751913,0,0.003357831,0,Low
7000806379,0,0.0033566246,0,Low
7002338953,0,0.003353724,0,Low
7002085452,0,0.0033497864,0,Low
7001828336,0,0.0033489333,0,Low
7001076231,0,0.0033476062,0,Low
7000591076,0,0.0033469812,0,Low
7002111236,0,0.0033463736,0,Low
7000029497,0,0.0033429323,0,Low
7000411121,0,0.0033428862,0,Low
7001608708,0,0.0033411568,0,Low
7000045618,0,0.003338593,0,Low
7000476594,0,0.00333839,0,Low
7000292626,0,0.0033339316,0,Low
7001680380,0,0.003333396,0,Low
7000142300,0,0.003331494,0,Low
7001595009,0,0.003331228,0,Low
7000676118,0,0.003329927,0,Low
7001588767,0,0.0033297183,0,Low
7001853015,0,0.0033259033,0,Low
7002074850,0,0.0033255226,0,Low
7000741544,0,0.0033231068,0,Low
7002042933,0,0.0033198646,0,Low
7000744276,0,0.0033164518,0,Low
7000233320,0,0.0033158497,0,Low
7000611118,0,0.0033156797,0,Low
7002366131,0,0.0033118008,0,Low
7001722270,0,0.0033106802,0,Low
7002131250,0,0.0033079279,0,Low
7000552074,0,0.0033031772,0,Low
7001973864,0,0.0032991262,0,Low
7000453591,0,0.0032983627,0,Low
7000603633,0,0.0032915634,0,Low
7000198414,0,0.003289219,0,Low
7000708321,0,0.003288061,0,Low
7001887861,0,0.0032861864,0,Low
7002340995,0,0.003283498,0,Low
7000521548,0,0.0032830732,0,Low
7001433371,0,0.0032827365,0,Low
7000589874,0,0.0032825728,0,Low
7001892232,0,0.0032803018,0,Low
7001007172,0,0.0032739718,0,Low
7002403052,0,0.0032722405,0,Low
7001853739,0,0.003266181,0,Low
7001016795,0,0.003265352,0,Low
7001426094,0,0.0032642984,0,Low
7000028817,0,0.0032640733,0,Low
7001136565,0,0.0032601168,0,Low
7001175330,0,0.0032576881,0,Low
7002270296,0,0.0032575706,0,Low
7001420223,0,0.003257366,0,Low
7002291794,0,0.0032552907,0,Low
7001402241,0,0.0032547012,0,Low
7000248704,0,0.0032540672,0,Low
7000411812,0,0.0032535011,0,Low
7001043802,0,0.0032518299,0,Low
7000085686,0,0.0032514343,0,Low
7001718528,0,0.003245942,0,Low
7000408535,0,0.0032426682,0,Low
7000095963,0,0.0032374326,0,Low
7000128633,0,0.0032359816,0,Low
7001409249,0,0.003235036,0,Low
7000340460,0,0.0032334772,0,Low
7001217112,0,0.0032312342,0,Low
7000688572,0,0.003230941,0,Low
7000367400,0,0.0032274122,0,Low
7002041984,0,0.0032268157,0,Low
7001068119,0,0.0032245817,0,Low
7000288005,0,0.003222452,0,Low
7000290680,0,0.00322193,0,Low
7002199461,0,0.0032212255,0,Low
7001154493,0,0.0032193093,0,Low
7000379112,0,0.0032164077,0,Low
7000182588,0,0.0032160534,0,Low
7000453552,0,0.003215425,0,Low
7000339011,0,0.003213778,0,Low
7002295103,0,0.0032121607,0,Low
7001582859,0,0.003211385,0,Low
7000663037,0,0.0032101672,0,Low
7000027920,0,0.003209714,0,Low
7002169959,0,0.0032076156,0,Low
7000919776,0,0.0032057548,0,Low
7000695470,0,0.0032051073,0,Low
7000895494,0,0.0032020968,0,Low
7001119488,0,0.003200356,0,Low
7000914624,0,0.0032002057,0,Low
7001320191,0,0.0031920583,0,Low
7000522431,0,0.0031919428,0,Low
7001668345,0,0.0031909174,0,Low
7000172733,0,0.0031882646,0,Low
7001221655,0,0.003185668,0,Low
7002303413,0,0.0031851213,0,Low
7001026557,0,0.0031816866,0,Low
7000783385,0,0.0031802685,0,Low
7001498068,0,0.003179218,0,Low
7000040349,0,0.0031778037,0,Low
7000242500,0,0.0031771287,0,Low
7000309990,0,0.0031762316,0,Low
7000668515,0,0.0031749501,0,Low
7000382742,0,0.0031745306,0,Low
7000106299,0,0.0031738759,0,Low
7000452620,0,0.0031705857,0,Low
7000239979,0,0.003170375,0,Low
7001926429,0,0.003168713,0,Low
7000304038,0,0.0031686632,0,Low
7000408638,0,0.0031667256,0,Low
7000309135,0,0.003165812,0,Low
7000955268,0,0.0031652418,0,Low
7000487530,0,0.0031619351,0,Low
7001218086,0,0.0031613626,0,Low
7001665245,0,0.0031596094,0,Low
7000007913,0,0.003159261,0,Low
7001845674,0,0.003158489,0,Low
7000907400,0,0.0031543048,0,Low
7000198925,0,0.0031530515,0,Low
7000361561,0,0.0031485166,0,Low
7000535819,0,0.003147981,0,Low
7002175165,0,0.0031462724,0,Low
7000874902,0,0.0031452077,0,Low
7002376576,0,0.0031424968,0,Low
7001092788,0,0.0031422444,0,Low
7001313324,0,0.00314201,0,Low
7001285209,0,0.0031408453,0,Low
7000970110,0,0.003140514,0,Low
7000003625,0,0.0031399513,0,Low
7000399822,0,0.0031360849,0,Low
7000435085,0,0.0031351577,0,Low
7001918832,0,0.0031349491,0,Low
7002409051,0,0.0031284674,0,Low
7002111466,0,0.0031271412,0,Low
7001344607,0,0.003123628,0,Low
7001953812,0,0.003121986,0,Low
7000980158,0,0.0031203066,0,Low
7000071974,0,0.0031131064,0,Low
7000568387,0,0.0031121622,0,Low
7001558807,0,0.003110843,0,Low
7002368596,0,0.0031087408,0,Low
7001562147,0,0.0031074747,0,Low
7001848225,0,0.0031022765,0,Low
7001044853,0,0.0031022145,0,Low
7000347770,0,0.003102166,0,Low
7001516405,0,0.0031014464,0,Low
7002232107,0,0.003101221,0,Low
7001340468,0,0.0030971947,0,Low
7000400703,0,0.0030967398,0,Low
7001413209,0,0.0030943423,0,Low
7001536285,0,0.003093625,0,Low
7001254571,0,0.0030922764,0,Low
7002205199,0,0.003091111,0,Low
7000277593,0,0.0030906529,0,Low
7000249553,0,0.0030899532,0,Low
7000122267,0,0.003089714,0,Low
7001338323,0,0.0030890943,0,Low
7001669665,0,0.0030884175,0,Low
7000137382,0,0.0030874661,0,Low
7000676409,0,0.0030868526,0,Low
7000635541,0,0.003081012,0,Low
7001412233,0,0.0030809871,0,Low
7001233183,0,0.0030799184,0,Low
7000757865,0,0.0030783375,0,Low
7001272004,0,0.0030732318,0,Low
7000729692,0,0.0030710455,0,Low
7001972243,0,0.0030650569,0,Low
7001391239,0,0.0030644918,0,Low
7000674461,0,0.0030609085,0,Low
7001990983,0,0.0030607122,0,Low
7000208973,0,0.0030606294,0,Low
7000221751,0,0.0030593202,0,Low
7001372797,0,0.003058324,0,Low
7000962066,0,0.0030566207,0,Low
7001033464,0,0.0030557038,0,Low
7000629275,0,0.0030556023,0,Low
7000085692,0,0.0030547555,0,Low
7001354309,0,0.0030545841,0,Low
7002048324,0,0.0030543313,0,Low
7001861616,0,0.003054311,0,Low
7001186421,0,0.0030517175,0,Low
7002135374,0,0.0030515362,0,Low
7000396978,0,0.0030502512,0,Low
7000065000,0,0.0030489855,0,Low
7000518651,0,0.0030485436,0,Low
7001628607,0,0.0030464588,0,Low
7000894769,0,0.003046197,0,Low
7000421244,0,0.003044319,0,Low
7002148389,0,0.003043755,0,Low
7001526752,0,0.003040842,0,Low
7000360314,0,0.0030392741,0,Low
7001831865,0,0.00303396,0,Low
7000811633,0,0.0030323854,0,Low
7000489404,0,0.003032198,0,Low
7001158471,0,0.0030296564,0,Low
7001129427,0,0.0030283288,0,Low
7001423393,0,0.0030253446,0,Low
7001349209,0,0.003020319,0,Low
7000750085,0,0.0030186023,0,Low
7001143280,0,0.00301737,0,Low
7000222537,0,0.0030118034,0,Low
7002270508,0,0.0030110748,0,Low
7000361726,0,0.0030101473,0,Low
7001143275,0,0.0030084548,0,Low
7002300624,0,0.0030078415,0,Low
7002056330,0,0.0030066762,0,Low
7000510396,0,0.0030060303,0,Low
7001771286,0,0.0030052986,0,Low
7000242070,0,0.0030035004,0,Low
7000777217,0,0.0030027165,0,Low
7000195156,0,0.0030023712,0,Low
7000232141,0,0.0029980936,0,Low
7000367247,0,0.0029980864,0,Low
7000597803,0,0.0029970831,0,Low
7000781426,0,0.0029970831,0,Low
7000583224,0,0.0029957984,0,Low
7000761550,0,0.0029916482,0,Low
7001532742,0,0.002990316,0,Low
7001521068,0,0.0029896179,0,Low
7001882263,0,0.0029886032,0,Low
7001640529,0,0.002987944,0,Low
7000289072,0,0.0029834032,0,Low
7002164380,0,0.0029833238,0,Low
7000367416,0,0.0029822278,0,Low
7000615180,0,0.0029805608,0,Low
7001205239,0,0.0029782888,0,Low
7001053595,0,0.0029776008,0,Low
7001987017,0,0.002977176,0,Low
7001019651,0,0.002975068,0,Low
7000749191,0,0.0029748671,0,Low
7000882182,0,0.0029738236,0,Low
7000862838,0,0.002973815,0,Low
7002078460,0,0.0029735577,0,Low
7000238074,0,0.002972974,0,Low
7000505394,0,0.00297293,0,Low
7002281171,0,0.0029707458,0,Low
7000329156,0,0.0029686391,0,Low
7000357834,0,0.002964252,0,Low
7001454229,0,0.0029621497,0,Low
7000334732,0,0.0029599539,0,Low
7000085284,0,0.002957221,0,Low
7000145088,0,0.002955891,0,Low
7000200418,0,0.002955135,0,Low
7000964496,0,0.0029542882,0,Low
7000800760,0,0.0029498334,0,Low
7001101111,0,0.0029479377,0,Low
7000227450,0,0.0029460716,0,Low
7000720755,0,0.0029452927,0,Low
7002213343,0,0.002944387,0,Low
7000671838,0,0.0029440245,0,Low
7000258423,0,0.0029414892,0,Low
7000899081,0,0.0029407649,0,Low
7002051147,0,0.002938818,0,Low
7000430082,0,0.002935651,0,Low
7002241107,0,0.0029339264,0,Low
7002175480,0,0.00293283,0,Low
7001451098,0,0.002930076,0,Low
7000054403,0,0.0029285734,0,Low
7000549163,0,0.0029280486,0,Low
7000071637,0,0.002927304,0,Low
7001898291,0,0.002926466,0,Low
7000023313,0,0.0029251515,0,Low
7002354908,0,0.002923458,0,Low
7001151824,0,0.0029218225,0,Low
7001814827,0,0.0029203768,0,Low
7001274313,0,0.0029192248,0,Low
7002229650,0,0.0029191899,0,Low
7000858811,0,0.002914698,0,Low
7002080773,0,0.0029117228,0,Low
7000524638,0,0.0029115512,0,Low
7000458936,0,0.0029084547,0,Low
7000078474,0,0.002908409,0,Low
7001923290,0,0.0029079611,0,Low
7001508494,0,0.002905649,0,Low
7001588024,0,0.002903187,0,Low
7000330370,0,0.0029012784,0,Low
7000512837,0,0.0028980924,0,Low
7001453798,0,0.0028978072,0,Low
7000371240,0,0.002897606,0,Low
7002151913,0,0.0028956502,0,Low
7000110512,0,0.0028952097,0,Low
7002076793,0,0.0028944802,0,Low
7002317782,0,0.0028925391,0,Low
7001799376,0,0.0028924388,0,Low
7000403646,0,0.0028916467,0,Low
7001674202,0,0.0028882006,0,Low
7001336467,0,0.0028868306,0,Low
7001933094,0,0.002886431,0,Low
7002146356,0,0.0028836397,0,Low
7000123521,0,0.0028826827,0,Low
7000449882,0,0.0028811235,0,Low
7001772987,0,0.0028800045,0,Low
7001326469,0,0.0028782962,0,Low
7000219311,0,0.0028766515,0,Low
7002380920,0,0.002875135,0,Low
7000097997,0,0.0028733232,0,Low
7000977547,0,0.0028724489,0,Low
7001704152,0,0.002871086,0,Low
7002120964,0,0.002869612,0,Low
7001225412,0,0.0028695003,0,Low
7002124408,0,0.0028694128,0,Low
7000600853,0,0.0028659974,0,Low
7002109940,0,0.0028617627,0,Low
7000362926,0,0.0028575624,0,Low
7000952098,0,0.00285667,0,Low
7001307904,0,0.0028557545,0,Low
7000236662,0,0.0028556227,0,Low
7000252917,0,0.0028550755,0,Low
7000072332,0,0.0028543754,0,Low
7000594805,0,0.0028541528,0,Low
7000938465,0,0.0028538757,0,Low
7001100607,0,0.00285267,0,Low
7001334426,0,0.0028500017,0,Low
7000603714,0,0.0028465902,0,Low
7000456168,0,0.0028449001,0,Low
7000215248,0,0.0028445986,0,Low
7001793325,0,0.0028441914,0,Low
7000197016,0,0.0028414002,0,Low
7001277922,0,0.0028393567,0,Low
7000513590,0,0.0028392666,0,Low
7001113387,0,0.0028388007,0,Low
7000975385,0,0.002836909,0,Low
7000290750,0,0.0028338109,0,Low
7001417092,0,0.0028334982,0,Low
7000805021,0,0.0028327438,0,Low
7001193364,0,0.0028312735,0,Low
7001358650,0,0.0028306784,0,Low
7000007475,0,0.0028298534,0,Low
7000496026,0,0.0028295857,0,Low
7001164850,0,0.002820748,0,Low
7001089524,0,0.002820596,0,Low
7001504396,0,0.0028203363,0,Low
7001492033,0,0.002819679,0,Low
7001771428,0,0.0028189833,0,Low
7002097500,0,0.0028148405,0,Low
7000780786,0,0.00281307,0,Low
7001009116,0,0.0028124095,0,Low
7002235993,0,0.0028106046,0,Low
7001344067,0,0.0028079413,0,Low
7000018378,0,0.00280456,0,Low
7001542891,0,0.0028023645,0,Low
7002271056,0,0.0028023059,0,Low
7000593630,0,0.0028012185,0,Low
7001374833,0,0.0027983524,0,Low
7001006389,0,0.002797655,0,Low
7000987154,0,0.002795336,0,Low
7001703751,0,0.0027946583,0,Low
7000960612,0,0.0027937894,0,Low
7000440242,0,0.0027930653,0,Low
7002400277,0,0.0027895987,0,Low
7002407720,0,0.002787905,0,Low
7000349953,0,0.002787685,0,Low
7000372102,0,0.002782274,0,Low
7000130626,0,0.002780293,0,Low
7001016454,0,0.0027798237,0,Low
7000834144,0,0.0027790675,0,Low
7002253207,0,0.0027763373,0,Low
7000296504,0,0.0027743182,0,Low
7002229144,0,0.0027739634,0,Low
7000735562,0,0.0027737985,0,Low
7000983207,0,0.0027737974,0,Low
7001953785,0,0.0027682157,0,Low
7001066903,0,0.002766209,0,Low
7000830923,0,0.0027604024,0,Low
7000091744,0,0.0027600073,0,Low
7002119108,0,0.0027597304,0,Low
7001100876,0,0.002759119,0,Low
7000451696,0,0.0027561004,0,Low
7001804374,0,0.002755972,0,Low
7000852639,0,0.0027553535,0,Low
7001331557,0,0.0027518258,0,Low
7001460649,0,0.0027501986,0,Low
7001978612,0,0.0027472235,0,Low
7000547029,0,0.002741067,0,Low
7001116770,0,0.002738663,0,Low
7002103773,0,0.0027359752,0,Low
7000780958,0,0.0027342401,0,Low
7000135046,0,0.002733624,0,Low
7000530114,0,0.0027283682,0,Low
7000418879,0,0.0027283682,0,Low
7002298704,0,0.0027283279,0,Low
7000818849,0,0.0027267598,0,Low
7000541004,0,0.0027263877,0,Low
7000546594,0,0.0027262515,0,Low
7000412314,0,0.0027236962,0,Low
7001015564,0,0.0027236587,0,Low
7000776316,0,0.0027232766,0,Low
7001933270,0,0.0027214938,0,Low
7002177362,0,0.0027211676,0,Low
7000170223,0,0.0027193385,0,Low
7000100023,0,0.0027179683,0,Low
7001960585,0,0.0027173387,0,Low
7001260316,0,0.0027160714,0,Low
7001414477,0,0.0027157706,0,Low
7000455953,0,0.002715626,0,Low
7001154414,0,0.0027144342,0,Low
7001410410,0,0.002713043,0,Low
7001027104,0,0.002711757,0,Low
7000146706,0,0.0027092036,0,Low
7001427015,0,0.0027052911,0,Low
7000249831,0,0.0027051908,0,Low
7001508864,0,0.0027026823,0,Low
7001518376,0,0.0026994862,0,Low
7001333420,0,0.002698955,0,Low
7001054884,0,0.002696978,0,Low
7000557691,0,0.0026963302,0,Low
7002408456,0,0.0026960135,0,Low
7000336091,0,0.0026960121,0,Low
7002372068,0,0.0026956429,0,Low
7000250736,0,0.002693516,0,Low
7000530306,0,0.002693316,0,Low
7000919607,0,0.0026930738,0,Low
7000234457,0,0.0026915604,0,Low
7002366734,0,0.0026902617,0,Low
7000854284,0,0.002690168,0,Low
7000758336,0,0.0026900314,0,Low
7001381533,0,0.0026868978,0,Low
7000185374,0,0.0026842656,0,Low
7000443255,0,0.002680941,0,Low
7001509994,0,0.0026777415,0,Low
7000374190,0,0.002672879,0,Low
7001711811,0,0.0026710606,0,Low
7000683154,0,0.0026703137,0,Low
7000192706,0,0.002669279,0,Low
7001565884,0,0.0026661416,0,Low
7000455175,0,0.0026653924,0,Low
7000571919,0,0.0026644405,0,Low
7000481439,0,0.002663484,0,Low
7001616645,0,0.0026628405,0,Low
7001964545,0,0.0026622456,0,Low
7000231239,0,0.0026597336,0,Low
7000677930,0,0.0026592377,0,Low
7001618281,0,0.0026591986,0,Low
7000354196,0,0.0026575436,0,Low
7000393512,0,0.0026552356,0,Low
7000307622,0,0.0026544894,0,Low
7000715214,0,0.0026510214,0,Low
7001141484,0,0.002649199,0,Low
7001970996,0,0.0026491284,0,Low
7002365538,0,0.0026472167,0,Low
7001356603,0,0.002643919,0,Low
7001845922,0,0.0026426292,0,Low
7000171326,0,0.0026418176,0,Low
7001197211,0,0.0026391791,0,Low
7001505187,0,0.002636003,0,Low
7002186669,0,0.0026358562,0,Low
7000160141,0,0.0026357684,0,Low
7001374565,0,0.002635702,0,Low
7000537985,0,0.0026354878,0,Low
7000797779,0,0.002627737,0,Low
7001101344,0,0.002624069,0,Low
7002291646,0,0.0026196912,0,Low
7001253336,0,0.0026193708,0,Low
7000145218,0,0.0026185713,0,Low
7001655487,0,0.0026178018,0,Low
7000630392,0,0.0026176698,0,Low
7000849843,0,0.0026175603,0,Low
7001243008,0,0.002617289,0,Low
7002107911,0,0.0026170723,0,Low
7000355565,0,0.0026148676,0,Low
7000039715,0,0.0026123158,0,Low
7001439941,0,0.0026106057,0,Low
7001999882,0,0.0026085267,0,Low
7000770807,0,0.0026076746,0,Low
7001008244,0,0.002607248,0,Low
7000596060,0,0.0026030578,0,Low
7000993831,0,0.002601527,0,Low
7000260990,0,0.002599025,0,Low
7001419863,0,0.0025976533,0,Low
7002024818,0,0.0025959045,0,Low
7002017927,0,0.0025956873,0,Low
7001255087,0,0.002594105,0,Low
7000709610,0,0.0025886588,0,Low
7001662896,0,0.0025869457,0,Low
7001194483,0,0.0025849002,0,Low
7000557777,0,0.002583632,0,Low
7001537647,0,0.0025835608,0,Low
7000018926,0,0.0025834464,0,Low
7000775258,0,0.0025800157,0,Low
7000382678,0,0.0025798907,0,Low
7001053683,0,0.0025794045,0,Low
7001946634,0,0.0025775603,0,Low
7000422607,0,0.0025751279,0,Low
7000273002,0,0.0025732205,0,Low
7001944199,0,0.0025728876,0,Low
7000915510,0,0.002572857,0,Low
7000134967,0,0.002568171,0,Low
7000498096,0,0.002566907,0,Low
7002148082,0,0.0025643578,0,Low
7001323079,0,0.0025637005,0,Low
7001646625,0,0.0025607075,0,Low
7001576756,0,0.00255959,0,Low
7002384718,0,0.0025595753,0,Low
7001996283,0,0.0025593792,0,Low
7002103919,0,0.0025586842,0,Low
7002366806,0,0.0025573606,0,Low
7001082981,0,0.0025567561,0,Low
7001944192,0,0.0025519547,0,Low
7001767727,0,0.002548664,0,Low
7002142254,0,0.00254815,0,Low
7001584980,0,0.0025472254,0,Low
7001760245,0,0.0025463982,0,Low
7000434753,0,0.002540485,0,Low
7001329748,0,0.0025323853,0,Low
7000867604,0,0.0025301964,0,Low
7001602955,0,0.0025297091,0,Low
7000774843,0,0.0025274975,0,Low
7001075679,0,0.0025266067,0,Low
7000165305,0,0.002525869,0,Low
7000369817,0,0.002518694,0,Low
7000554780,0,0.002515545,0,Low
7000315129,0,0.0025121276,0,Low
7001044475,0,0.002511939,0,Low
7002122680,0,0.0025116534,0,Low
7001960020,0,0.0025084442,0,Low
7000009907,0,0.002508282,0,Low
7002195321,0,0.0025077392,0,Low
7002362183,0,0.0025059376,0,Low
7001879432,0,0.0025055513,0,Low
7000228995,0,0.0025042647,0,Low
7000165926,0,0.0025014707,0,Low
7000491215,0,0.002500714,0,Low
7000234937,0,0.0024999066,0,Low
7000826928,0,0.0024992242,0,Low
7000499678,0,0.0024985455,0,Low
7002272609,0,0.0024981296,0,Low
7001416948,0,0.002496773,0,Low
7000095285,0,0.0024950872,0,Low
7001068614,0,0.0024938697,0,Low
7002364163,0,0.0024883682,0,Low
7000310696,0,0.0024875104,0,Low
7001568544,0,0.0024867284,0,Low
7000445623,0,0.0024860566,0,Low
7000616492,0,0.0024855908,0,Low
7000469710,0,0.0024851912,0,Low
7001030331,0,0.0024850506,0,Low
7000714253,0,0.0024812438,0,Low
7000693427,0,0.002479599,0,Low
7000679279,0,0.0024783374,0,Low
7001862371,0,0.0024770577,0,Low
7000615582,0,0.0024717553,0,Low
7001320166,0,0.0024669901,0,Low
7000508580,0,0.0024645822,0,Low
7002389607,0,0.002463123,0,Low
7000931729,0,0.0024578553,0,Low
7000028231,0,0.0024577102,0,Low
7001688917,0,0.0024549048,0,Low
7001238664,0,0.0024529253,0,Low
7000528833,0,0.0024525963,0,Low
7002332905,0,0.0024517984,0,Low
7000511788,0,0.00245032,0,Low
7000747278,0,0.0024481893,0,Low
7000918138,0,0.0024472333,0,Low
7000391948,0,0.002446676,0,Low
7001674925,0,0.002446108,0,Low
7000296203,0,0.0024455355,0,Low
7002112320,0,0.0024425897,0,Low
7000186477,0,0.0024392225,0,Low
7001065527,0,0.002438487,0,Low
7000461260,0,0.0024376183,0,Low
7000308046,0,0.002434579,0,Low
7000872468,0,0.0024345408,0,Low
7001683979,0,0.0024324616,0,Low
7000477004,0,0.0024271726,0,Low
7000483249,0,0.0024248555,0,Low
7001499089,0,0.0024231824,0,Low
7001482533,0,0.0024228366,0,Low
7000741878,0,0.0024215379,0,Low
7001949410,0,0.002418254,0,Low
7002281888,0,0.0024180159,0,Low
7001178948,0,0.0024179802,0,Low
7002389609,0,0.002416635,0,Low
7000724954,0,0.0024144826,0,Low
7001953732,0,0.0024142172,0,Low
7002102092,0,0.0024140887,0,Low
7000636307,0,0.0024137248,0,Low
7000851521,0,0.0024085315,0,Low
7001255633,0,0.002408191,0,Low
7000798790,0,0.0024079094,0,Low
7000217565,0,0.0024074453,0,Low
7001385743,0,0.0024004495,0,Low
7000753999,0,0.0023973146,0,Low
7000688871,0,0.0023969498,0,Low
7001943158,0,0.0023953232,0,Low
7000293278,0,0.0023912066,0,Low
7001587951,0,0.0023901877,0,Low
7000865547,0,0.0023895644,0,Low
7002303635,0,0.0023753028,0,Low
7000219377,0,0.00237527,0,Low
7000550714,0,0.0023710728,0,Low
7000058591,0,0.002370175,0,Low
7000978537,0,0.0023693915,0,Low
7000911850,0,0.0023667747,0,Low
7000581847,0,0.0023629114,0,Low
7002346834,0,0.002360148,0,Low
7001223188,0,0.0023561195,0,Low
7000063478,0,0.0023531658,0,Low
7000669871,0,0.0023529474,0,Low
7000378914,0,0.002350208,0,Low
7002187023,0,0.0023489827,0,Low
7000329599,0,0.0023473161,0,Low
7002408423,0,0.0023461718,0,Low
7001253241,0,0.0023408094,0,Low
7000123437,0,0.0023356215,0,Low
7000219033,0,0.0023337333,0,Low
7000197053,0,0.0023316327,0,Low
7002238800,0,0.0023271313,0,Low
7000987977,0,0.0023222566,0,Low
7000181191,0,0.0023214412,0,Low
7000667472,0,0.002321154,0,Low
7000131612,0,0.0023204498,0,Low
7000460615,0,0.0023193462,0,Low
7001786332,0,0.0023189136,0,Low
7000851663,0,0.0023157927,0,Low
7000512739,0,0.002314961,0,Low
7000740523,0,0.0023022583,0,Low
7000276965,0,0.0023016527,0,Low
7000588712,0,0.0023013756,0,Low
7001358405,0,0.0022987374,0,Low
7001916279,0,0.002298406,0,Low
7000674062,0,0.0022978517,0,Low
7000132924,0,0.0022969698,0,Low
7000771992,0,0.0022959865,0,Low
7000547813,0,0.0022957386,0,Low
7001496147,0,0.002292593,0,Low
7000548399,0,0.002292159,0,Low
7001344616,0,0.0022898668,0,Low
7002377585,0,0.0022893287,0,Low
7001601299,0,0.0022887231,0,Low
7000562467,0,0.002278176,0,Low
7001613923,0,0.002275782,0,Low
7000689596,0,0.0022753975,0,Low
7000729875,0,0.0022722126,0,Low
7002285199,0,0.0022679672,0,Low
7001959652,0,0.0022678205,0,Low
7001294253,0,0.0022645008,0,Low
7000410093,0,0.0022608398,0,Low
7002341702,0,0.0022602074,0,Low
7000670087,0,0.0022596247,0,Low
7000173073,0,0.0022590326,0,Low
7000635669,0,0.0022582372,0,Low
7000344163,0,0.0022577655,0,Low
7000438941,0,0.0022574284,0,Low
7000986481,0,0.0022570696,0,Low
7000412602,0,0.0022526777,0,Low
7001156794,0,0.0022512334,0,Low
7001231996,0,0.002250468,0,Low
7000520248,0,0.0022497633,0,Low
7000581624,0,0.0022481917,0,Low
7000933502,0,0.002240044,0,Low
7000445073,0,0.0022375165,0,Low
7002003272,0,0.0022366769,0,Low
7000110277,0,0.0022323458,0,Low
7002239628,0,0.0022315832,0,Low
7000458395,0,0.0022314135,0,Low
7000638530,0,0.002230387,0,Low
7001533494,0,0.0022248758,0,Low
7000932881,0,0.0022233902,0,Low
7000846946,0,0.0022224393,0,Low
7000081986,0,0.0022214593,0,Low
7001945430,0,0.0022201026,0,Low
7000944420,0,0.002219492,0,Low
7000124537,0,0.0022183035,0,Low
7000284973,0,0.0022179836,0,Low
7001783871,0,0.0022170162,0,Low
7001901116,0,0.0022165384,0,Low
7000270775,0,0.0022161494,0,Low
7002038593,0,0.00221581,0,Low
7001917896,0,0.0022137277,0,Low
7000306130,0,0.002210773,0,Low
7000223802,0,0.0022046557,0,Low
7000447356,0,0.0021998514,0,Low
7000503147,0,0.0021941462,0,Low
7001147775,0,0.0021938216,0,Low
7002045566,0,0.002191248,0,Low
7001118954,0,0.0021904756,0,Low
7000273443,0,0.0021867403,0,Low
7001171708,0,0.002178987,0,Low
7000672908,0,0.002172176,0,Low
7000297999,0,0.002169512,0,Low
7002305309,0,0.0021658465,0,Low
7000936513,0,0.0021646938,0,Low
7000659596,0,0.002163312,0,Low
7000795741,0,0.0021615042,0,Low
7000754503,0,0.0021579599,0,Low
7002174955,0,0.0021574711,0,Low
7000220689,0,0.0021473803,0,Low
7002204290,0,0.0021468317,0,Low
7000249140,0,0.002145638,0,Low
7002032389,0,0.0021451795,0,Low
7000719265,0,0.0021378256,0,Low
7000492509,0,0.0021376456,0,Low
7000298782,0,0.0021359762,0,Low
7000796442,0,0.0021358898,0,Low
7000820825,0,0.0021337708,0,Low
7000235855,0,0.0021325327,0,Low
7001637169,0,0.002132142,0,Low
7001878304,0,0.0021316125,0,Low
7000467677,0,0.0021289487,0,Low
7000893552,0,0.002127631,0,Low
7000068810,0,0.0021270874,0,Low
7000476454,0,0.0021266392,0,Low
7000400904,0,0.0021254173,0,Low
7000124510,0,0.0021253799,0,Low
7000041735,0,0.0021162038,0,Low
7000684118,0,0.0021149153,0,Low
7001210703,0,0.0021149134,0,Low
7000869130,0,0.0021088247,0,Low
7000246104,0,0.0021059567,0,Low
7000034649,0,0.0021007913,0,Low
7000277188,0,0.0021000546,0,Low
7000177325,0,0.0020943116,0,Low
7000494481,0,0.0020942797,0,Low
7000854312,0,0.0020939521,0,Low
7001679576,0,0.0020881153,0,Low
7001985190,0,0.002087688,0,Low
7000404030,0,0.0020841705,0,Low
7001033354,0,0.0020836717,0,Low
7001391517,0,0.0020749064,0,Low
7000213239,0,0.002073056,0,Low
7000652685,0,0.0020676285,0,Low
7001840261,0,0.0020672588,0,Low
7000727425,0,0.0020577407,0,Low
7000819968,0,0.002057314,0,Low
7000117054,0,0.0020552306,0,Low
7001171344,0,0.002049565,0,Low
7000054967,0,0.002047594,0,Low
7000241117,0,0.0020472344,0,Low
7000659189,0,0.0020459986,0,Low
7001962700,0,0.0020431576,0,Low
7002291689,0,0.0020400663,0,Low
7000419396,0,0.0020343203,0,Low
7000173009,0,0.0020289682,0,Low
7001119903,0,0.0020269202,0,Low
7001487016,0,0.0020239123,0,Low
7001841250,0,0.002014178,0,Low
7001386729,0,0.0020116025,0,Low
7001427610,0,0.002011165,0,Low
7000970202,0,0.0020110798,0,Low
7000566095,0,0.0020109708,0,Low
7000857188,0,0.002007305,0,Low
7001714544,0,0.0020018427,0,Low
7000378397,0,0.002001698,0,Low
7000927932,0,0.002001574,0,Low
7000473116,0,0.0019980064,0,Low
7002340456,0,0.0019971698,0,Low
7000199802,0,0.00198124,0,Low
7000796649,0,0.0019777995,0,Low
7000187447,0,0.001975994,0,Low
7000696241,0,0.001974105,0,Low
7000986343,0,0.0019727459,0,Low
7000296661,0,0.001971872,0,Low
7001456126,0,0.001967885,0,Low
7001798366,0,0.0019661272,0,Low
7000934370,0,0.0019659044,0,Low
7000964285,0,0.0019643053,0,Low
7001396598,0,0.0019624943,0,Low
7001064709,0,0.0019612778,0,Low
7001667247,0,0.0019553069,0,Low
7002044627,0,0.0019533155,0,Low
7000425964,0,0.0019517711,0,Low
7000517729,0,0.0019515584,0,Low
7000164120,0,0.001949726,0,Low
7001399408,0,0.0019490961,0,Low
7001885871,0,0.0019471825,0,Low
7001923027,0,0.0019397923,0,Low
7000255601,0,0.0019382649,0,Low
7001363424,0,0.0019309436,0,Low
7002353005,0,0.0019230383,0,Low
7000746562,0,0.0019222257,0,Low
7000661216,0,0.0019215534,0,Low
7000555373,0,0.0019114345,0,Low
7000302768,0,0.0019103723,0,Low
7001597423,0,0.0019025935,0,Low
7002142157,0,0.0018894192,0,Low
7001238487,0,0.0018705665,0,Low
7001781055,0,0.0018701409,0,Low
7000499060,0,0.0018700983,0,Low
7001479572,0,0.0018645215,0,Low
7001579518,0,0.0018634578,0,Low
7002090778,0,0.0018555713,0,Low
7000452335,0,0.0018545991,0,Low
7000014561,0,0.0018529958,0,Low
7001980180,0,0.0018478051,0,Low
7000795516,0,0.0018472027,0,Low
7000794487,0,0.0018447855,0,Low
7000934643,0,0.0018388228,0,Low
7000221695,0,0.0018321511,0,Low
7002089879,0,0.0018265375,0,Low
7001107025,0,0.0018204993,0,Low
7000714723,0,0.0018188659,0,Low
7000542424,0,0.0018182936,0,Low
7001169638,0,0.0018117841,0,Low
7001094988,0,0.0018101645,0,Low
7000154412,0,0.0018091489,0,Low
7001620326,0,0.0018089637,0,Low
7002031146,0,0.0018042636,0,Low
7002183008,0,0.0018039941,0,Low
7000350210,0,0.001792452,0,Low
7000214635,0,0.0017878396,0,Low
7001178684,0,0.0017794964,0,Low
7000620059,0,0.0017746995,0,Low
7001522101,0,0.0017731771,0,Low
7001994577,0,0.0017629896,0,Low
7002376851,0,0.001757945,0,Low
7000383347,0,0.0017570633,0,Low
7000613043,0,0.0017506641,0,Low
7000579113,0,0.001747152,0,Low
7000368761,0,0.00173887,0,Low
7000207442,0,0.0017370005,0,Low
7001147090,0,0.0017272359,0,Low
7002267287,0,0.0017124091,0,Low
7000907591,0,0.0017107575,0,Low
7000639861,0,0.0017090515,0,Low
7001297511,0,0.001704522,0,Low
7000961065,0,0.0017033159,0,Low
7001944321,0,0.0017031496,0,Low
7000124669,0,0.0016991437,0,Low
7002305071,0,0.0016978548,0,Low
7000001489,0,0.0016954633,0,Low
7002366671,0,0.0016784758,0,Low
7000057327,0,0.0016727572,0,Low
7000266763,0,0.001666979,0,Low
7000929422,0,0.0016651375,0,Low
7001992602,0,0.0016568351,0,Low
7000383554,0,0.0016553937,0,Low
7000528331,0,0.0016529812,0,Low
7000355414,0,0.0016520779,0,Low
7000671086,0,0.0016514717,0,Low
7000611784,0,0.0016492152,0,Low
7001784394,0,0.001646527,0,Low
7000664549,0,0.0016463998,0,Low
7000589351,0,0.0016442108,0,Low
7001920519,0,0.0016433453,0,Low
7000458988,0,0.0016409336,0,Low
7000440551,0,0.0016400878,0,Low
7000176634,0,0.0016370198,0,Low
7002129482,0,0.0016359634,0,Low
7000051833,0,0.0016326669,0,Low
7000635727,0,0.0016249184,0,Low
7000208834,0,0.0016072569,0,Low
7000095462,0,0.0015980387,0,Low
7002023365,0,0.001591357,0,Low
7000474739,0,0.0015903391,0,Low
7002183491,0,0.0015897964,0,Low
7000808297,0,0.0015880218,0,Low
7000449969,0,0.001587247,0,Low
7000388186,0,0.0015842741,0,Low
7001230153,0,0.0015834633,0,Low
7001684730,0,0.0015798603,0,Low
7002171198,0,0.0015724599,0,Low
7001825260,0,0.0015598016,0,Low
7000353037,0,0.0015568474,0,Low
7002322952,0,0.0015555205,0,Low
7000684745,0,0.0015540052,0,Low
7000033229,0,0.001550024,0,Low
7002393611,0,0.0015451913,0,Low
7000764953,0,0.0015420229,0,Low
7001783123,0,0.0015315834,0,Low
7002342729,0,0.0015304222,0,Low
7002088189,0,0.0015225622,0,Low
7001875566,0,0.0015167899,0,Low
7000317471,0,0.0015105004,0,Low
7001351595,0,0.0014980214,0,Low
7000641413,0,0.0014876031,0,Low
7000417782,0,0.0014866798,0,Low
7001388119,0,0.0014800584,0,Low
7002060683,0,0.001475008,0,Low
7000247887,0,0.0014372666,0,Low
7001291554,0,0.0014319535,0,Low
7001432390,0,0.0014143451,0,Low
7000479801,0,0.0013848909,0,Low
7000564255,0,0.0013799118,0,Low
7002109163,0,0.0013770636,0,Low
7000667084,0,0.0013615219,0,Low
7001002326,0,0.00135728,0,Low
7001826258,0,0.0013411395,0,Low
7000385969,0,0.0013323925,0,Low
7000367440,0,0.0013286397,0,Low
7000158462,0,0.0013135987,0,Low
7000495903,0,0.0013127964,0,Low
7001140432,0,0.0013078955,0,Low
7000029991,0,0.0013020613,0,Low
7000459817,0,0.0013001127,0,Low
7000294538,0,0.0012979308,0,Low
7000501690,0,0.0012743288,0,Low
7002150631,0,0.0012711938,0,Low
7000752382,0,0.0012423256,0,Low
7001804908,0,0.0012384015,0,Low
7000544767,0,0.001232399,0,Low
7000598969,0,0.0012152322,0,Low
7001186100,0,0.0011867892,0,Low
7001242401,0,0.0011692302,0,Low
7000717803,0,0.0011138401,0,Low
7001096493,0,0.0011093229,0,Low
7002401613,0,0.0010606606,0,Low
7000233486,0,0.0010603712,0,Low
7001107178,0,0.0010385138,0,Low
7000777211,0,0.0010306097,0,Low
7000643212,0,0.0008814655,0,Low
7000191817,0,0.00080223806,0,Low
